# Blender 4.4.0
# www.blender.org
mtllib tierod100.mtl
o Air_Force_Part_for_production
v 0.760477 0.049200 0.530480
v 0.757651 0.049518 0.530480
v 0.754967 0.050458 0.530480
v 0.752559 0.051971 0.530480
v 0.750548 0.053982 0.530480
v 0.749035 0.056390 0.530480
v 0.748095 0.059074 0.530480
v 0.747777 0.061900 0.530480
v 0.747777 0.061900 0.469520
v 0.748095 0.059074 0.469520
v 0.749035 0.056390 0.469520
v 0.750548 0.053982 0.469520
v 0.752559 0.051971 0.469520
v 0.754967 0.050458 0.469520
v 0.757651 0.049518 0.469520
v 0.760477 0.049200 0.469520
v 0.747777 0.069520 0.530480
v 0.747777 0.069520 0.469520
v 0.674117 0.049200 0.469520
v 0.676943 0.049518 0.469520
v 0.679627 0.050458 0.469520
v 0.682035 0.051971 0.469520
v 0.684046 0.053982 0.469520
v 0.685559 0.056390 0.469520
v 0.686499 0.059074 0.469520
v 0.686817 0.061900 0.469520
v 0.686817 0.061900 0.530480
v 0.686499 0.059074 0.530480
v 0.685559 0.056390 0.530480
v 0.684046 0.053982 0.530480
v 0.682035 0.051971 0.530480
v 0.679627 0.050458 0.530480
v 0.676943 0.049518 0.530480
v 0.674117 0.049200 0.530480
v 0.686817 0.069520 0.469520
v 0.686817 0.069520 0.530480
v 0.760477 0.155880 0.469520
v 0.757651 0.155562 0.469520
v 0.754967 0.154622 0.469520
v 0.752559 0.153109 0.469520
v 0.750548 0.151098 0.469520
v 0.749035 0.148690 0.469520
v 0.748095 0.146006 0.469520
v 0.747777 0.143180 0.469520
v 0.747777 0.143180 0.530480
v 0.748095 0.146006 0.530480
v 0.749035 0.148690 0.530480
v 0.750548 0.151098 0.530480
v 0.752559 0.153109 0.530480
v 0.754967 0.154622 0.530480
v 0.757651 0.155562 0.530480
v 0.760477 0.155880 0.530480
v 0.747777 0.130480 0.469520
v 0.747777 0.130480 0.530480
v 0.674117 0.155880 0.530480
v 0.676943 0.155562 0.530480
v 0.679627 0.154622 0.530480
v 0.682035 0.153109 0.530480
v 0.684046 0.151098 0.530480
v 0.685559 0.148690 0.530480
v 0.686499 0.146006 0.530480
v 0.686817 0.143180 0.530480
v 0.686817 0.143180 0.469520
v 0.686499 0.146006 0.469520
v 0.685559 0.148690 0.469520
v 0.684046 0.151098 0.469520
v 0.682035 0.153109 0.469520
v 0.679627 0.154622 0.469520
v 0.676943 0.155562 0.469520
v 0.674117 0.155880 0.469520
v 0.686817 0.130480 0.530480
v 0.686817 0.130480 0.469520
v 0.295135 0.100000 0.423800
v 0.295135 0.107587 0.424179
v 0.295135 0.115099 0.425311
v 0.295135 0.122460 0.427185
v 0.295135 0.129599 0.429784
v 0.295135 0.136443 0.433080
v 0.295135 0.142925 0.437041
v 0.295135 0.148980 0.441627
v 0.295135 0.154549 0.446794
v 0.295135 0.159576 0.452490
v 0.295135 0.164010 0.458658
v 0.295135 0.167808 0.465237
v 0.295135 0.170933 0.472161
v 0.295135 0.173352 0.479362
v 0.295135 0.175042 0.486768
v 0.295135 0.175987 0.494306
v 0.295135 0.176176 0.501900
v 0.295135 0.175609 0.509475
v 0.295135 0.174290 0.516956
v 0.295135 0.172232 0.524269
v 0.295135 0.169457 0.531340
v 0.295135 0.165991 0.538100
v 0.295135 0.161870 0.544481
v 0.295135 0.157133 0.550420
v 0.295135 0.151829 0.555859
v 0.295135 0.146010 0.560741
v 0.295135 0.139733 0.565021
v 0.295135 0.133062 0.568654
v 0.295135 0.126062 0.571605
v 0.295135 0.118803 0.573844
v 0.295135 0.111357 0.575349
v 0.295135 0.103798 0.576105
v 0.295135 0.096202 0.576105
v 0.295135 0.088643 0.575349
v 0.295135 0.081197 0.573844
v 0.295135 0.073938 0.571605
v 0.295135 0.066938 0.568654
v 0.295135 0.060267 0.565021
v 0.295135 0.053990 0.560741
v 0.295135 0.048171 0.555859
v 0.295135 0.042867 0.550420
v 0.295135 0.038130 0.544481
v 0.295135 0.034009 0.538100
v 0.295135 0.030543 0.531340
v 0.295135 0.027768 0.524269
v 0.295135 0.025710 0.516956
v 0.295135 0.024391 0.509475
v 0.295135 0.023824 0.501900
v 0.295135 0.024013 0.494306
v 0.295135 0.024958 0.486768
v 0.295135 0.026648 0.479362
v 0.295135 0.029067 0.472161
v 0.295135 0.032192 0.465237
v 0.295135 0.035990 0.458658
v 0.295135 0.040424 0.452490
v 0.295135 0.045451 0.446794
v 0.295135 0.051020 0.441627
v 0.295135 0.057075 0.437041
v 0.295135 0.063557 0.433080
v 0.295135 0.070401 0.429784
v 0.295135 0.077540 0.427185
v 0.295135 0.084901 0.425311
v 0.295135 0.092413 0.424179
v 0.345537 0.157150 0.500000
v 0.345537 0.156777 0.493485
v 0.345537 0.155665 0.487056
v 0.345537 0.153826 0.480795
v 0.345537 0.151286 0.474784
v 0.345537 0.148078 0.469102
v 0.345537 0.144242 0.463823
v 0.345537 0.139830 0.459016
v 0.345537 0.134899 0.454743
v 0.345537 0.129512 0.451060
v 0.345537 0.123741 0.448015
v 0.345537 0.117660 0.445647
v 0.345537 0.111349 0.443988
v 0.345537 0.104891 0.443060
v 0.345537 0.098368 0.442873
v 0.345537 0.091867 0.443432
v 0.345537 0.085471 0.444728
v 0.345537 0.079266 0.446744
v 0.345537 0.073330 0.449455
v 0.345537 0.067742 0.452824
v 0.345537 0.062575 0.456809
v 0.345537 0.057895 0.461357
v 0.345537 0.053765 0.466408
v 0.345537 0.050237 0.471897
v 0.345537 0.047358 0.477753
v 0.345537 0.045165 0.483899
v 0.345537 0.043687 0.490255
v 0.345537 0.042943 0.496737
v 0.345537 0.042943 0.503263
v 0.345537 0.043687 0.509745
v 0.345537 0.045165 0.516101
v 0.345537 0.047358 0.522247
v 0.345537 0.050237 0.528103
v 0.345537 0.053765 0.533592
v 0.345537 0.057895 0.538643
v 0.345537 0.062575 0.543191
v 0.345537 0.067742 0.547176
v 0.345537 0.073330 0.550545
v 0.345537 0.079266 0.553256
v 0.345537 0.085471 0.555272
v 0.345537 0.091867 0.556568
v 0.345537 0.098368 0.557127
v 0.345537 0.104891 0.556940
v 0.345537 0.111349 0.556012
v 0.345537 0.117660 0.554353
v 0.345537 0.123741 0.551986
v 0.345537 0.129512 0.548940
v 0.345537 0.134899 0.545257
v 0.345537 0.139830 0.540984
v 0.345537 0.144242 0.536177
v 0.345537 0.148078 0.530898
v 0.345537 0.151286 0.525216
v 0.345537 0.153826 0.519205
v 0.345537 0.155665 0.512944
v 0.345537 0.156777 0.506515
v 0.317429 0.035398 0.466295
v 0.298035 0.023982 0.495616
v 0.302124 0.024860 0.489434
v 0.306146 0.026460 0.483353
v 0.310062 0.028766 0.477432
v 0.313835 0.031755 0.471728
v 0.299774 0.024937 0.487732
v 0.301177 0.026981 0.479069
v 0.297567 0.028495 0.473779
v 0.295636 0.030869 0.467952
v 0.295557 0.033892 0.462106
v 0.297337 0.037295 0.456761
v 0.299484 0.039626 0.453713
v 0.297060 0.045214 0.447073
v 0.297708 0.173663 0.519330
v 0.341250 0.052603 0.462140
v 0.301454 0.171033 0.526847
v 0.342950 0.050512 0.467272
v 0.343467 0.046647 0.475023
v 0.302813 0.167384 0.534740
v 0.343088 0.045214 0.477518
v 0.301663 0.163040 0.542306
v 0.343377 0.041577 0.491882
v 0.298107 0.158385 0.548875
v 0.296905 0.097810 0.423852
v 0.299279 0.090761 0.424476
v 0.301614 0.083801 0.425824
v 0.303886 0.076997 0.427884
v 0.306075 0.070413 0.430636
v 0.308158 0.064113 0.434053
v 0.310117 0.058157 0.438104
v 0.311931 0.052603 0.442748
v 0.313585 0.047504 0.447941
v 0.315062 0.042908 0.453634
v 0.316347 0.038860 0.459771
v 0.315649 0.038606 0.459795
v 0.313672 0.042403 0.453681
v 0.311517 0.046753 0.448011
v 0.309205 0.051614 0.442840
v 0.306758 0.056939 0.438218
v 0.304199 0.062677 0.434188
v 0.301554 0.068773 0.430790
v 0.298847 0.075168 0.428055
v 0.296104 0.081802 0.426011
v 0.296865 0.121035 0.426781
v 0.299048 0.114072 0.425213
v 0.301193 0.106974 0.424362
v 0.303280 0.099809 0.424237
v 0.305289 0.092646 0.424838
v 0.307200 0.085553 0.426161
v 0.308995 0.078599 0.428192
v 0.310658 0.071850 0.430913
v 0.312172 0.065372 0.434296
v 0.313522 0.059225 0.438309
v 0.314696 0.053470 0.442914
v 0.315682 0.048161 0.448067
v 0.316471 0.043350 0.453719
v 0.317055 0.039082 0.459814
v 0.295309 0.148125 0.440921
v 0.297533 0.142375 0.436715
v 0.299735 0.136218 0.433116
v 0.301893 0.129714 0.430158
v 0.303986 0.122924 0.427871
v 0.305994 0.115915 0.426276
v 0.307897 0.108753 0.425388
v 0.309679 0.101506 0.425216
v 0.311321 0.094246 0.425761
v 0.312807 0.087040 0.427019
v 0.314124 0.079959 0.428977
v 0.315259 0.073071 0.431617
v 0.316200 0.066440 0.434912
v 0.316940 0.060132 0.438832
v 0.317470 0.054206 0.443339
v 0.317786 0.048719 0.448389
v 0.317885 0.043725 0.453935
v 0.317766 0.039270 0.459923
v 0.297554 0.159638 0.452631
v 0.299997 0.154913 0.447394
v 0.302393 0.149661 0.442663
v 0.304719 0.143933 0.438482
v 0.306954 0.137783 0.434891
v 0.309075 0.131271 0.431924
v 0.311062 0.124458 0.429611
v 0.312896 0.117411 0.427973
v 0.314560 0.110197 0.427027
v 0.316038 0.102885 0.426780
v 0.317315 0.095545 0.427236
v 0.318379 0.088248 0.428390
v 0.319221 0.081064 0.430231
v 0.319831 0.074062 0.432741
v 0.320204 0.067308 0.435897
v 0.320337 0.060868 0.439668
v 0.320228 0.054804 0.444017
v 0.319878 0.049173 0.448904
v 0.319291 0.044030 0.454281
v 0.318472 0.039423 0.460096
v 0.295691 0.171148 0.472722
v 0.298544 0.168322 0.466430
v 0.301365 0.164841 0.460461
v 0.304125 0.160737 0.454871
v 0.306800 0.156051 0.449714
v 0.309363 0.150827 0.445039
v 0.311789 0.145115 0.440892
v 0.314055 0.138970 0.437312
v 0.316140 0.132452 0.434334
v 0.318024 0.125622 0.431985
v 0.319687 0.118547 0.430289
v 0.321115 0.111293 0.429262
v 0.322294 0.103931 0.428913
v 0.323213 0.096531 0.429247
v 0.323862 0.089165 0.430259
v 0.324235 0.081903 0.431940
v 0.324329 0.074814 0.434275
v 0.324143 0.067967 0.437240
v 0.323679 0.061427 0.440807
v 0.322941 0.055257 0.444942
v 0.321936 0.049517 0.449605
v 0.320674 0.044261 0.454752
v 0.319167 0.039540 0.460333
v 0.297743 0.173858 0.481436
v 0.301054 0.171767 0.475082
v 0.304309 0.168988 0.468968
v 0.307475 0.165546 0.463151
v 0.310523 0.161476 0.457687
v 0.313424 0.156815 0.452629
v 0.316149 0.151610 0.448026
v 0.318672 0.145910 0.443922
v 0.320970 0.139769 0.440356
v 0.323019 0.133246 0.437361
v 0.324801 0.126405 0.434968
v 0.326299 0.119310 0.433199
v 0.327498 0.112030 0.432071
v 0.328386 0.104634 0.431594
v 0.328955 0.097194 0.431774
v 0.329199 0.089781 0.432608
v 0.329117 0.082466 0.434089
v 0.328708 0.075320 0.436202
v 0.327978 0.068410 0.438928
v 0.326933 0.061803 0.442239
v 0.325582 0.055562 0.446105
v 0.323939 0.049748 0.450487
v 0.322020 0.044416 0.455345
v 0.319843 0.039618 0.460631
v 0.298654 0.175497 0.490287
v 0.302472 0.174143 0.484018
v 0.306219 0.172078 0.477902
v 0.309860 0.169322 0.471998
v 0.313359 0.165900 0.466363
v 0.316684 0.161847 0.461051
v 0.319802 0.157200 0.456112
v 0.322683 0.152004 0.451594
v 0.325300 0.146309 0.447541
v 0.327628 0.140170 0.443991
v 0.329644 0.133645 0.440978
v 0.331328 0.126798 0.438532
v 0.332666 0.119693 0.436675
v 0.333643 0.112400 0.435426
v 0.334251 0.104988 0.434797
v 0.334484 0.097527 0.434793
v 0.334339 0.090091 0.435414
v 0.333818 0.082750 0.436656
v 0.332926 0.075574 0.438505
v 0.331671 0.068632 0.440944
v 0.330066 0.061991 0.443950
v 0.328125 0.055715 0.447493
v 0.325868 0.049864 0.451541
v 0.323317 0.044494 0.456053
v 0.320494 0.039657 0.460987
v 0.298348 0.176126 0.498995
v 0.302696 0.175497 0.492961
v 0.306972 0.174143 0.486995
v 0.311134 0.172078 0.481153
v 0.315142 0.169322 0.475492
v 0.318959 0.165900 0.470067
v 0.322546 0.161847 0.464928
v 0.325871 0.157200 0.460126
v 0.328901 0.152004 0.455707
v 0.331608 0.146309 0.451713
v 0.333964 0.140170 0.448181
v 0.335947 0.133645 0.445148
v 0.337539 0.126798 0.442640
v 0.338724 0.119693 0.440683
v 0.339491 0.112400 0.439294
v 0.339833 0.104988 0.438489
v 0.339745 0.097527 0.438273
v 0.339230 0.090091 0.438650
v 0.338291 0.082750 0.439615
v 0.336939 0.075574 0.441159
v 0.335185 0.068632 0.443268
v 0.333047 0.061991 0.445922
v 0.330546 0.055715 0.449094
v 0.327704 0.049864 0.452755
v 0.324550 0.044494 0.456869
v 0.321114 0.039657 0.461397
v 0.299420 0.175454 0.509738
v 0.304759 0.175454 0.504521
v 0.310005 0.174731 0.499262
v 0.315109 0.173291 0.494009
v 0.320021 0.171148 0.488815
v 0.324694 0.168322 0.483727
v 0.329084 0.164841 0.478795
v 0.333147 0.160737 0.474067
v 0.336847 0.156051 0.469588
v 0.340146 0.150827 0.465400
v 0.343013 0.145115 0.461545
v 0.345421 0.138970 0.458058
v 0.344984 0.112030 0.443637
v 0.344415 0.119310 0.445181
v 0.342335 0.133196 0.450234
v 0.343373 0.126405 0.447252
v 0.340372 0.139719 0.453284
v 0.337976 0.145862 0.456782
v 0.335168 0.151564 0.460694
v 0.331977 0.156772 0.464985
v 0.328433 0.161435 0.469611
v 0.324570 0.165508 0.474531
v 0.320426 0.168953 0.479695
v 0.316041 0.171736 0.485055
v 0.311457 0.173830 0.490560
v 0.306717 0.175217 0.496157
v 0.301868 0.175881 0.501793
v 0.296957 0.175817 0.507412
v 0.345450 0.111979 0.444042
v 0.344886 0.119259 0.445591
v 0.343845 0.126354 0.447662
v 0.295981 0.174269 0.517025
v 0.301803 0.174889 0.512396
v 0.307561 0.174790 0.507648
v 0.313200 0.173974 0.502827
v 0.318665 0.172448 0.497978
v 0.323905 0.170227 0.493149
v 0.328869 0.167332 0.488386
v 0.333509 0.163791 0.483734
v 0.337781 0.159638 0.479238
v 0.341643 0.154913 0.474941
v 0.345060 0.149661 0.470885
v 0.300458 0.172037 0.524266
v 0.307301 0.172148 0.521287
v 0.314028 0.171566 0.518104
v 0.320572 0.170299 0.514748
v 0.326873 0.168356 0.511250
v 0.332870 0.165758 0.507644
v 0.338504 0.162529 0.503965
v 0.343722 0.158700 0.500247
v 0.345482 0.156408 0.490524
v 0.340864 0.160705 0.494513
v 0.335808 0.164421 0.498555
v 0.330361 0.167518 0.502611
v 0.324577 0.169968 0.506641
v 0.318510 0.171746 0.510608
v 0.312218 0.172836 0.514474
v 0.305763 0.173227 0.518200
v 0.299206 0.172916 0.521752
v 0.302637 0.168696 0.532110
v 0.309977 0.168045 0.530920
v 0.317174 0.166741 0.529434
v 0.324160 0.164797 0.527665
v 0.330867 0.162232 0.525630
v 0.337231 0.159069 0.523350
v 0.343192 0.155339 0.520845
v 0.342214 0.157965 0.515165
v 0.336322 0.161512 0.518065
v 0.330034 0.164469 0.520792
v 0.323412 0.166807 0.523318
v 0.316518 0.168504 0.525622
v 0.309419 0.169543 0.527679
v 0.302183 0.169916 0.529471
v 0.343343 0.149529 0.532082
v 0.337372 0.153663 0.533804
v 0.330996 0.157282 0.535203
v 0.324276 0.160351 0.536263
v 0.317276 0.162842 0.536975
v 0.310063 0.164729 0.537333
v 0.302708 0.165995 0.537333
v 0.302323 0.164542 0.539863
v 0.309591 0.162945 0.540441
v 0.316720 0.160743 0.540630
v 0.323642 0.157959 0.540430
v 0.330291 0.154618 0.539841
v 0.336602 0.150754 0.538871
v 0.342516 0.146403 0.537527
v 0.344349 0.134673 0.546714
v 0.339095 0.139862 0.547802
v 0.333420 0.144668 0.548430
v 0.327377 0.149046 0.548594
v 0.321025 0.152954 0.548291
v 0.314424 0.156353 0.547526
v 0.307639 0.159212 0.546304
v 0.300733 0.161502 0.544638
v 0.299544 0.159946 0.546835
v 0.306178 0.157300 0.549002
v 0.312707 0.154105 0.550698
v 0.319067 0.150391 0.551908
v 0.325197 0.146193 0.552621
v 0.331039 0.141552 0.552828
v 0.336536 0.136512 0.552529
v 0.341636 0.131122 0.551725
v 0.342768 0.111814 0.558292
v 0.338867 0.118008 0.559747
v 0.334546 0.124030 0.560628
v 0.329847 0.129822 0.560928
v 0.324815 0.135327 0.560643
v 0.319499 0.140493 0.559776
v 0.313948 0.145271 0.558335
v 0.308218 0.149615 0.556335
v 0.302361 0.153482 0.553795
v 0.296435 0.156837 0.550738
v 0.300042 0.151614 0.555843
v 0.305490 0.147417 0.558744
v 0.310839 0.142766 0.561081
v 0.316037 0.137704 0.562833
v 0.321035 0.132280 0.563981
v 0.325784 0.126547 0.564516
v 0.330239 0.120559 0.564432
v 0.334357 0.114374 0.563730
v 0.338099 0.108051 0.562416
v 0.341429 0.101651 0.560503
v 0.344314 0.095235 0.558010
v 0.297480 0.149797 0.557630
v 0.302477 0.145280 0.560846
v 0.307403 0.140329 0.563478
v 0.312212 0.134992 0.565501
v 0.316857 0.129318 0.566896
v 0.321294 0.123363 0.567649
v 0.325479 0.117184 0.567752
v 0.329374 0.110841 0.567206
v 0.332940 0.104393 0.566015
v 0.336143 0.097903 0.564190
v 0.338953 0.091433 0.561750
v 0.341342 0.085045 0.558717
v 0.343288 0.078801 0.555121
v 0.344772 0.072760 0.550996
v 0.321264 0.033905 0.472521
v 0.324849 0.033045 0.479011
v 0.328149 0.032828 0.485702
v 0.331132 0.033255 0.492531
v 0.333769 0.034323 0.499431
v 0.336036 0.036020 0.506337
v 0.337911 0.038332 0.513182
v 0.339375 0.041235 0.519900
v 0.340414 0.044702 0.526428
v 0.341019 0.048700 0.532701
v 0.341184 0.053190 0.538662
v 0.340907 0.058129 0.544251
v 0.340191 0.063469 0.549415
v 0.339043 0.069161 0.554106
v 0.337473 0.075148 0.558277
v 0.335498 0.081373 0.561890
v 0.333135 0.087777 0.564908
v 0.330407 0.094299 0.567304
v 0.327341 0.100875 0.569054
v 0.323966 0.107443 0.570141
v 0.320314 0.113939 0.570556
v 0.316421 0.120302 0.570294
v 0.312324 0.126470 0.569357
v 0.308061 0.132383 0.567754
v 0.303675 0.137987 0.565502
v 0.299206 0.143225 0.562621
v 0.295712 0.141273 0.564052
v 0.299691 0.135761 0.567133
v 0.303626 0.129906 0.569570
v 0.307479 0.123763 0.571340
v 0.311215 0.117393 0.572425
v 0.314795 0.110856 0.572815
v 0.318188 0.104215 0.572507
v 0.321359 0.097533 0.571503
v 0.324278 0.090875 0.569813
v 0.326918 0.084304 0.567453
v 0.329253 0.077884 0.564446
v 0.331260 0.071677 0.560821
v 0.332921 0.065741 0.556612
v 0.334220 0.060133 0.551860
v 0.335143 0.054908 0.546610
v 0.335683 0.050116 0.540914
v 0.335833 0.045803 0.534824
v 0.335593 0.042009 0.528401
v 0.334965 0.038772 0.521705
v 0.333955 0.036122 0.514801
v 0.332572 0.034085 0.507755
v 0.330830 0.032681 0.500634
v 0.328746 0.031922 0.493508
v 0.326339 0.031817 0.486443
v 0.323633 0.032366 0.479509
v 0.320653 0.033563 0.472771
v 0.295491 0.133674 0.568355
v 0.298950 0.127582 0.570930
v 0.302373 0.121226 0.572825
v 0.305726 0.114666 0.574022
v 0.308977 0.107965 0.574508
v 0.312096 0.101188 0.574279
v 0.315052 0.094399 0.573337
v 0.317817 0.087664 0.571692
v 0.320364 0.081048 0.569360
v 0.322670 0.074613 0.566361
v 0.324711 0.068422 0.562726
v 0.326468 0.062534 0.558489
v 0.327924 0.057005 0.553691
v 0.329067 0.051889 0.548378
v 0.329883 0.047235 0.542601
v 0.330366 0.043086 0.536415
v 0.330511 0.039484 0.529879
v 0.330317 0.036462 0.523057
v 0.329785 0.034050 0.516014
v 0.328921 0.032271 0.508817
v 0.327732 0.031142 0.501535
v 0.326231 0.030673 0.494239
v 0.324432 0.030869 0.486998
v 0.322351 0.031729 0.479882
v 0.320009 0.033243 0.472959
v 0.297054 0.118883 0.573798
v 0.300010 0.112148 0.575067
v 0.302918 0.105296 0.575616
v 0.305752 0.098393 0.575440
v 0.308484 0.091506 0.574539
v 0.311088 0.084700 0.572924
v 0.313539 0.078041 0.570608
v 0.315813 0.071593 0.567616
v 0.317889 0.065417 0.563974
v 0.319747 0.059573 0.559719
v 0.321368 0.054117 0.554891
v 0.322738 0.049101 0.549536
v 0.323843 0.044574 0.543706
v 0.324672 0.040578 0.537457
v 0.325219 0.037152 0.530848
v 0.325476 0.034330 0.523943
v 0.325442 0.032137 0.516808
v 0.325118 0.030596 0.509513
v 0.324506 0.029720 0.502126
v 0.323612 0.029519 0.494718
v 0.322445 0.029994 0.487362
v 0.321016 0.031140 0.480126
v 0.319339 0.032948 0.473081
v 0.296678 0.102874 0.576130
v 0.299218 0.095857 0.575978
v 0.301720 0.088881 0.575096
v 0.304158 0.082011 0.573494
v 0.306510 0.075313 0.571187
v 0.308752 0.068852 0.568197
v 0.310864 0.062691 0.564553
v 0.312825 0.056887 0.560289
v 0.314616 0.051497 0.555447
v 0.316220 0.046572 0.550073
v 0.317622 0.042160 0.544218
v 0.318809 0.038302 0.537939
v 0.319768 0.035037 0.531297
v 0.320490 0.032395 0.524354
v 0.320970 0.030401 0.517177
v 0.321202 0.029076 0.509835
v 0.321183 0.028431 0.502399
v 0.320915 0.028472 0.494940
v 0.320399 0.029200 0.487530
v 0.319641 0.030607 0.480239
v 0.318648 0.032680 0.473138
v 0.297096 0.079623 0.573399
v 0.299346 0.072892 0.571090
v 0.301556 0.066420 0.568100
v 0.303705 0.060271 0.564456
v 0.305771 0.054502 0.560194
v 0.307735 0.049171 0.555354
v 0.309578 0.044327 0.549983
v 0.311283 0.040017 0.544132
v 0.312833 0.036282 0.537859
v 0.314213 0.033159 0.531222
v 0.315410 0.030677 0.524285
v 0.316412 0.028861 0.517115
v 0.317210 0.027727 0.509781
v 0.317797 0.027286 0.502354
v 0.318166 0.027543 0.494903
v 0.318314 0.028495 0.487502
v 0.318240 0.030133 0.480220
v 0.317944 0.032442 0.473129
v 0.296483 0.058181 0.563685
v 0.298655 0.052443 0.559434
v 0.300794 0.047162 0.554613
v 0.302878 0.042388 0.549268
v 0.304888 0.038166 0.543450
v 0.306805 0.034538 0.537215
v 0.308609 0.031538 0.530623
v 0.310284 0.029194 0.523738
v 0.311814 0.027530 0.516624
v 0.313184 0.026561 0.509351
v 0.314381 0.026297 0.501989
v 0.315393 0.026740 0.494607
v 0.316211 0.027886 0.487277
v 0.316826 0.029724 0.480069
v 0.317234 0.032236 0.473053
v 0.296198 0.040777 0.547937
v 0.298512 0.036628 0.542179
v 0.300793 0.033088 0.536017
v 0.303020 0.030190 0.529509
v 0.305172 0.027961 0.522719
v 0.307227 0.026424 0.515710
v 0.309167 0.025593 0.508551
v 0.310972 0.025475 0.501309
v 0.312625 0.026073 0.494056
v 0.314111 0.027380 0.486859
v 0.315415 0.029384 0.479788
v 0.316524 0.032065 0.472911
v 0.297478 0.029125 0.527886
v 0.300104 0.026987 0.521234
v 0.302681 0.025550 0.514378
v 0.305187 0.024828 0.507385
v 0.307596 0.024826 0.500320
v 0.309885 0.025546 0.493253
v 0.312033 0.026981 0.486250
v 0.314018 0.029115 0.479379
v 0.315823 0.031930 0.472706
v 0.295149 0.026285 0.519302
v 0.298237 0.024921 0.512645
v 0.301295 0.024276 0.505867
v 0.304294 0.024359 0.499033
v 0.307205 0.025167 0.492208
v 0.310000 0.026693 0.485457
v 0.312652 0.028922 0.478846
v 0.315136 0.031833 0.472438
v 0.297526 0.023943 0.504013
v 0.301096 0.024076 0.497459
v 0.304609 0.024937 0.490930
v 0.308031 0.026519 0.484488
v 0.311329 0.028805 0.478195
v 0.314472 0.031774 0.472111
v 0.304364 0.026519 0.482063
v 0.308864 0.028805 0.476565
v 0.313233 0.031774 0.471292
v 0.312672 0.031833 0.470808
v 0.307748 0.028922 0.475602
v 0.302702 0.026693 0.480630
v 0.297583 0.025167 0.485844
v 0.295573 0.025546 0.483786
v 0.306723 0.029115 0.474553
v 0.312157 0.031930 0.470281
v 0.311694 0.032065 0.469716
v 0.305800 0.029384 0.473429
v 0.299804 0.027380 0.477396
v 0.298596 0.027886 0.475626
v 0.304988 0.029724 0.472240
v 0.311286 0.032236 0.469119
v 0.310654 0.032680 0.467851
v 0.303731 0.030607 0.469716
v 0.296725 0.029200 0.471871
v 0.296079 0.029994 0.469922
v 0.303297 0.031140 0.468406
v 0.310436 0.032948 0.467193
v 0.295374 0.032828 0.464024
v 0.302823 0.033045 0.464442
v 0.310198 0.033905 0.465202
v 0.310207 0.033563 0.465862
v 0.302841 0.032366 0.465756
v 0.295400 0.031817 0.465979
v 0.296544 0.036136 0.458456
v 0.303609 0.035268 0.460700
v 0.310593 0.035022 0.463322
v 0.310392 0.034637 0.463925
v 0.303209 0.034504 0.461902
v 0.295949 0.034998 0.460244
v 0.305585 0.037613 0.457513
v 0.311586 0.036200 0.461720
v 0.311193 0.035807 0.462214
v 0.304803 0.036831 0.458495
v 0.298320 0.038462 0.455175
v 0.302305 0.041899 0.451222
v 0.307481 0.039141 0.455839
v 0.312538 0.036967 0.460879
v 0.312036 0.036588 0.461274
v 0.306481 0.038386 0.456625
v 0.300817 0.040775 0.452391
v 0.297291 0.052507 0.440450
v 0.301520 0.048016 0.444652
v 0.305688 0.044024 0.449386
v 0.309754 0.040570 0.454605
v 0.313681 0.037685 0.460259
v 0.313088 0.037334 0.460540
v 0.308576 0.039871 0.455163
v 0.303934 0.042986 0.450217
v 0.299208 0.046647 0.445748
v 0.296603 0.059330 0.435578
v 0.300313 0.054099 0.439397
v 0.303973 0.049309 0.443797
v 0.307548 0.045005 0.448737
v 0.311005 0.041229 0.454169
v 0.314309 0.038016 0.460040
v 0.297141 0.066946 0.431372
v 0.300335 0.061077 0.434698
v 0.303479 0.055581 0.438650
v 0.306543 0.050512 0.443191
v 0.309498 0.045918 0.448277
v 0.312315 0.041842 0.453860
v 0.314967 0.038324 0.459885
v 0.308524 0.170916 0.524457
v 0.315465 0.170117 0.521833
v 0.322212 0.168646 0.518999
v 0.328698 0.166517 0.515982
v 0.334863 0.163749 0.512812
v 0.340646 0.160370 0.509520
v 0.341906 0.158190 0.484742
v 0.337449 0.162408 0.488990
v 0.332586 0.166027 0.493345
v 0.327363 0.169013 0.497763
v 0.321832 0.171336 0.502203
v 0.316044 0.172975 0.506622
v 0.310055 0.173914 0.510977
v 0.303924 0.174144 0.515226
v 0.321696 0.039618 0.461857
v 0.325709 0.044416 0.457785
v 0.329429 0.049748 0.454118
v 0.332819 0.055562 0.450891
v 0.335848 0.061803 0.448136
v 0.338486 0.068410 0.445878
v 0.340708 0.075320 0.444139
v 0.342493 0.082466 0.442937
v 0.343824 0.089781 0.442281
v 0.344687 0.097194 0.442180
v 0.345075 0.104634 0.442633
v 0.341868 0.133246 0.449828
v 0.339914 0.139769 0.452886
v 0.337531 0.145910 0.456396
v 0.334742 0.151610 0.460324
v 0.331572 0.156815 0.464633
v 0.328053 0.161476 0.469282
v 0.324217 0.165546 0.474225
v 0.320103 0.168988 0.479415
v 0.315750 0.171767 0.484803
v 0.311198 0.173858 0.490336
v 0.306492 0.175241 0.495962
v 0.301678 0.175901 0.501627
v 0.296800 0.175833 0.507277
v 0.344196 0.074814 0.447415
v 0.341540 0.067967 0.448747
v 0.338439 0.061427 0.450570
v 0.334922 0.055257 0.452867
v 0.331024 0.049517 0.455617
v 0.326781 0.044261 0.458792
v 0.322235 0.039540 0.462363
v 0.344317 0.067308 0.451846
v 0.340795 0.060868 0.453199
v 0.336835 0.054804 0.455002
v 0.332475 0.049173 0.457236
v 0.327756 0.044030 0.459880
v 0.322725 0.039423 0.462910
v 0.342893 0.060132 0.455998
v 0.338538 0.054206 0.457274
v 0.333767 0.048719 0.458959
v 0.328625 0.043725 0.461039
v 0.323161 0.039270 0.463492
v 0.344712 0.059225 0.458939
v 0.340015 0.053470 0.459661
v 0.334887 0.048161 0.460770
v 0.329377 0.043350 0.462255
v 0.323539 0.039082 0.464103
v 0.335824 0.047504 0.462650
v 0.330007 0.042908 0.463519
v 0.323856 0.038860 0.464738
v 0.324107 0.038606 0.465390
v 0.330507 0.042403 0.464816
v 0.336568 0.046753 0.464581
v 0.342231 0.051614 0.464685
v 0.337113 0.045918 0.466543
v 0.330874 0.041842 0.466135
v 0.324291 0.038324 0.466052
v 0.324406 0.038016 0.466719
v 0.331102 0.041229 0.467462
v 0.337453 0.045005 0.468517
v 0.343398 0.049309 0.469874
v 0.343571 0.048016 0.472467
v 0.337584 0.044024 0.470483
v 0.331190 0.040570 0.468783
v 0.324450 0.037685 0.467382
v 0.337218 0.041899 0.474315
v 0.330944 0.039141 0.471358
v 0.324326 0.036967 0.468676
v 0.324424 0.037334 0.468037
v 0.331137 0.039871 0.470086
v 0.337505 0.042986 0.472422
v 0.341521 0.042217 0.482225
v 0.336029 0.039626 0.477885
v 0.330145 0.037613 0.473758
v 0.323925 0.036200 0.469882
v 0.324160 0.036588 0.469293
v 0.330612 0.038386 0.472586
v 0.336724 0.040775 0.476142
v 0.342437 0.043733 0.479927
v 0.338931 0.039144 0.486403
v 0.334065 0.037295 0.481054
v 0.328825 0.036047 0.475887
v 0.323262 0.035413 0.470952
v 0.323625 0.035807 0.470436
v 0.329547 0.036831 0.474862
v 0.335140 0.038462 0.479528
v 0.340348 0.040682 0.484391
v 0.345123 0.043472 0.489404
v 0.344968 0.042354 0.500106
v 0.341347 0.039696 0.494145
v 0.337283 0.037617 0.488240
v 0.332815 0.036136 0.482447
v 0.327985 0.035268 0.476824
v 0.322840 0.035022 0.471422
v 0.345024 0.043077 0.508792
v 0.342265 0.040175 0.502493
v 0.339054 0.037848 0.496170
v 0.335422 0.036117 0.489884
v 0.331403 0.034998 0.483695
v 0.327036 0.034504 0.477662
v 0.322363 0.034637 0.471843
v 0.344926 0.047537 0.523978
v 0.343501 0.043828 0.517660
v 0.341612 0.040658 0.511172
v 0.339278 0.038057 0.504577
v 0.336519 0.036051 0.497938
v 0.333364 0.034658 0.491319
v 0.329842 0.033892 0.484783
v 0.325987 0.033760 0.478393
v 0.321836 0.034264 0.472211
v 0.342858 0.121707 0.555297
v 0.338358 0.127563 0.556378
v 0.333443 0.133154 0.556918
v 0.328161 0.138428 0.556912
v 0.322562 0.143332 0.556360
v 0.316700 0.147821 0.555268
v 0.310631 0.151852 0.553644
v 0.304413 0.155384 0.551507
v 0.341095 0.143169 0.542785
v 0.335281 0.147746 0.543762
v 0.329081 0.151864 0.544320
v 0.322555 0.155485 0.544452
v 0.315767 0.158573 0.544158
v 0.308780 0.161099 0.543441
v 0.343570 0.152518 0.526503
v 0.337583 0.156444 0.528614
v 0.331189 0.159828 0.530450
v 0.324449 0.162638 0.531994
v 0.317427 0.164848 0.533231
v 0.310192 0.166435 0.534149
v 0.304296 0.030133 0.470998
v 0.310939 0.032442 0.468495
v 0.302999 0.031729 0.467082
v 0.310287 0.033243 0.466528
v 0.310260 0.034264 0.464554
v 0.302946 0.033760 0.463153
v 0.310861 0.035413 0.462749
v 0.304142 0.036047 0.459561
v 0.279147 0.100000 0.576200
v 0.279147 0.092413 0.575821
v 0.279147 0.084901 0.574689
v 0.279147 0.077540 0.572815
v 0.279147 0.070401 0.570216
v 0.279147 0.063557 0.566921
v 0.279147 0.057075 0.562959
v 0.279147 0.051020 0.558373
v 0.279147 0.045451 0.553206
v 0.279147 0.040424 0.547510
v 0.279147 0.035990 0.541342
v 0.279147 0.032192 0.534763
v 0.279147 0.029067 0.527839
v 0.279147 0.026648 0.520638
v 0.279147 0.024958 0.513232
v 0.279147 0.024013 0.505694
v 0.279147 0.023824 0.498100
v 0.279147 0.024391 0.490525
v 0.279147 0.025710 0.483044
v 0.279147 0.027768 0.475731
v 0.279147 0.030543 0.468660
v 0.279147 0.034009 0.461900
v 0.279147 0.038130 0.455519
v 0.279147 0.042867 0.449580
v 0.279147 0.048171 0.444141
v 0.279147 0.053990 0.439259
v 0.279147 0.060267 0.434979
v 0.279147 0.066938 0.431346
v 0.279147 0.073938 0.428395
v 0.279147 0.081197 0.426156
v 0.279147 0.088643 0.424651
v 0.279147 0.096202 0.423895
v 0.279147 0.103798 0.423895
v 0.279147 0.111357 0.424651
v 0.279147 0.118803 0.426156
v 0.279147 0.126062 0.428395
v 0.279147 0.133062 0.431346
v 0.279147 0.139733 0.434979
v 0.279147 0.146010 0.439258
v 0.279147 0.151829 0.444141
v 0.279147 0.157133 0.449580
v 0.279147 0.161870 0.455519
v 0.279147 0.165991 0.461900
v 0.279147 0.169457 0.468660
v 0.279147 0.172232 0.475731
v 0.279147 0.174290 0.483044
v 0.279147 0.175609 0.490525
v 0.279147 0.176176 0.498100
v 0.279147 0.175987 0.505694
v 0.279147 0.175042 0.513232
v 0.279147 0.173352 0.520638
v 0.279147 0.170933 0.527839
v 0.279147 0.167808 0.534763
v 0.279147 0.164010 0.541342
v 0.279147 0.159576 0.547510
v 0.279147 0.154549 0.553206
v 0.279147 0.148980 0.558373
v 0.279147 0.142925 0.562959
v 0.279147 0.136443 0.566921
v 0.279147 0.129599 0.570216
v 0.279147 0.122460 0.572815
v 0.279147 0.115099 0.574689
v 0.279147 0.107587 0.575821
v 0.395938 0.138100 0.500000
v 0.395938 0.137729 0.494698
v 0.395938 0.136624 0.489498
v 0.395938 0.134806 0.484503
v 0.395938 0.132311 0.479810
v 0.395938 0.129186 0.475510
v 0.395938 0.125494 0.471686
v 0.395938 0.121305 0.468414
v 0.395938 0.116702 0.465756
v 0.395938 0.111774 0.463765
v 0.395938 0.106616 0.462479
v 0.395938 0.101330 0.461923
v 0.395938 0.096017 0.462109
v 0.395938 0.090783 0.463032
v 0.395938 0.085727 0.464674
v 0.395938 0.080950 0.467004
v 0.395938 0.076543 0.469977
v 0.395938 0.072593 0.473534
v 0.395938 0.069176 0.477605
v 0.395938 0.066360 0.482113
v 0.395938 0.064198 0.486969
v 0.395938 0.062733 0.492079
v 0.395938 0.061993 0.497342
v 0.395938 0.061993 0.502658
v 0.395938 0.062733 0.507921
v 0.395938 0.064198 0.513031
v 0.395938 0.066360 0.517887
v 0.395938 0.069176 0.522395
v 0.395938 0.072593 0.526466
v 0.395938 0.076543 0.530023
v 0.395938 0.080950 0.532996
v 0.395938 0.085727 0.535326
v 0.395938 0.090783 0.536968
v 0.395938 0.096017 0.537891
v 0.395938 0.101330 0.538077
v 0.395938 0.106616 0.537521
v 0.395938 0.111774 0.536235
v 0.395938 0.116702 0.534244
v 0.395938 0.121305 0.531586
v 0.395938 0.125494 0.528314
v 0.395938 0.129186 0.524490
v 0.395938 0.132311 0.520190
v 0.395938 0.134806 0.515497
v 0.395938 0.136624 0.510502
v 0.395938 0.137729 0.505302
v 0.350898 0.152836 0.500000
v 0.356627 0.149023 0.500000
v 0.362677 0.145743 0.500000
v 0.368997 0.143021 0.500000
v 0.375538 0.140882 0.500000
v 0.382245 0.139340 0.500000
v 0.389063 0.138411 0.500000
v 0.350898 0.151881 0.490001
v 0.389063 0.138333 0.497564
v 0.350898 0.150198 0.483513
v 0.389063 0.137717 0.492731
v 0.350898 0.147707 0.477291
v 0.389063 0.136493 0.488015
v 0.389063 0.134682 0.483491
v 0.389063 0.132313 0.479234
v 0.350898 0.138239 0.463539
v 0.350898 0.133316 0.458992
v 0.389063 0.127799 0.473494
v 0.350898 0.127856 0.455104
v 0.389063 0.124220 0.470188
v 0.389063 0.120251 0.467361
v 0.389063 0.115956 0.465060
v 0.350898 0.112457 0.448653
v 0.389063 0.111405 0.463321
v 0.350898 0.105856 0.447490
v 0.350898 0.099162 0.447171
v 0.389063 0.104257 0.461826
v 0.389063 0.099391 0.461594
v 0.389063 0.094534 0.461980
v 0.350898 0.082719 0.450070
v 0.389063 0.089765 0.462978
v 0.350898 0.076537 0.452659
v 0.389063 0.085160 0.464572
v 0.350898 0.070733 0.456010
v 0.389063 0.078724 0.468020
v 0.389063 0.074846 0.470971
v 0.350898 0.058468 0.467339
v 0.389063 0.071374 0.474389
v 0.350898 0.054668 0.472859
v 0.389063 0.068362 0.478219
v 0.350898 0.051597 0.478816
v 0.389063 0.065859 0.482399
v 0.389063 0.063145 0.489178
v 0.350898 0.047403 0.494978
v 0.389063 0.062072 0.493931
v 0.350898 0.047191 0.501676
v 0.389063 0.061609 0.498781
v 0.350898 0.047828 0.508348
v 0.389063 0.061763 0.503651
v 0.389063 0.062533 0.508462
v 0.350898 0.053038 0.524211
v 0.389063 0.064812 0.515400
v 0.350898 0.056480 0.529961
v 0.389063 0.067044 0.519731
v 0.350898 0.060623 0.535229
v 0.389063 0.069807 0.523744
v 0.389063 0.073056 0.527375
v 0.350898 0.073582 0.545757
v 0.389063 0.076738 0.530566
v 0.350898 0.079587 0.548733
v 0.389063 0.082943 0.534416
v 0.350898 0.085921 0.550925
v 0.389063 0.087437 0.536298
v 0.389063 0.092133 0.537597
v 0.350898 0.102514 0.552776
v 0.389063 0.096956 0.538290
v 0.350898 0.109175 0.552033
v 0.389063 0.101828 0.538367
v 0.350898 0.115688 0.550453
v 0.389063 0.109056 0.537328
v 0.389063 0.113708 0.535881
v 0.350898 0.130648 0.543039
v 0.389063 0.118140 0.533857
v 0.350898 0.135850 0.538813
v 0.389063 0.122280 0.531288
v 0.350898 0.140475 0.533962
v 0.389063 0.126062 0.528216
v 0.389063 0.130931 0.522774
v 0.350898 0.149051 0.519637
v 0.389063 0.133565 0.518675
v 0.350898 0.151142 0.513270
v 0.389063 0.135659 0.514276
v 0.350898 0.152411 0.506689
v 0.389063 0.137180 0.509647
v 0.389063 0.138102 0.504862
v 0.350898 0.152730 0.503351
v 0.356627 0.148924 0.503109
v 0.362677 0.145651 0.502901
v 0.368997 0.142935 0.502729
v 0.375538 0.140799 0.502593
v 0.382245 0.139261 0.502495
v 0.389063 0.138333 0.502436
v 0.356627 0.148629 0.506206
v 0.362677 0.145375 0.505791
v 0.368997 0.142675 0.505446
v 0.375538 0.140553 0.505175
v 0.382245 0.139024 0.504980
v 0.356627 0.147452 0.512312
v 0.362677 0.144277 0.511488
v 0.368997 0.141643 0.510805
v 0.375538 0.139571 0.510267
v 0.382245 0.138080 0.509880
v 0.389063 0.137717 0.507269
v 0.382245 0.138630 0.507445
v 0.375538 0.140143 0.507737
v 0.368997 0.142244 0.508142
v 0.362677 0.144916 0.508657
v 0.356627 0.148137 0.509278
v 0.350898 0.151881 0.509999
v 0.356627 0.145511 0.518220
v 0.362677 0.142466 0.517001
v 0.368997 0.139940 0.515989
v 0.375538 0.137953 0.515194
v 0.382245 0.136522 0.514621
v 0.389063 0.136493 0.511985
v 0.382245 0.137376 0.512276
v 0.375538 0.138840 0.512756
v 0.368997 0.140873 0.513424
v 0.362677 0.143459 0.514273
v 0.356627 0.146575 0.515297
v 0.350898 0.150198 0.516487
v 0.350898 0.146171 0.525689
v 0.356627 0.142839 0.523835
v 0.362677 0.139972 0.522240
v 0.368997 0.137594 0.520917
v 0.375538 0.135724 0.519876
v 0.382245 0.134378 0.519127
v 0.389063 0.134682 0.516509
v 0.382245 0.135522 0.516908
v 0.375538 0.136913 0.517571
v 0.368997 0.138845 0.518490
v 0.362677 0.141302 0.519660
v 0.356627 0.144264 0.521070
v 0.350898 0.147707 0.522709
v 0.350898 0.142547 0.531327
v 0.356627 0.139477 0.529066
v 0.362677 0.136835 0.527121
v 0.368997 0.134644 0.525508
v 0.375538 0.132921 0.524239
v 0.382245 0.131680 0.523325
v 0.389063 0.132313 0.520766
v 0.382245 0.133095 0.521269
v 0.375538 0.134392 0.522102
v 0.368997 0.136192 0.523259
v 0.362677 0.138481 0.524730
v 0.356627 0.141241 0.526504
v 0.350898 0.144448 0.528565
v 0.356627 0.137554 0.531511
v 0.362677 0.135041 0.529403
v 0.368997 0.132956 0.527654
v 0.375538 0.131317 0.526278
v 0.382245 0.130137 0.525288
v 0.389063 0.129424 0.524690
v 0.356627 0.133263 0.536012
v 0.362677 0.131037 0.533602
v 0.368997 0.129190 0.531603
v 0.375538 0.127739 0.530031
v 0.382245 0.126693 0.528899
v 0.389063 0.127799 0.526506
v 0.382245 0.128472 0.527148
v 0.375538 0.129587 0.528211
v 0.368997 0.131136 0.529688
v 0.362677 0.133106 0.531566
v 0.356627 0.135480 0.533830
v 0.350898 0.138239 0.536461
v 0.356627 0.128436 0.539933
v 0.362677 0.126533 0.537261
v 0.368997 0.124955 0.535044
v 0.375538 0.123714 0.533301
v 0.382245 0.122820 0.532046
v 0.389063 0.124220 0.529812
v 0.382245 0.124806 0.530534
v 0.375538 0.125778 0.531730
v 0.368997 0.127127 0.533391
v 0.362677 0.128843 0.535503
v 0.356627 0.130912 0.538049
v 0.350898 0.133316 0.541008
v 0.350898 0.124953 0.546572
v 0.356627 0.123152 0.543212
v 0.362677 0.121603 0.540320
v 0.368997 0.120318 0.537921
v 0.375538 0.119307 0.536035
v 0.382245 0.118579 0.534677
v 0.389063 0.120251 0.532639
v 0.382245 0.120741 0.533429
v 0.375538 0.121554 0.534738
v 0.368997 0.122682 0.536556
v 0.362677 0.124117 0.538869
v 0.356627 0.125846 0.541656
v 0.350898 0.127856 0.544896
v 0.350898 0.118856 0.549357
v 0.356627 0.117496 0.545795
v 0.362677 0.116325 0.542730
v 0.368997 0.115354 0.540188
v 0.375538 0.114590 0.538189
v 0.382245 0.114040 0.536750
v 0.389063 0.115956 0.534940
v 0.382245 0.116343 0.535785
v 0.375538 0.116983 0.537187
v 0.368997 0.117872 0.539134
v 0.362677 0.119002 0.541609
v 0.356627 0.120365 0.544593
v 0.350898 0.121949 0.548061
v 0.356627 0.114556 0.546812
v 0.362677 0.113582 0.543680
v 0.368997 0.112774 0.541081
v 0.375538 0.112139 0.539038
v 0.382245 0.111681 0.537566
v 0.389063 0.111405 0.536678
v 0.356627 0.108513 0.548278
v 0.362677 0.107943 0.545048
v 0.368997 0.107471 0.542368
v 0.375538 0.107099 0.540260
v 0.382245 0.106831 0.538743
v 0.389063 0.106670 0.537827
v 0.382245 0.109275 0.538231
v 0.375538 0.109638 0.539729
v 0.368997 0.110143 0.541809
v 0.362677 0.110784 0.544453
v 0.356627 0.111558 0.547641
v 0.350898 0.112457 0.551347
v 0.356627 0.102333 0.548968
v 0.362677 0.102177 0.545691
v 0.368997 0.102047 0.542973
v 0.375538 0.101945 0.540835
v 0.382245 0.101872 0.539296
v 0.389063 0.104257 0.538174
v 0.382245 0.104360 0.539098
v 0.375538 0.104531 0.540630
v 0.368997 0.104768 0.542756
v 0.362677 0.105070 0.545461
v 0.356627 0.105434 0.548721
v 0.350898 0.105856 0.552510
v 0.350898 0.095813 0.552670
v 0.356627 0.096115 0.548869
v 0.362677 0.096375 0.545599
v 0.368997 0.096591 0.542886
v 0.375538 0.096760 0.540753
v 0.382245 0.096882 0.539217
v 0.389063 0.099391 0.538406
v 0.382245 0.099376 0.539335
v 0.375538 0.099351 0.540876
v 0.368997 0.099317 0.543016
v 0.362677 0.099274 0.545737
v 0.356627 0.099222 0.549017
v 0.350898 0.099162 0.552829
v 0.350898 0.089179 0.551716
v 0.356627 0.089960 0.547984
v 0.362677 0.090632 0.544773
v 0.368997 0.091189 0.542109
v 0.375538 0.091627 0.540015
v 0.382245 0.091943 0.538507
v 0.389063 0.094534 0.538020
v 0.382245 0.094401 0.538940
v 0.375538 0.094182 0.540465
v 0.368997 0.093877 0.542584
v 0.362677 0.093490 0.545277
v 0.356627 0.093023 0.548524
v 0.350898 0.092481 0.552298
v 0.356627 0.086937 0.547251
v 0.362677 0.087811 0.544089
v 0.368997 0.088536 0.541466
v 0.375538 0.089106 0.539403
v 0.382245 0.089517 0.537918
v 0.389063 0.089765 0.537022
v 0.356627 0.081060 0.545217
v 0.362677 0.082328 0.542191
v 0.368997 0.083379 0.539681
v 0.375538 0.084206 0.537707
v 0.382245 0.084801 0.536286
v 0.389063 0.085160 0.535428
v 0.382245 0.087133 0.537177
v 0.375538 0.086629 0.538633
v 0.368997 0.085929 0.540655
v 0.362677 0.085039 0.543227
v 0.356627 0.083966 0.546327
v 0.350898 0.082719 0.549930
v 0.356627 0.075488 0.542455
v 0.362677 0.077129 0.539614
v 0.368997 0.078489 0.537258
v 0.375538 0.079559 0.535404
v 0.382245 0.080330 0.534070
v 0.389063 0.080795 0.533265
v 0.382245 0.082530 0.535249
v 0.375538 0.081846 0.536630
v 0.368997 0.080896 0.538547
v 0.362677 0.079687 0.540985
v 0.356627 0.078230 0.543924
v 0.350898 0.076537 0.547341
v 0.350898 0.068002 0.542045
v 0.356627 0.070311 0.539011
v 0.362677 0.072298 0.536400
v 0.368997 0.073946 0.534235
v 0.375538 0.075242 0.532532
v 0.382245 0.076175 0.531306
v 0.389063 0.078724 0.531980
v 0.382245 0.078209 0.532754
v 0.375538 0.077355 0.534037
v 0.368997 0.076170 0.535818
v 0.362677 0.074662 0.538084
v 0.356627 0.072845 0.540815
v 0.350898 0.070733 0.543990
v 0.350898 0.062937 0.537656
v 0.356627 0.065612 0.534938
v 0.362677 0.067913 0.532601
v 0.368997 0.069822 0.530661
v 0.375538 0.071323 0.529136
v 0.382245 0.072404 0.528038
v 0.389063 0.074846 0.529029
v 0.382245 0.074237 0.529732
v 0.375538 0.073228 0.530896
v 0.368997 0.071827 0.532513
v 0.362677 0.070045 0.534570
v 0.356627 0.067897 0.537049
v 0.350898 0.065400 0.539931
v 0.356627 0.063465 0.532687
v 0.362677 0.065910 0.530500
v 0.368997 0.067938 0.528685
v 0.375538 0.069532 0.527259
v 0.382245 0.070681 0.526231
v 0.389063 0.071374 0.525611
v 0.356627 0.059621 0.527799
v 0.362677 0.062323 0.525939
v 0.368997 0.064564 0.524396
v 0.375538 0.066327 0.523182
v 0.382245 0.067596 0.522308
v 0.389063 0.068362 0.521781
v 0.382245 0.069076 0.524319
v 0.375538 0.067865 0.525271
v 0.368997 0.066183 0.526594
v 0.362677 0.064044 0.528276
v 0.356627 0.061465 0.530304
v 0.350898 0.058468 0.532661
v 0.356627 0.056427 0.522464
v 0.362677 0.059342 0.520961
v 0.368997 0.061761 0.519714
v 0.375538 0.063663 0.518733
v 0.382245 0.065033 0.518027
v 0.389063 0.065859 0.517601
v 0.382245 0.066247 0.520208
v 0.375538 0.064924 0.521000
v 0.368997 0.063088 0.522099
v 0.362677 0.060754 0.523497
v 0.356627 0.057939 0.525182
v 0.350898 0.054668 0.527141
v 0.350898 0.050351 0.518071
v 0.356627 0.053933 0.516767
v 0.362677 0.057016 0.515645
v 0.368997 0.059573 0.514714
v 0.375538 0.061584 0.513982
v 0.382245 0.063032 0.513455
v 0.389063 0.063906 0.513137
v 0.382245 0.063960 0.515773
v 0.375538 0.062548 0.516391
v 0.368997 0.060588 0.517249
v 0.362677 0.058095 0.518340
v 0.356627 0.055090 0.519655
v 0.350898 0.051597 0.521184
v 0.350898 0.048462 0.511640
v 0.356627 0.052181 0.510800
v 0.362677 0.055381 0.510078
v 0.368997 0.058036 0.509478
v 0.375538 0.060123 0.509007
v 0.382245 0.061626 0.508667
v 0.389063 0.063145 0.510822
v 0.382245 0.062253 0.511083
v 0.375538 0.060774 0.511518
v 0.368997 0.058721 0.512121
v 0.362677 0.056110 0.512887
v 0.356627 0.052963 0.513811
v 0.350898 0.049304 0.514886
v 0.356627 0.051593 0.507746
v 0.362677 0.054832 0.507227
v 0.368997 0.057519 0.506797
v 0.375538 0.059632 0.506459
v 0.382245 0.061154 0.506216
v 0.389063 0.062072 0.506069
v 0.356627 0.051002 0.501555
v 0.362677 0.054280 0.501451
v 0.368997 0.057000 0.501365
v 0.375538 0.059139 0.501297
v 0.382245 0.060679 0.501248
v 0.389063 0.061609 0.501219
v 0.382245 0.060838 0.503740
v 0.375538 0.059304 0.503886
v 0.368997 0.057173 0.504089
v 0.362677 0.054464 0.504348
v 0.356627 0.051199 0.504660
v 0.350898 0.047403 0.505022
v 0.356627 0.051199 0.495340
v 0.362677 0.054464 0.495652
v 0.368997 0.057173 0.495911
v 0.375538 0.059304 0.496114
v 0.382245 0.060838 0.496260
v 0.389063 0.061763 0.496349
v 0.382245 0.060679 0.498752
v 0.375538 0.059139 0.498703
v 0.368997 0.057000 0.498635
v 0.362677 0.054280 0.498549
v 0.356627 0.051002 0.498445
v 0.350898 0.047191 0.498324
v 0.350898 0.048462 0.488360
v 0.356627 0.052181 0.489200
v 0.362677 0.055381 0.489922
v 0.368997 0.058036 0.490522
v 0.375538 0.060123 0.490993
v 0.382245 0.061626 0.491333
v 0.389063 0.062533 0.491538
v 0.382245 0.061154 0.493784
v 0.375538 0.059632 0.493541
v 0.368997 0.057519 0.493203
v 0.362677 0.054832 0.492773
v 0.356627 0.051593 0.492254
v 0.350898 0.047828 0.491652
v 0.350898 0.050351 0.481929
v 0.356627 0.053933 0.483233
v 0.362677 0.057016 0.484355
v 0.368997 0.059573 0.485286
v 0.375538 0.061584 0.486018
v 0.382245 0.063032 0.486545
v 0.389063 0.063906 0.486863
v 0.382245 0.062253 0.488917
v 0.375538 0.060774 0.488482
v 0.368997 0.058721 0.487879
v 0.362677 0.056110 0.487113
v 0.356627 0.052963 0.486189
v 0.350898 0.049304 0.485114
v 0.356627 0.055090 0.480345
v 0.362677 0.058095 0.481660
v 0.368997 0.060588 0.482751
v 0.375538 0.062548 0.483609
v 0.382245 0.063960 0.484227
v 0.389063 0.064812 0.484600
v 0.356627 0.057939 0.474818
v 0.362677 0.060754 0.476503
v 0.368997 0.063088 0.477901
v 0.375538 0.064924 0.479000
v 0.382245 0.066247 0.479792
v 0.389063 0.067044 0.480269
v 0.382245 0.065033 0.481973
v 0.375538 0.063663 0.481267
v 0.368997 0.061761 0.480286
v 0.362677 0.059342 0.479039
v 0.356627 0.056427 0.477536
v 0.350898 0.053038 0.475789
v 0.356627 0.061465 0.469696
v 0.362677 0.064044 0.471724
v 0.368997 0.066183 0.473406
v 0.375538 0.067865 0.474729
v 0.382245 0.069076 0.475681
v 0.389063 0.069807 0.476256
v 0.382245 0.067596 0.477692
v 0.375538 0.066327 0.476818
v 0.368997 0.064564 0.475604
v 0.362677 0.062323 0.474061
v 0.356627 0.059621 0.472201
v 0.350898 0.056480 0.470039
v 0.350898 0.062937 0.462344
v 0.356627 0.065612 0.465062
v 0.362677 0.067913 0.467399
v 0.368997 0.069822 0.469339
v 0.375538 0.071323 0.470864
v 0.382245 0.072404 0.471962
v 0.389063 0.073056 0.472625
v 0.382245 0.070681 0.473769
v 0.375538 0.069532 0.472741
v 0.368997 0.067938 0.471315
v 0.362677 0.065910 0.469500
v 0.356627 0.063465 0.467313
v 0.350898 0.060623 0.464771
v 0.350898 0.068002 0.457955
v 0.356627 0.070311 0.460989
v 0.362677 0.072298 0.463600
v 0.368997 0.073946 0.465765
v 0.375538 0.075242 0.467468
v 0.382245 0.076175 0.468694
v 0.389063 0.076738 0.469434
v 0.382245 0.074237 0.470268
v 0.375538 0.073228 0.469104
v 0.368997 0.071827 0.467487
v 0.362677 0.070045 0.465430
v 0.356627 0.067897 0.462951
v 0.350898 0.065400 0.460069
v 0.356627 0.072845 0.459185
v 0.362677 0.074662 0.461916
v 0.368997 0.076170 0.464182
v 0.375538 0.077355 0.465963
v 0.382245 0.078209 0.467246
v 0.356627 0.078230 0.456076
v 0.362677 0.079687 0.459015
v 0.368997 0.080896 0.461453
v 0.375538 0.081846 0.463370
v 0.382245 0.082530 0.464751
v 0.389063 0.082943 0.465584
v 0.389063 0.080795 0.466735
v 0.382245 0.080330 0.465930
v 0.375538 0.079559 0.464596
v 0.368997 0.078489 0.462742
v 0.362677 0.077129 0.460386
v 0.356627 0.075488 0.457545
v 0.350898 0.073582 0.454243
v 0.356627 0.083966 0.453673
v 0.362677 0.085039 0.456773
v 0.368997 0.085929 0.459345
v 0.375538 0.086629 0.461367
v 0.382245 0.087133 0.462823
v 0.389063 0.087437 0.463702
v 0.382245 0.084801 0.463714
v 0.375538 0.084206 0.462293
v 0.368997 0.083379 0.460319
v 0.362677 0.082328 0.457809
v 0.356627 0.081060 0.454783
v 0.350898 0.079587 0.451267
v 0.350898 0.089179 0.448284
v 0.356627 0.089960 0.452016
v 0.362677 0.090632 0.455227
v 0.368997 0.091189 0.457891
v 0.375538 0.091627 0.459985
v 0.382245 0.091943 0.461493
v 0.389063 0.092133 0.462403
v 0.382245 0.089517 0.462082
v 0.375538 0.089106 0.460597
v 0.368997 0.088536 0.458534
v 0.362677 0.087811 0.455911
v 0.356627 0.086937 0.452749
v 0.350898 0.085921 0.449075
v 0.350898 0.095813 0.447330
v 0.356627 0.096115 0.451131
v 0.362677 0.096375 0.454401
v 0.368997 0.096591 0.457114
v 0.375538 0.096760 0.459247
v 0.382245 0.096882 0.460783
v 0.389063 0.096956 0.461710
v 0.382245 0.094401 0.461060
v 0.375538 0.094182 0.459535
v 0.368997 0.093877 0.457416
v 0.362677 0.093490 0.454723
v 0.356627 0.093023 0.451476
v 0.350898 0.092481 0.447702
v 0.356627 0.099222 0.450983
v 0.362677 0.099274 0.454263
v 0.368997 0.099317 0.456984
v 0.375538 0.099351 0.459124
v 0.382245 0.099376 0.460665
v 0.356627 0.105434 0.451279
v 0.362677 0.105070 0.454539
v 0.368997 0.104768 0.457244
v 0.375538 0.104531 0.459370
v 0.382245 0.104360 0.460902
v 0.389063 0.101828 0.461633
v 0.382245 0.101872 0.460704
v 0.375538 0.101945 0.459165
v 0.368997 0.102047 0.457027
v 0.362677 0.102177 0.454309
v 0.356627 0.102333 0.451032
v 0.350898 0.102514 0.447224
v 0.356627 0.111558 0.452359
v 0.362677 0.110784 0.455547
v 0.368997 0.110143 0.458191
v 0.375538 0.109638 0.460271
v 0.382245 0.109275 0.461769
v 0.389063 0.109056 0.462672
v 0.389063 0.106670 0.462173
v 0.382245 0.106831 0.461257
v 0.375538 0.107099 0.459740
v 0.368997 0.107471 0.457632
v 0.362677 0.107943 0.454952
v 0.356627 0.108513 0.451722
v 0.350898 0.109175 0.447967
v 0.350898 0.118856 0.450643
v 0.356627 0.117496 0.454205
v 0.362677 0.116325 0.457270
v 0.368997 0.115354 0.459812
v 0.375538 0.114590 0.461811
v 0.382245 0.114040 0.463250
v 0.389063 0.113708 0.464119
v 0.382245 0.111681 0.462434
v 0.375538 0.112139 0.460962
v 0.368997 0.112774 0.458919
v 0.362677 0.113582 0.456320
v 0.356627 0.114556 0.453188
v 0.350898 0.115688 0.449547
v 0.350898 0.124953 0.453428
v 0.356627 0.123152 0.456788
v 0.362677 0.121603 0.459680
v 0.368997 0.120318 0.462079
v 0.375538 0.119307 0.463965
v 0.382245 0.118579 0.465323
v 0.389063 0.118140 0.466143
v 0.382245 0.116343 0.464215
v 0.375538 0.116983 0.462813
v 0.368997 0.117872 0.460866
v 0.362677 0.119002 0.458391
v 0.356627 0.120365 0.455407
v 0.350898 0.121949 0.451939
v 0.356627 0.125846 0.458344
v 0.362677 0.124117 0.461131
v 0.368997 0.122682 0.463444
v 0.375538 0.121554 0.465262
v 0.382245 0.120741 0.466571
v 0.356627 0.130912 0.461951
v 0.362677 0.128843 0.464497
v 0.368997 0.127127 0.466609
v 0.375538 0.125778 0.468270
v 0.382245 0.124806 0.469466
v 0.389063 0.122280 0.468712
v 0.382245 0.122820 0.467954
v 0.375538 0.123714 0.466699
v 0.368997 0.124955 0.464956
v 0.362677 0.126533 0.462739
v 0.356627 0.128436 0.460067
v 0.350898 0.130648 0.456961
v 0.356627 0.135480 0.466170
v 0.362677 0.133106 0.468434
v 0.368997 0.131136 0.470312
v 0.375538 0.129587 0.471788
v 0.382245 0.128472 0.472852
v 0.389063 0.126062 0.471784
v 0.382245 0.126693 0.471101
v 0.375538 0.127739 0.469969
v 0.368997 0.129190 0.468397
v 0.362677 0.131037 0.466398
v 0.356627 0.133263 0.463988
v 0.350898 0.135850 0.461187
v 0.350898 0.142547 0.468673
v 0.356627 0.139477 0.470934
v 0.362677 0.136835 0.472879
v 0.368997 0.134644 0.474492
v 0.375538 0.132921 0.475761
v 0.382245 0.131680 0.476675
v 0.389063 0.130931 0.477226
v 0.389063 0.129424 0.475310
v 0.382245 0.130137 0.474712
v 0.375538 0.131317 0.473722
v 0.368997 0.132956 0.472346
v 0.362677 0.135041 0.470597
v 0.356627 0.137554 0.468489
v 0.350898 0.140475 0.466038
v 0.350898 0.146171 0.474311
v 0.356627 0.142839 0.476165
v 0.362677 0.139972 0.477760
v 0.368997 0.137594 0.479083
v 0.375538 0.135724 0.480124
v 0.382245 0.134378 0.480873
v 0.389063 0.133565 0.481325
v 0.382245 0.133095 0.478731
v 0.375538 0.134392 0.477898
v 0.368997 0.136192 0.476741
v 0.362677 0.138481 0.475270
v 0.356627 0.141241 0.473496
v 0.350898 0.144448 0.471435
v 0.356627 0.144264 0.478930
v 0.362677 0.141302 0.480340
v 0.368997 0.138845 0.481510
v 0.375538 0.136913 0.482429
v 0.382245 0.135522 0.483092
v 0.356627 0.146575 0.484703
v 0.362677 0.143459 0.485727
v 0.368997 0.140873 0.486576
v 0.375538 0.138840 0.487244
v 0.382245 0.137376 0.487724
v 0.389063 0.135659 0.485724
v 0.382245 0.136522 0.485379
v 0.375538 0.137953 0.484806
v 0.368997 0.139940 0.484011
v 0.362677 0.142466 0.482999
v 0.356627 0.145511 0.481780
v 0.350898 0.149051 0.480363
v 0.356627 0.148137 0.490722
v 0.362677 0.144916 0.491343
v 0.368997 0.142244 0.491858
v 0.375538 0.140143 0.492263
v 0.382245 0.138630 0.492555
v 0.389063 0.137180 0.490353
v 0.382245 0.138080 0.490120
v 0.375538 0.139571 0.489733
v 0.368997 0.141643 0.489195
v 0.362677 0.144277 0.488512
v 0.356627 0.147452 0.487688
v 0.350898 0.151142 0.486730
v 0.350898 0.152730 0.496649
v 0.356627 0.148924 0.496891
v 0.362677 0.145651 0.497099
v 0.368997 0.142935 0.497271
v 0.375538 0.140799 0.497407
v 0.382245 0.139261 0.497505
v 0.389063 0.138102 0.495137
v 0.382245 0.139024 0.495020
v 0.375538 0.140553 0.494825
v 0.368997 0.142675 0.494554
v 0.362677 0.145375 0.494209
v 0.356627 0.148629 0.493794
v 0.350898 0.152411 0.493311
v 0.616472 0.074600 0.528398
v 0.619902 0.077188 0.530517
v 0.623279 0.079959 0.532404
v 0.626504 0.082910 0.534052
v 0.629466 0.086039 0.535450
v 0.632019 0.089336 0.536577
v 0.634010 0.092785 0.537411
v 0.634746 0.094559 0.537709
v 0.635285 0.096358 0.537925
v 0.635617 0.098174 0.538056
v 0.635730 0.099999 0.538100
v 0.635618 0.101825 0.538056
v 0.635288 0.103641 0.537926
v 0.634748 0.105440 0.537710
v 0.634010 0.107214 0.537411
v 0.632018 0.110666 0.536577
v 0.629465 0.113962 0.535450
v 0.626505 0.117089 0.534053
v 0.623279 0.120040 0.532404
v 0.619899 0.122812 0.530516
v 0.616472 0.125400 0.528398
v 0.583947 0.125400 0.528398
v 0.579576 0.126857 0.527024
v 0.575427 0.128240 0.525576
v 0.571513 0.129545 0.524057
v 0.567843 0.130768 0.522471
v 0.564429 0.131906 0.520823
v 0.561279 0.132956 0.519118
v 0.558402 0.133915 0.517360
v 0.555806 0.134780 0.515554
v 0.553498 0.135550 0.513705
v 0.551485 0.136221 0.511819
v 0.549772 0.136792 0.509899
v 0.548364 0.137261 0.507952
v 0.547265 0.137627 0.505984
v 0.546478 0.137890 0.503998
v 0.546005 0.138047 0.502002
v 0.545847 0.138100 0.500000
v 0.546005 0.138047 0.497998
v 0.546478 0.137890 0.496002
v 0.547265 0.137627 0.494016
v 0.548364 0.137261 0.492048
v 0.549772 0.136792 0.490101
v 0.551485 0.136221 0.488181
v 0.553498 0.135550 0.486295
v 0.555806 0.134780 0.484446
v 0.558402 0.133915 0.482640
v 0.561279 0.132956 0.480882
v 0.564429 0.131906 0.479177
v 0.567843 0.130768 0.477529
v 0.571513 0.129545 0.475943
v 0.575427 0.128240 0.474424
v 0.579576 0.126857 0.472976
v 0.583947 0.125400 0.471602
v 0.616472 0.125400 0.471602
v 0.619902 0.122812 0.469483
v 0.623279 0.120041 0.467596
v 0.626504 0.117090 0.465948
v 0.629466 0.113961 0.464550
v 0.632019 0.110664 0.463423
v 0.634010 0.107215 0.462589
v 0.634746 0.105441 0.462291
v 0.635285 0.103642 0.462075
v 0.635617 0.101826 0.461944
v 0.635730 0.100001 0.461900
v 0.635618 0.098175 0.461944
v 0.635288 0.096359 0.462074
v 0.634748 0.094560 0.462290
v 0.634010 0.092786 0.462589
v 0.632018 0.089334 0.463423
v 0.629465 0.086038 0.464550
v 0.626505 0.082911 0.465947
v 0.623279 0.079960 0.467596
v 0.619899 0.077188 0.469484
v 0.616472 0.074600 0.471602
v 0.583947 0.074600 0.471602
v 0.579576 0.073143 0.472976
v 0.575427 0.071760 0.474424
v 0.571513 0.070455 0.475943
v 0.567843 0.069232 0.477529
v 0.564429 0.068094 0.479177
v 0.561279 0.067044 0.480882
v 0.558402 0.066085 0.482640
v 0.555806 0.065220 0.484446
v 0.553498 0.064450 0.486295
v 0.551485 0.063779 0.488181
v 0.549772 0.063208 0.490101
v 0.548364 0.062739 0.492048
v 0.547265 0.062373 0.494016
v 0.546478 0.062110 0.496002
v 0.546005 0.061953 0.497998
v 0.545847 0.061900 0.500000
v 0.546005 0.061953 0.502002
v 0.546478 0.062110 0.503998
v 0.547265 0.062373 0.505984
v 0.548364 0.062739 0.507952
v 0.549772 0.063208 0.509899
v 0.551485 0.063779 0.511819
v 0.553498 0.064450 0.513705
v 0.555806 0.065220 0.515554
v 0.558402 0.066085 0.517360
v 0.561279 0.067044 0.519118
v 0.564429 0.068094 0.520823
v 0.567843 0.069232 0.522471
v 0.571513 0.070455 0.524057
v 0.575427 0.071760 0.525576
v 0.579576 0.073143 0.527024
v 0.583947 0.074600 0.528398
v 0.515834 0.061900 0.500000
v 0.515834 0.100000 0.461900
v 0.515834 0.105432 0.462289
v 0.515834 0.100000 0.538100
v 0.515834 0.094568 0.537711
v 0.515834 0.071206 0.524950
v 0.515834 0.075050 0.528794
v 0.515834 0.079402 0.532052
v 0.515834 0.084173 0.534657
v 0.515834 0.089266 0.536557
v 0.515834 0.105431 0.537711
v 0.515834 0.110734 0.536557
v 0.515834 0.115827 0.534657
v 0.515834 0.120598 0.532052
v 0.515834 0.124950 0.528794
v 0.515834 0.128794 0.524950
v 0.515834 0.132052 0.520598
v 0.515834 0.134657 0.515827
v 0.515834 0.136557 0.510734
v 0.515834 0.138100 0.500000
v 0.515834 0.137712 0.505422
v 0.515834 0.137712 0.494578
v 0.515834 0.136557 0.489266
v 0.515834 0.134657 0.484173
v 0.515834 0.132052 0.479402
v 0.515834 0.128794 0.475050
v 0.515834 0.124950 0.471206
v 0.515834 0.120598 0.467948
v 0.515834 0.115827 0.465343
v 0.515834 0.110734 0.463443
v 0.515834 0.094569 0.462289
v 0.515834 0.089266 0.463443
v 0.515834 0.084173 0.465343
v 0.515834 0.079402 0.467948
v 0.515834 0.075050 0.471206
v 0.515834 0.071206 0.475050
v 0.515834 0.067948 0.479402
v 0.515834 0.065343 0.484173
v 0.515834 0.063443 0.489266
v 0.515834 0.063443 0.510734
v 0.515834 0.065343 0.515827
v 0.515834 0.067948 0.520598
v 0.515834 0.062288 0.494578
v 0.515834 0.062288 0.505422
v 0.775359 0.058725 0.461900
v 0.776244 0.060819 0.461900
v 0.777511 0.062712 0.461900
v 0.779092 0.064360 0.461900
v 0.780920 0.065736 0.461900
v 0.782936 0.066824 0.461900
v 0.785089 0.067611 0.461900
v 0.787331 0.068089 0.461900
v 0.789618 0.068250 0.461900
v 0.791797 0.068250 0.466359
v 0.793699 0.068250 0.470934
v 0.795320 0.068250 0.475617
v 0.796655 0.068250 0.480397
v 0.797701 0.068250 0.485262
v 0.798448 0.068250 0.490184
v 0.798895 0.068250 0.495131
v 0.799040 0.068250 0.500075
v 0.796273 0.067945 0.500073
v 0.793638 0.067044 0.500070
v 0.791263 0.065590 0.500068
v 0.789262 0.063654 0.500066
v 0.787731 0.061328 0.500065
v 0.786744 0.058725 0.500064
v 0.786565 0.058725 0.495036
v 0.786021 0.058725 0.490011
v 0.785111 0.058725 0.485031
v 0.783845 0.058725 0.480144
v 0.782231 0.058725 0.475371
v 0.780274 0.058725 0.470728
v 0.777980 0.058725 0.466230
v 0.784762 0.067124 0.463899
v 0.787707 0.067124 0.470045
v 0.782513 0.065590 0.465103
v 0.781370 0.064434 0.465715
v 0.780418 0.063178 0.466224
v 0.779619 0.061791 0.466652
v 0.778986 0.060298 0.466990
v 0.787264 0.068023 0.462561
v 0.790318 0.068023 0.468934
v 0.785360 0.065590 0.471043
v 0.784167 0.064434 0.471551
v 0.783173 0.063178 0.471974
v 0.782339 0.061791 0.472328
v 0.781678 0.060298 0.472610
v 0.792672 0.068023 0.475184
v 0.789977 0.067124 0.476072
v 0.787555 0.065590 0.476869
v 0.786322 0.064434 0.477275
v 0.785297 0.063178 0.477613
v 0.784436 0.061791 0.477896
v 0.783754 0.060298 0.478121
v 0.794494 0.068023 0.481621
v 0.791734 0.067124 0.482278
v 0.789252 0.065590 0.482869
v 0.787990 0.064434 0.483169
v 0.786940 0.063178 0.483419
v 0.786058 0.061791 0.483629
v 0.785360 0.060298 0.483795
v 0.795770 0.068023 0.488209
v 0.792964 0.067124 0.488631
v 0.790442 0.065590 0.489010
v 0.789159 0.064434 0.489202
v 0.788091 0.063178 0.489363
v 0.787195 0.061791 0.489497
v 0.786485 0.060298 0.489604
v 0.796484 0.068023 0.494871
v 0.793653 0.067124 0.495055
v 0.791108 0.065590 0.495220
v 0.789813 0.064434 0.495303
v 0.788736 0.063178 0.495373
v 0.787832 0.061791 0.495432
v 0.787115 0.060298 0.495478
v 0.789618 0.068250 0.538100
v 0.787331 0.068089 0.538100
v 0.785090 0.067611 0.538100
v 0.782938 0.066824 0.538100
v 0.780923 0.065738 0.538100
v 0.779097 0.064364 0.538100
v 0.777516 0.062717 0.538100
v 0.776246 0.060822 0.538100
v 0.775359 0.058725 0.538100
v 0.777974 0.058725 0.533780
v 0.780263 0.058725 0.529294
v 0.782218 0.058725 0.524660
v 0.783833 0.058725 0.519896
v 0.785097 0.058725 0.515026
v 0.786007 0.058725 0.510078
v 0.786557 0.058725 0.505082
v 0.798886 0.068250 0.505010
v 0.798433 0.068250 0.509931
v 0.797684 0.068250 0.514819
v 0.796641 0.068250 0.519655
v 0.795308 0.068250 0.524420
v 0.793689 0.068250 0.529091
v 0.791791 0.068250 0.533655
v 0.784534 0.060298 0.519348
v 0.779980 0.060298 0.531080
v 0.780624 0.061791 0.531399
v 0.781436 0.063178 0.531801
v 0.782403 0.064434 0.532281
v 0.783565 0.065590 0.532857
v 0.785850 0.067124 0.533990
v 0.788392 0.068023 0.535250
v 0.781471 0.065590 0.536780
v 0.780345 0.064434 0.536135
v 0.779408 0.063178 0.535598
v 0.778622 0.061791 0.535148
v 0.777999 0.060298 0.534791
v 0.783683 0.067124 0.538049
v 0.781732 0.060298 0.527262
v 0.782394 0.061791 0.527542
v 0.783228 0.063178 0.527895
v 0.784222 0.064434 0.528315
v 0.785417 0.065590 0.528821
v 0.787766 0.067124 0.529815
v 0.790379 0.068023 0.530920
v 0.783251 0.060298 0.523348
v 0.783928 0.061791 0.523587
v 0.784783 0.063178 0.523890
v 0.785800 0.064434 0.524250
v 0.787023 0.065590 0.524683
v 0.789428 0.067124 0.525534
v 0.792102 0.068023 0.526481
v 0.785224 0.061791 0.519546
v 0.786095 0.063178 0.519797
v 0.787132 0.064434 0.520096
v 0.788379 0.065590 0.520454
v 0.790830 0.067124 0.521160
v 0.793556 0.068023 0.521944
v 0.786365 0.060298 0.511153
v 0.787074 0.061791 0.511268
v 0.787969 0.063178 0.511412
v 0.789035 0.064434 0.511584
v 0.790316 0.065590 0.511791
v 0.792833 0.067124 0.512197
v 0.795634 0.068023 0.512650
v 0.794735 0.068023 0.517328
v 0.791966 0.067124 0.516708
v 0.789477 0.065590 0.516151
v 0.788211 0.064434 0.515868
v 0.787158 0.063178 0.515632
v 0.786273 0.061791 0.515434
v 0.785572 0.060298 0.515277
v 0.786910 0.060298 0.506991
v 0.787625 0.061791 0.507063
v 0.788527 0.063178 0.507153
v 0.789601 0.064434 0.507261
v 0.790892 0.065590 0.507391
v 0.793429 0.067124 0.507645
v 0.796252 0.068023 0.507929
v 0.787172 0.060298 0.503531
v 0.787889 0.061791 0.503567
v 0.788795 0.063178 0.503613
v 0.789873 0.064434 0.503667
v 0.791168 0.065590 0.503733
v 0.793716 0.067124 0.503861
v 0.796549 0.068023 0.504004
v 0.774447 0.049200 0.500000
v 0.774075 0.049200 0.493485
v 0.772962 0.049200 0.487056
v 0.771123 0.049200 0.480795
v 0.768583 0.049200 0.474784
v 0.765375 0.049200 0.469102
v 0.761539 0.049200 0.463823
v 0.757127 0.049200 0.459016
v 0.752196 0.049200 0.454743
v 0.746809 0.049200 0.451060
v 0.741038 0.049200 0.448015
v 0.734957 0.049200 0.445647
v 0.728646 0.049200 0.443988
v 0.722188 0.049200 0.443060
v 0.715665 0.049200 0.442873
v 0.709164 0.049200 0.443432
v 0.702768 0.049200 0.444728
v 0.696563 0.049200 0.446744
v 0.690627 0.049200 0.449455
v 0.685039 0.049200 0.452824
v 0.679872 0.049200 0.456809
v 0.675192 0.049200 0.461357
v 0.671062 0.049200 0.466408
v 0.667534 0.049200 0.471897
v 0.664655 0.049200 0.477753
v 0.662462 0.049200 0.483899
v 0.660984 0.049200 0.490255
v 0.660240 0.049200 0.496737
v 0.660240 0.049200 0.503263
v 0.660984 0.049200 0.509745
v 0.662462 0.049200 0.516101
v 0.664655 0.049200 0.522247
v 0.667534 0.049200 0.528103
v 0.671062 0.049200 0.533592
v 0.675192 0.049200 0.538643
v 0.679872 0.049200 0.543191
v 0.685039 0.049200 0.547176
v 0.690627 0.049200 0.550545
v 0.696563 0.049200 0.553256
v 0.702768 0.049200 0.555272
v 0.709164 0.049200 0.556568
v 0.715665 0.049200 0.557127
v 0.722188 0.049200 0.556940
v 0.728646 0.049200 0.556012
v 0.734957 0.049200 0.554353
v 0.741038 0.049200 0.551986
v 0.746809 0.049200 0.548940
v 0.752196 0.049200 0.545257
v 0.757127 0.049200 0.540984
v 0.761539 0.049200 0.536177
v 0.765375 0.049200 0.530898
v 0.768583 0.049200 0.525216
v 0.771123 0.049200 0.519205
v 0.772962 0.049200 0.512944
v 0.774075 0.049200 0.506515
v 0.775841 0.061900 0.461900
v 0.775720 0.060323 0.461900
v 0.775720 0.060323 0.538100
v 0.775841 0.061900 0.538100
v 0.771657 0.061900 0.543864
v 0.766908 0.061900 0.549171
v 0.761642 0.061900 0.553968
v 0.755916 0.061900 0.558203
v 0.749789 0.061900 0.561833
v 0.743323 0.061900 0.564820
v 0.736587 0.061900 0.567134
v 0.729650 0.061900 0.568749
v 0.722585 0.061900 0.569650
v 0.715465 0.061900 0.569826
v 0.708364 0.061900 0.569276
v 0.701356 0.061900 0.568007
v 0.694513 0.061900 0.566030
v 0.687908 0.061900 0.563366
v 0.681608 0.061900 0.560044
v 0.675679 0.061900 0.556098
v 0.670183 0.061900 0.551568
v 0.665176 0.061900 0.546502
v 0.660627 0.061900 0.540836
v 0.656692 0.061900 0.534728
v 0.653412 0.061900 0.528245
v 0.650824 0.061900 0.521455
v 0.648955 0.061900 0.514434
v 0.647825 0.061900 0.507256
v 0.647447 0.061900 0.500000
v 0.647825 0.061900 0.492744
v 0.648955 0.061900 0.485566
v 0.650824 0.061900 0.478545
v 0.653412 0.061900 0.471755
v 0.656692 0.061900 0.465272
v 0.660627 0.061900 0.459164
v 0.665176 0.061900 0.453498
v 0.670183 0.061900 0.448432
v 0.675679 0.061900 0.443902
v 0.681608 0.061900 0.439956
v 0.687908 0.061900 0.436634
v 0.694513 0.061900 0.433970
v 0.701356 0.061900 0.431993
v 0.708364 0.061900 0.430724
v 0.715465 0.061900 0.430174
v 0.722585 0.061900 0.430350
v 0.729650 0.061900 0.431251
v 0.736587 0.061900 0.432866
v 0.743323 0.061900 0.435180
v 0.749789 0.061900 0.438167
v 0.755916 0.061900 0.441797
v 0.761642 0.061900 0.446032
v 0.766908 0.061900 0.450829
v 0.771657 0.061900 0.456136
v 0.717297 0.049518 0.559976
v 0.717297 0.050458 0.562660
v 0.717297 0.051971 0.565068
v 0.717297 0.053982 0.567079
v 0.717297 0.056390 0.568592
v 0.717297 0.059074 0.569532
v 0.776945 0.049518 0.493731
v 0.779614 0.050458 0.493450
v 0.782009 0.051971 0.493199
v 0.784009 0.053982 0.492988
v 0.785514 0.056390 0.492830
v 0.785889 0.056390 0.500054
v 0.784376 0.053982 0.500042
v 0.782365 0.051971 0.500031
v 0.779957 0.050458 0.500020
v 0.777273 0.049518 0.500009
v 0.775962 0.049518 0.487530
v 0.778588 0.050458 0.486972
v 0.780943 0.051971 0.486472
v 0.782910 0.053982 0.486053
v 0.784390 0.056390 0.485739
v 0.774338 0.049518 0.481466
v 0.776891 0.050458 0.480637
v 0.779181 0.051971 0.479893
v 0.781093 0.053982 0.479271
v 0.782532 0.056390 0.478804
v 0.772088 0.049518 0.475606
v 0.774540 0.050458 0.474514
v 0.776740 0.051971 0.473534
v 0.778577 0.053982 0.472716
v 0.779959 0.056390 0.472101
v 0.769238 0.049518 0.470012
v 0.771562 0.050458 0.468670
v 0.773648 0.051971 0.467466
v 0.775389 0.053982 0.466460
v 0.776700 0.056390 0.465704
v 0.765819 0.049518 0.464747
v 0.767990 0.050458 0.463169
v 0.769938 0.051971 0.461754
v 0.771565 0.053982 0.460572
v 0.772789 0.056390 0.459682
v 0.773549 0.059074 0.459130
v 0.761868 0.049518 0.459868
v 0.763863 0.050458 0.458072
v 0.765652 0.051971 0.456461
v 0.767147 0.053982 0.455115
v 0.768271 0.056390 0.454103
v 0.768969 0.059074 0.453474
v 0.757429 0.049518 0.455429
v 0.759225 0.050458 0.453434
v 0.760836 0.051971 0.451645
v 0.762182 0.053982 0.450150
v 0.763194 0.056390 0.449026
v 0.763823 0.059074 0.448328
v 0.752550 0.049518 0.451478
v 0.754128 0.050458 0.449307
v 0.755543 0.051971 0.447359
v 0.756725 0.053982 0.445732
v 0.757615 0.056390 0.444508
v 0.758167 0.059074 0.443748
v 0.747285 0.049518 0.448059
v 0.748627 0.050458 0.445735
v 0.749831 0.051971 0.443649
v 0.750837 0.053982 0.441908
v 0.751593 0.056390 0.440597
v 0.752063 0.059074 0.439784
v 0.741691 0.049518 0.445209
v 0.742783 0.050458 0.442757
v 0.743763 0.051971 0.440557
v 0.744581 0.053982 0.438720
v 0.745196 0.056390 0.437338
v 0.745578 0.059074 0.436480
v 0.729767 0.049518 0.441335
v 0.730325 0.050458 0.438709
v 0.730825 0.051971 0.436354
v 0.731244 0.053982 0.434387
v 0.731558 0.056390 0.432907
v 0.731753 0.059074 0.431988
v 0.738783 0.059074 0.433872
v 0.738493 0.056390 0.434765
v 0.738026 0.053982 0.436204
v 0.737404 0.051971 0.438116
v 0.736660 0.050458 0.440407
v 0.735831 0.049518 0.442959
v 0.723566 0.049518 0.440353
v 0.723847 0.050458 0.437683
v 0.724099 0.051971 0.435288
v 0.724309 0.053982 0.433288
v 0.724467 0.056390 0.431783
v 0.724565 0.059074 0.430849
v 0.717297 0.049518 0.440024
v 0.717297 0.050458 0.437340
v 0.717297 0.051971 0.434932
v 0.717297 0.053982 0.432921
v 0.717297 0.056390 0.431408
v 0.717297 0.059074 0.430468
v 0.711028 0.049518 0.440353
v 0.710747 0.050458 0.437683
v 0.710496 0.051971 0.435288
v 0.710285 0.053982 0.433288
v 0.710127 0.056390 0.431783
v 0.710029 0.059074 0.430849
v 0.704827 0.049518 0.441335
v 0.704269 0.050458 0.438709
v 0.703769 0.051971 0.436354
v 0.703350 0.053982 0.434387
v 0.703036 0.056390 0.432907
v 0.702841 0.059074 0.431988
v 0.698763 0.049518 0.442959
v 0.697934 0.050458 0.440407
v 0.697190 0.051971 0.438116
v 0.696568 0.053982 0.436204
v 0.696101 0.056390 0.434765
v 0.695811 0.059074 0.433872
v 0.692903 0.049518 0.445209
v 0.691811 0.050458 0.442757
v 0.690831 0.051971 0.440557
v 0.690013 0.053982 0.438720
v 0.689398 0.056390 0.437338
v 0.689016 0.059074 0.436480
v 0.687309 0.049518 0.448059
v 0.685967 0.050458 0.445735
v 0.684763 0.051971 0.443649
v 0.683757 0.053982 0.441908
v 0.683001 0.056390 0.440597
v 0.682531 0.059074 0.439784
v 0.682044 0.049518 0.451478
v 0.680466 0.050458 0.449307
v 0.679051 0.051971 0.447359
v 0.677869 0.053982 0.445732
v 0.676979 0.056390 0.444508
v 0.676427 0.059074 0.443748
v 0.677165 0.049518 0.455429
v 0.675369 0.050458 0.453434
v 0.673758 0.051971 0.451645
v 0.672412 0.053982 0.450150
v 0.671400 0.056390 0.449026
v 0.670771 0.059074 0.448328
v 0.672726 0.049518 0.459868
v 0.670731 0.050458 0.458072
v 0.668942 0.051971 0.456461
v 0.667447 0.053982 0.455115
v 0.666323 0.056390 0.454103
v 0.665625 0.059074 0.453474
v 0.665356 0.049518 0.470012
v 0.663032 0.050458 0.468670
v 0.660946 0.051971 0.467466
v 0.659205 0.053982 0.466460
v 0.657894 0.056390 0.465704
v 0.657081 0.059074 0.465234
v 0.661045 0.059074 0.459130
v 0.661805 0.056390 0.459682
v 0.663029 0.053982 0.460572
v 0.664656 0.051971 0.461754
v 0.666604 0.050458 0.463169
v 0.668775 0.049518 0.464747
v 0.662506 0.049518 0.475606
v 0.660054 0.050458 0.474514
v 0.657854 0.051971 0.473534
v 0.656017 0.053982 0.472716
v 0.654635 0.056390 0.472101
v 0.653777 0.059074 0.471719
v 0.660256 0.049518 0.481466
v 0.657704 0.050458 0.480637
v 0.655413 0.051971 0.479893
v 0.653501 0.053982 0.479271
v 0.652062 0.056390 0.478804
v 0.651169 0.059074 0.478514
v 0.658632 0.049518 0.487530
v 0.656006 0.050458 0.486972
v 0.653651 0.051971 0.486472
v 0.651684 0.053982 0.486053
v 0.650204 0.056390 0.485739
v 0.649285 0.059074 0.485544
v 0.657649 0.049518 0.493736
v 0.654979 0.050458 0.493462
v 0.652583 0.051971 0.493217
v 0.650583 0.053982 0.493013
v 0.649077 0.056390 0.492862
v 0.648142 0.059074 0.492770
v 0.657321 0.049518 0.500000
v 0.654637 0.050458 0.500000
v 0.652229 0.051971 0.500000
v 0.650218 0.053982 0.500000
v 0.648705 0.056390 0.500000
v 0.647765 0.059074 0.500000
v 0.657649 0.049518 0.506264
v 0.654979 0.050458 0.506538
v 0.652583 0.051971 0.506783
v 0.650583 0.053982 0.506987
v 0.649077 0.056390 0.507138
v 0.648142 0.059074 0.507230
v 0.658632 0.049518 0.512470
v 0.656006 0.050458 0.513028
v 0.653651 0.051971 0.513528
v 0.651684 0.053982 0.513947
v 0.650204 0.056390 0.514261
v 0.649285 0.059074 0.514456
v 0.660256 0.049518 0.518534
v 0.657704 0.050458 0.519363
v 0.655413 0.051971 0.520107
v 0.653501 0.053982 0.520729
v 0.652062 0.056390 0.521196
v 0.651169 0.059074 0.521486
v 0.662506 0.049518 0.524394
v 0.660054 0.050458 0.525486
v 0.657854 0.051971 0.526466
v 0.656017 0.053982 0.527284
v 0.654635 0.056390 0.527899
v 0.653777 0.059074 0.528281
v 0.665356 0.049518 0.529988
v 0.663032 0.050458 0.531330
v 0.660946 0.051971 0.532534
v 0.659205 0.053982 0.533540
v 0.657894 0.056390 0.534296
v 0.657081 0.059074 0.534766
v 0.672726 0.049518 0.540132
v 0.670731 0.050458 0.541928
v 0.668942 0.051971 0.543539
v 0.667447 0.053982 0.544885
v 0.666323 0.056390 0.545897
v 0.665625 0.059074 0.546526
v 0.661045 0.059074 0.540870
v 0.661805 0.056390 0.540318
v 0.663029 0.053982 0.539428
v 0.664656 0.051971 0.538246
v 0.666604 0.050458 0.536831
v 0.668775 0.049518 0.535253
v 0.677165 0.049518 0.544571
v 0.675369 0.050458 0.546566
v 0.673758 0.051971 0.548355
v 0.672412 0.053982 0.549850
v 0.671400 0.056390 0.550974
v 0.670771 0.059074 0.551672
v 0.682044 0.049518 0.548522
v 0.680466 0.050458 0.550693
v 0.679051 0.051971 0.552641
v 0.677869 0.053982 0.554268
v 0.676979 0.056390 0.555492
v 0.676427 0.059074 0.556252
v 0.687309 0.049518 0.551941
v 0.685967 0.050458 0.554265
v 0.684763 0.051971 0.556351
v 0.683757 0.053982 0.558092
v 0.683001 0.056390 0.559403
v 0.682531 0.059074 0.560216
v 0.692903 0.049518 0.554791
v 0.691811 0.050458 0.557243
v 0.690831 0.051971 0.559443
v 0.690013 0.053982 0.561280
v 0.689398 0.056390 0.562662
v 0.689016 0.059074 0.563520
v 0.698763 0.049518 0.557041
v 0.697934 0.050458 0.559593
v 0.697190 0.051971 0.561884
v 0.696568 0.053982 0.563796
v 0.696101 0.056390 0.565235
v 0.695811 0.059074 0.566128
v 0.704827 0.049518 0.558665
v 0.704269 0.050458 0.561291
v 0.703769 0.051971 0.563646
v 0.703350 0.053982 0.565613
v 0.703036 0.056390 0.567093
v 0.702841 0.059074 0.568012
v 0.711028 0.049518 0.559647
v 0.710747 0.050458 0.562317
v 0.710496 0.051971 0.564712
v 0.710285 0.053982 0.566712
v 0.710127 0.056390 0.568217
v 0.710029 0.059074 0.569151
v 0.723566 0.049518 0.559647
v 0.723847 0.050458 0.562317
v 0.724099 0.051971 0.564712
v 0.724309 0.053982 0.566712
v 0.724467 0.056390 0.568217
v 0.724565 0.059074 0.569151
v 0.729767 0.049518 0.558665
v 0.730325 0.050458 0.561291
v 0.730825 0.051971 0.563646
v 0.731244 0.053982 0.565613
v 0.731558 0.056390 0.567093
v 0.731753 0.059074 0.568012
v 0.741691 0.049518 0.554791
v 0.742783 0.050458 0.557243
v 0.743763 0.051971 0.559443
v 0.744581 0.053982 0.561280
v 0.745196 0.056390 0.562662
v 0.745578 0.059074 0.563520
v 0.738783 0.059074 0.566128
v 0.738493 0.056390 0.565235
v 0.738026 0.053982 0.563796
v 0.737404 0.051971 0.561884
v 0.736660 0.050458 0.559593
v 0.735831 0.049518 0.557041
v 0.747285 0.049518 0.551941
v 0.748627 0.050458 0.554265
v 0.749831 0.051971 0.556351
v 0.750837 0.053982 0.558092
v 0.751593 0.056390 0.559403
v 0.752063 0.059074 0.560216
v 0.752550 0.049518 0.548522
v 0.754128 0.050458 0.550693
v 0.755543 0.051971 0.552641
v 0.756725 0.053982 0.554268
v 0.757615 0.056390 0.555492
v 0.758167 0.059074 0.556252
v 0.757429 0.049518 0.544571
v 0.759225 0.050458 0.546566
v 0.760836 0.051971 0.548355
v 0.762182 0.053982 0.549850
v 0.763194 0.056390 0.550974
v 0.763823 0.059074 0.551672
v 0.761868 0.049518 0.540132
v 0.763863 0.050458 0.541928
v 0.765652 0.051971 0.543539
v 0.767147 0.053982 0.544885
v 0.768271 0.056390 0.545897
v 0.768969 0.059074 0.546526
v 0.765819 0.049518 0.535253
v 0.767990 0.050458 0.536831
v 0.769938 0.051971 0.538246
v 0.771565 0.053982 0.539428
v 0.772789 0.056390 0.540318
v 0.773549 0.059074 0.540870
v 0.769238 0.049518 0.529988
v 0.771562 0.050458 0.531330
v 0.773648 0.051971 0.532534
v 0.775389 0.053982 0.533540
v 0.776700 0.056390 0.534296
v 0.772088 0.049518 0.524394
v 0.774540 0.050458 0.525486
v 0.776740 0.051971 0.526466
v 0.778577 0.053982 0.527284
v 0.779959 0.056390 0.527899
v 0.774338 0.049518 0.518534
v 0.776891 0.050458 0.519363
v 0.779181 0.051971 0.520107
v 0.781093 0.053982 0.520729
v 0.782532 0.056390 0.521196
v 0.775962 0.049518 0.512470
v 0.778588 0.050458 0.513028
v 0.780943 0.051971 0.513528
v 0.782910 0.053982 0.513947
v 0.784390 0.056390 0.514261
v 0.776945 0.049518 0.506269
v 0.779614 0.050458 0.506550
v 0.782009 0.051971 0.506801
v 0.784009 0.053982 0.507012
v 0.785514 0.056390 0.507170
v 0.775841 0.143180 0.538100
v 0.771587 0.143180 0.543950
v 0.766751 0.143180 0.549329
v 0.761384 0.143180 0.554179
v 0.755545 0.143180 0.558448
v 0.749295 0.143180 0.562090
v 0.742703 0.143180 0.565066
v 0.735837 0.143180 0.567344
v 0.728773 0.143180 0.568901
v 0.721586 0.143180 0.569718
v 0.714354 0.143180 0.569788
v 0.707152 0.143180 0.569109
v 0.700059 0.143180 0.567690
v 0.693152 0.143180 0.565544
v 0.686503 0.143180 0.562696
v 0.680184 0.143180 0.559175
v 0.674263 0.143180 0.555019
v 0.668804 0.143180 0.550274
v 0.663865 0.143180 0.544989
v 0.664965 0.138954 0.546264
v 0.666006 0.134580 0.547415
v 0.666969 0.130060 0.548437
v 0.667837 0.125400 0.549323
v 0.668773 0.119275 0.550244
v 0.669481 0.112965 0.550918
v 0.669923 0.106519 0.551330
v 0.670074 0.099999 0.551468
v 0.669922 0.093480 0.551329
v 0.669480 0.087033 0.550918
v 0.668773 0.080724 0.550244
v 0.667837 0.074600 0.549323
v 0.666594 0.068112 0.548044
v 0.775822 0.143815 0.538100
v 0.775879 0.143184 0.538100
v 0.776460 0.140750 0.538100
v 0.777568 0.138491 0.538100
v 0.779112 0.136502 0.538100
v 0.781004 0.134827 0.538100
v 0.783158 0.133499 0.538100
v 0.785501 0.132534 0.538100
v 0.787966 0.131948 0.538100
v 0.790493 0.131750 0.538100
v 0.792649 0.131750 0.533636
v 0.794531 0.131750 0.529056
v 0.796135 0.131750 0.524371
v 0.797456 0.131750 0.519592
v 0.798490 0.131750 0.514728
v 0.799229 0.131750 0.509809
v 0.799671 0.131750 0.504865
v 0.799815 0.131750 0.499925
v 0.797078 0.132049 0.499927
v 0.794469 0.132930 0.499930
v 0.792112 0.134353 0.499932
v 0.790116 0.136251 0.499934
v 0.788577 0.138534 0.499935
v 0.787566 0.141096 0.499936
v 0.787131 0.143815 0.499936
v 0.786954 0.143815 0.504961
v 0.786414 0.143815 0.509982
v 0.785510 0.143815 0.514960
v 0.784252 0.143815 0.519846
v 0.782649 0.143815 0.524619
v 0.780705 0.143815 0.529263
v 0.778426 0.143815 0.533764
v 0.787711 0.132049 0.537514
v 0.786251 0.132533 0.536736
v 0.784862 0.133237 0.535997
v 0.783571 0.134148 0.535309
v 0.782399 0.135248 0.534685
v 0.781226 0.136728 0.534060
v 0.780303 0.138331 0.533568
v 0.779603 0.140074 0.533195
v 0.779142 0.141916 0.532949
v 0.790713 0.132049 0.531234
v 0.789191 0.132533 0.530587
v 0.787744 0.133237 0.529971
v 0.786397 0.134148 0.529398
v 0.785176 0.135248 0.528878
v 0.783952 0.136728 0.528358
v 0.782989 0.138331 0.527948
v 0.782259 0.140074 0.527638
v 0.781779 0.141916 0.527433
v 0.793080 0.132049 0.524950
v 0.791509 0.132533 0.524433
v 0.790014 0.133237 0.523941
v 0.788624 0.134148 0.523483
v 0.787364 0.135248 0.523068
v 0.786101 0.136728 0.522652
v 0.785107 0.138331 0.522325
v 0.784354 0.140074 0.522077
v 0.783858 0.141916 0.521914
v 0.794911 0.132049 0.518479
v 0.793302 0.132533 0.518096
v 0.791772 0.133237 0.517731
v 0.790348 0.134148 0.517392
v 0.789057 0.135248 0.517085
v 0.787764 0.136728 0.516777
v 0.786746 0.138331 0.516535
v 0.785974 0.140074 0.516351
v 0.785466 0.141916 0.516230
v 0.796194 0.132049 0.511855
v 0.794558 0.132533 0.511609
v 0.793003 0.133237 0.511375
v 0.791556 0.134148 0.511158
v 0.790243 0.135248 0.510961
v 0.788929 0.136728 0.510763
v 0.787894 0.138331 0.510608
v 0.787109 0.140074 0.510490
v 0.786593 0.141916 0.510412
v 0.796913 0.132049 0.505156
v 0.795262 0.132533 0.505049
v 0.793692 0.133237 0.504948
v 0.792232 0.134148 0.504853
v 0.790908 0.135248 0.504767
v 0.789581 0.136728 0.504682
v 0.788537 0.138331 0.504614
v 0.787745 0.140074 0.504563
v 0.787224 0.141916 0.504529
v 0.790493 0.131750 0.461900
v 0.787965 0.131948 0.461900
v 0.785500 0.132535 0.461900
v 0.783157 0.133499 0.461900
v 0.781003 0.134827 0.461900
v 0.779112 0.136501 0.461900
v 0.777567 0.138491 0.461900
v 0.776459 0.140750 0.461900
v 0.775879 0.143184 0.461900
v 0.775822 0.143815 0.461900
v 0.778420 0.143815 0.466225
v 0.780694 0.143815 0.470714
v 0.782636 0.143815 0.475350
v 0.784240 0.143815 0.480114
v 0.785496 0.143815 0.484983
v 0.786399 0.143815 0.489928
v 0.786945 0.143815 0.494922
v 0.799662 0.131750 0.494994
v 0.799214 0.131750 0.490077
v 0.798474 0.131750 0.485191
v 0.797442 0.131750 0.480357
v 0.796123 0.131750 0.475592
v 0.794521 0.131750 0.470919
v 0.792643 0.131750 0.466351
v 0.784665 0.141916 0.480713
v 0.780162 0.141916 0.469042
v 0.780631 0.140074 0.468812
v 0.781342 0.138331 0.468461
v 0.782281 0.136728 0.467999
v 0.783474 0.135248 0.467412
v 0.784664 0.134148 0.466825
v 0.785977 0.133237 0.466179
v 0.787389 0.132533 0.465484
v 0.788873 0.132049 0.464753
v 0.782566 0.134148 0.462867
v 0.781412 0.135248 0.463523
v 0.780257 0.136728 0.464180
v 0.779347 0.138331 0.464698
v 0.778658 0.140074 0.465090
v 0.778204 0.141916 0.465348
v 0.783838 0.133237 0.462143
v 0.781895 0.141916 0.472841
v 0.782376 0.140074 0.472639
v 0.783107 0.138331 0.472332
v 0.784072 0.136728 0.471926
v 0.785297 0.135248 0.471411
v 0.786520 0.134148 0.470897
v 0.787870 0.133237 0.470329
v 0.789320 0.132533 0.469720
v 0.790845 0.132049 0.469078
v 0.783397 0.141916 0.476735
v 0.783889 0.140074 0.476562
v 0.784637 0.138331 0.476299
v 0.785625 0.136728 0.475951
v 0.786878 0.135248 0.475510
v 0.788130 0.134148 0.475069
v 0.789511 0.133237 0.474583
v 0.790995 0.132533 0.474061
v 0.792555 0.132049 0.473512
v 0.785167 0.140074 0.480570
v 0.785929 0.138331 0.480351
v 0.786935 0.136728 0.480063
v 0.788213 0.135248 0.479697
v 0.789489 0.134148 0.479332
v 0.790896 0.133237 0.478929
v 0.792408 0.132533 0.478496
v 0.793999 0.132049 0.478041
v 0.786478 0.141916 0.488861
v 0.786994 0.140074 0.488778
v 0.787777 0.138331 0.488652
v 0.788810 0.136728 0.488485
v 0.790122 0.135248 0.488274
v 0.791433 0.134148 0.488063
v 0.792878 0.133237 0.487830
v 0.794431 0.132533 0.487580
v 0.796064 0.132049 0.487317
v 0.795170 0.132049 0.482649
v 0.793555 0.132533 0.483009
v 0.792019 0.133237 0.483351
v 0.790591 0.134148 0.483669
v 0.789296 0.135248 0.483958
v 0.787998 0.136728 0.484247
v 0.786977 0.138331 0.484475
v 0.786203 0.140074 0.484647
v 0.785693 0.141916 0.484761
v 0.787019 0.141916 0.492998
v 0.787539 0.140074 0.492946
v 0.788328 0.138331 0.492867
v 0.789369 0.136728 0.492762
v 0.790692 0.135248 0.492629
v 0.792012 0.134148 0.492497
v 0.793468 0.133237 0.492351
v 0.795033 0.132533 0.492193
v 0.796679 0.132049 0.492028
v 0.787282 0.141916 0.496464
v 0.787803 0.140074 0.496438
v 0.788595 0.138331 0.496398
v 0.789640 0.136728 0.496345
v 0.790968 0.135248 0.496278
v 0.792293 0.134148 0.496211
v 0.793755 0.133237 0.496137
v 0.795326 0.132533 0.496058
v 0.796978 0.132049 0.495974
v 0.774447 0.155880 0.500000
v 0.774075 0.155880 0.506515
v 0.772962 0.155880 0.512944
v 0.771123 0.155880 0.519205
v 0.768583 0.155880 0.525216
v 0.765375 0.155880 0.530898
v 0.761539 0.155880 0.536177
v 0.757127 0.155880 0.540984
v 0.752196 0.155880 0.545257
v 0.746809 0.155880 0.548940
v 0.741038 0.155880 0.551985
v 0.734957 0.155880 0.554353
v 0.728646 0.155880 0.556012
v 0.722188 0.155880 0.556940
v 0.715665 0.155880 0.557127
v 0.709164 0.155880 0.556568
v 0.702768 0.155880 0.555272
v 0.696563 0.155880 0.553256
v 0.690627 0.155880 0.550545
v 0.685039 0.155880 0.547176
v 0.679872 0.155880 0.543191
v 0.675192 0.155880 0.538643
v 0.671062 0.155880 0.533592
v 0.667534 0.155880 0.528103
v 0.664655 0.155880 0.522247
v 0.662462 0.155880 0.516101
v 0.660984 0.155880 0.509745
v 0.660240 0.155880 0.503263
v 0.660240 0.155880 0.496737
v 0.660984 0.155880 0.490255
v 0.662462 0.155880 0.483899
v 0.664655 0.155880 0.477753
v 0.667534 0.155880 0.471897
v 0.671062 0.155880 0.466408
v 0.675192 0.155880 0.461357
v 0.679872 0.155880 0.456809
v 0.685039 0.155880 0.452824
v 0.690627 0.155880 0.449455
v 0.696563 0.155880 0.446744
v 0.702768 0.155880 0.444728
v 0.709164 0.155880 0.443432
v 0.715665 0.155880 0.442873
v 0.722188 0.155880 0.443060
v 0.728646 0.155880 0.443988
v 0.734957 0.155880 0.445647
v 0.741038 0.155880 0.448015
v 0.746809 0.155880 0.451060
v 0.752196 0.155880 0.454743
v 0.757127 0.155880 0.459016
v 0.761539 0.155880 0.463823
v 0.765375 0.155880 0.469102
v 0.768583 0.155880 0.474784
v 0.771123 0.155880 0.480795
v 0.772962 0.155880 0.487056
v 0.774075 0.155880 0.493485
v 0.775841 0.143180 0.461900
v 0.771587 0.143180 0.456050
v 0.766751 0.143180 0.450671
v 0.761384 0.143180 0.445821
v 0.755545 0.143180 0.441552
v 0.749295 0.143180 0.437910
v 0.742703 0.143180 0.434934
v 0.735837 0.143180 0.432656
v 0.728773 0.143180 0.431099
v 0.721586 0.143180 0.430282
v 0.714354 0.143180 0.430212
v 0.707152 0.143180 0.430891
v 0.700059 0.143180 0.432310
v 0.693152 0.143180 0.434456
v 0.686503 0.143180 0.437304
v 0.680184 0.143180 0.440825
v 0.674263 0.143180 0.444981
v 0.668804 0.143180 0.449726
v 0.663865 0.143180 0.455011
v 0.659642 0.143180 0.460568
v 0.655994 0.143180 0.466520
v 0.652958 0.143180 0.472805
v 0.650565 0.143180 0.479363
v 0.648839 0.143180 0.486126
v 0.647796 0.143180 0.493028
v 0.647447 0.143180 0.500000
v 0.647796 0.143180 0.506972
v 0.648839 0.143180 0.513874
v 0.650565 0.143180 0.520637
v 0.652958 0.143180 0.527195
v 0.655994 0.143180 0.533480
v 0.659642 0.143180 0.539432
v 0.717297 0.155562 0.440024
v 0.717297 0.154622 0.437340
v 0.717297 0.153109 0.434932
v 0.717297 0.151098 0.432921
v 0.717297 0.148690 0.431408
v 0.717297 0.146006 0.430468
v 0.776945 0.155562 0.506269
v 0.779614 0.154622 0.506550
v 0.782009 0.153109 0.506801
v 0.784009 0.151098 0.507012
v 0.785514 0.148690 0.507170
v 0.786448 0.146006 0.507268
v 0.786829 0.146006 0.499944
v 0.785889 0.148690 0.499954
v 0.784376 0.151098 0.499964
v 0.782365 0.153109 0.499974
v 0.779957 0.154622 0.499983
v 0.777273 0.155562 0.499992
v 0.775962 0.155562 0.512470
v 0.778588 0.154622 0.513028
v 0.780943 0.153109 0.513528
v 0.782910 0.151098 0.513947
v 0.784390 0.148690 0.514261
v 0.785309 0.146006 0.514456
v 0.774338 0.155562 0.518534
v 0.776891 0.154622 0.519363
v 0.779181 0.153109 0.520107
v 0.781093 0.151098 0.520729
v 0.782532 0.148690 0.521196
v 0.783425 0.146006 0.521486
v 0.772088 0.155562 0.524394
v 0.774540 0.154622 0.525486
v 0.776740 0.153109 0.526466
v 0.778577 0.151098 0.527284
v 0.779959 0.148690 0.527899
v 0.780817 0.146006 0.528281
v 0.769238 0.155562 0.529988
v 0.771562 0.154622 0.531330
v 0.773648 0.153109 0.532534
v 0.775389 0.151098 0.533540
v 0.776700 0.148690 0.534296
v 0.777513 0.146006 0.534766
v 0.765819 0.155562 0.535253
v 0.767990 0.154622 0.536831
v 0.769938 0.153109 0.538246
v 0.771565 0.151098 0.539428
v 0.772789 0.148690 0.540318
v 0.773549 0.146006 0.540870
v 0.761868 0.155562 0.540132
v 0.763863 0.154622 0.541928
v 0.765652 0.153109 0.543539
v 0.767147 0.151098 0.544885
v 0.768271 0.148690 0.545897
v 0.768969 0.146006 0.546526
v 0.757429 0.155562 0.544571
v 0.759225 0.154622 0.546566
v 0.760836 0.153109 0.548355
v 0.762182 0.151098 0.549850
v 0.763194 0.148690 0.550974
v 0.763823 0.146006 0.551672
v 0.752550 0.155562 0.548522
v 0.754128 0.154622 0.550693
v 0.755543 0.153109 0.552641
v 0.756725 0.151098 0.554268
v 0.757615 0.148690 0.555492
v 0.758167 0.146006 0.556252
v 0.747285 0.155562 0.551941
v 0.748627 0.154622 0.554265
v 0.749831 0.153109 0.556351
v 0.750837 0.151098 0.558092
v 0.751593 0.148690 0.559403
v 0.752063 0.146006 0.560216
v 0.741691 0.155562 0.554791
v 0.742783 0.154622 0.557243
v 0.743763 0.153109 0.559443
v 0.744581 0.151098 0.561280
v 0.745196 0.148690 0.562662
v 0.745578 0.146006 0.563520
v 0.729767 0.155562 0.558665
v 0.730325 0.154622 0.561291
v 0.730825 0.153109 0.563646
v 0.731244 0.151098 0.565613
v 0.731558 0.148690 0.567093
v 0.731753 0.146006 0.568012
v 0.738783 0.146006 0.566128
v 0.738493 0.148690 0.565235
v 0.738026 0.151098 0.563796
v 0.737404 0.153109 0.561884
v 0.736660 0.154622 0.559593
v 0.735831 0.155562 0.557041
v 0.723566 0.155562 0.559647
v 0.723847 0.154622 0.562317
v 0.724099 0.153109 0.564712
v 0.724309 0.151098 0.566712
v 0.724467 0.148690 0.568217
v 0.724565 0.146006 0.569151
v 0.717297 0.155562 0.559976
v 0.717297 0.154622 0.562660
v 0.717297 0.153109 0.565068
v 0.717297 0.151098 0.567079
v 0.717297 0.148690 0.568592
v 0.717297 0.146006 0.569532
v 0.711028 0.155562 0.559647
v 0.710747 0.154622 0.562317
v 0.710496 0.153109 0.564712
v 0.710285 0.151098 0.566712
v 0.710127 0.148690 0.568217
v 0.710029 0.146006 0.569151
v 0.704827 0.155562 0.558665
v 0.704269 0.154622 0.561291
v 0.703769 0.153109 0.563646
v 0.703350 0.151098 0.565613
v 0.703036 0.148690 0.567093
v 0.702841 0.146006 0.568012
v 0.698763 0.155562 0.557041
v 0.697934 0.154622 0.559593
v 0.697190 0.153109 0.561884
v 0.696568 0.151098 0.563796
v 0.696101 0.148690 0.565235
v 0.695811 0.146006 0.566128
v 0.692903 0.155562 0.554791
v 0.691811 0.154622 0.557243
v 0.690831 0.153109 0.559443
v 0.690013 0.151098 0.561280
v 0.689398 0.148690 0.562662
v 0.689016 0.146006 0.563520
v 0.687309 0.155562 0.551941
v 0.685967 0.154622 0.554265
v 0.684763 0.153109 0.556351
v 0.683757 0.151098 0.558092
v 0.683001 0.148690 0.559403
v 0.682531 0.146006 0.560216
v 0.682044 0.155562 0.548522
v 0.680466 0.154622 0.550693
v 0.679051 0.153109 0.552641
v 0.677869 0.151098 0.554268
v 0.676979 0.148690 0.555492
v 0.676427 0.146006 0.556252
v 0.677165 0.155562 0.544571
v 0.675369 0.154622 0.546566
v 0.673758 0.153109 0.548355
v 0.672412 0.151098 0.549850
v 0.671400 0.148690 0.550974
v 0.670771 0.146006 0.551672
v 0.672726 0.155562 0.540132
v 0.670731 0.154622 0.541928
v 0.668942 0.153109 0.543539
v 0.667447 0.151098 0.544885
v 0.666323 0.148690 0.545897
v 0.665625 0.146006 0.546526
v 0.665356 0.155562 0.529988
v 0.663032 0.154622 0.531330
v 0.660946 0.153109 0.532534
v 0.659205 0.151098 0.533540
v 0.657894 0.148690 0.534296
v 0.657081 0.146006 0.534766
v 0.661045 0.146006 0.540870
v 0.661805 0.148690 0.540318
v 0.663029 0.151098 0.539428
v 0.664656 0.153109 0.538246
v 0.666604 0.154622 0.536831
v 0.668775 0.155562 0.535253
v 0.662506 0.155562 0.524394
v 0.660054 0.154622 0.525486
v 0.657854 0.153109 0.526466
v 0.656017 0.151098 0.527284
v 0.654635 0.148690 0.527899
v 0.653777 0.146006 0.528281
v 0.660256 0.155562 0.518534
v 0.657704 0.154622 0.519363
v 0.655413 0.153109 0.520107
v 0.653501 0.151098 0.520729
v 0.652062 0.148690 0.521196
v 0.651169 0.146006 0.521486
v 0.658632 0.155562 0.512470
v 0.656006 0.154622 0.513028
v 0.653651 0.153109 0.513528
v 0.651684 0.151098 0.513947
v 0.650204 0.148690 0.514261
v 0.649285 0.146006 0.514456
v 0.657650 0.155562 0.506269
v 0.654980 0.154622 0.506550
v 0.652585 0.153109 0.506801
v 0.650585 0.151098 0.507012
v 0.649080 0.148690 0.507170
v 0.648146 0.146006 0.507268
v 0.657321 0.155562 0.500000
v 0.654637 0.154622 0.500000
v 0.652229 0.153109 0.500000
v 0.650218 0.151098 0.500000
v 0.648705 0.148690 0.500000
v 0.647765 0.146006 0.500000
v 0.657650 0.155562 0.493731
v 0.654980 0.154622 0.493450
v 0.652585 0.153109 0.493199
v 0.650585 0.151098 0.492988
v 0.649080 0.148690 0.492830
v 0.648146 0.146006 0.492732
v 0.658632 0.155562 0.487530
v 0.656006 0.154622 0.486972
v 0.653651 0.153109 0.486472
v 0.651684 0.151098 0.486053
v 0.650204 0.148690 0.485739
v 0.649285 0.146006 0.485544
v 0.660256 0.155562 0.481466
v 0.657704 0.154622 0.480637
v 0.655413 0.153109 0.479893
v 0.653501 0.151098 0.479271
v 0.652062 0.148690 0.478804
v 0.651169 0.146006 0.478514
v 0.662506 0.155562 0.475606
v 0.660054 0.154622 0.474514
v 0.657854 0.153109 0.473534
v 0.656017 0.151098 0.472716
v 0.654635 0.148690 0.472101
v 0.653777 0.146006 0.471719
v 0.665356 0.155562 0.470012
v 0.663032 0.154622 0.468670
v 0.660946 0.153109 0.467466
v 0.659205 0.151098 0.466460
v 0.657894 0.148690 0.465704
v 0.657081 0.146006 0.465234
v 0.672726 0.155562 0.459868
v 0.670731 0.154622 0.458072
v 0.668942 0.153109 0.456461
v 0.667447 0.151098 0.455115
v 0.666323 0.148690 0.454103
v 0.665625 0.146006 0.453474
v 0.661045 0.146006 0.459130
v 0.661805 0.148690 0.459682
v 0.663029 0.151098 0.460572
v 0.664656 0.153109 0.461754
v 0.666604 0.154622 0.463169
v 0.668775 0.155562 0.464747
v 0.677165 0.155562 0.455429
v 0.675369 0.154622 0.453434
v 0.673758 0.153109 0.451645
v 0.672412 0.151098 0.450150
v 0.671400 0.148690 0.449026
v 0.670771 0.146006 0.448328
v 0.682044 0.155562 0.451478
v 0.680466 0.154622 0.449307
v 0.679051 0.153109 0.447359
v 0.677869 0.151098 0.445732
v 0.676979 0.148690 0.444508
v 0.676427 0.146006 0.443748
v 0.687309 0.155562 0.448059
v 0.685967 0.154622 0.445735
v 0.684763 0.153109 0.443649
v 0.683757 0.151098 0.441908
v 0.683001 0.148690 0.440597
v 0.682531 0.146006 0.439784
v 0.692903 0.155562 0.445209
v 0.691811 0.154622 0.442757
v 0.690831 0.153109 0.440557
v 0.690013 0.151098 0.438720
v 0.689398 0.148690 0.437338
v 0.689016 0.146006 0.436480
v 0.698763 0.155562 0.442959
v 0.697934 0.154622 0.440406
v 0.697190 0.153109 0.438116
v 0.696568 0.151098 0.436204
v 0.696101 0.148690 0.434765
v 0.695811 0.146006 0.433872
v 0.704827 0.155562 0.441335
v 0.704269 0.154622 0.438709
v 0.703769 0.153109 0.436354
v 0.703350 0.151098 0.434387
v 0.703036 0.148690 0.432907
v 0.702841 0.146006 0.431988
v 0.711028 0.155562 0.440353
v 0.710747 0.154622 0.437683
v 0.710496 0.153109 0.435288
v 0.710285 0.151098 0.433288
v 0.710127 0.148690 0.431783
v 0.710029 0.146006 0.430849
v 0.723566 0.155562 0.440353
v 0.723847 0.154622 0.437683
v 0.724099 0.153109 0.435288
v 0.724309 0.151098 0.433288
v 0.724467 0.148690 0.431783
v 0.724565 0.146006 0.430849
v 0.729767 0.155562 0.441335
v 0.730325 0.154622 0.438709
v 0.730825 0.153109 0.436354
v 0.731244 0.151098 0.434387
v 0.731558 0.148690 0.432907
v 0.731753 0.146006 0.431988
v 0.741691 0.155562 0.445209
v 0.742783 0.154622 0.442757
v 0.743763 0.153109 0.440557
v 0.744581 0.151098 0.438720
v 0.745196 0.148690 0.437338
v 0.745578 0.146006 0.436480
v 0.738783 0.146006 0.433872
v 0.738493 0.148690 0.434765
v 0.738026 0.151098 0.436204
v 0.737404 0.153109 0.438116
v 0.736660 0.154622 0.440406
v 0.735831 0.155562 0.442959
v 0.747285 0.155562 0.448059
v 0.748627 0.154622 0.445735
v 0.749831 0.153109 0.443649
v 0.750837 0.151098 0.441908
v 0.751593 0.148690 0.440597
v 0.752063 0.146006 0.439784
v 0.752550 0.155562 0.451478
v 0.754128 0.154622 0.449307
v 0.755543 0.153109 0.447359
v 0.756725 0.151098 0.445732
v 0.757615 0.148690 0.444508
v 0.758167 0.146006 0.443748
v 0.757429 0.155562 0.455429
v 0.759225 0.154622 0.453434
v 0.760836 0.153109 0.451645
v 0.762182 0.151098 0.450150
v 0.763194 0.148690 0.449026
v 0.763823 0.146006 0.448328
v 0.761868 0.155562 0.459868
v 0.763863 0.154622 0.458072
v 0.765652 0.153109 0.456461
v 0.767147 0.151098 0.455115
v 0.768271 0.148690 0.454103
v 0.768969 0.146006 0.453474
v 0.765819 0.155562 0.464747
v 0.767990 0.154622 0.463169
v 0.769938 0.153109 0.461754
v 0.771565 0.151098 0.460572
v 0.772789 0.148690 0.459682
v 0.773549 0.146006 0.459130
v 0.769238 0.155562 0.470012
v 0.771562 0.154622 0.468670
v 0.773648 0.153109 0.467466
v 0.775389 0.151098 0.466460
v 0.776700 0.148690 0.465704
v 0.777513 0.146006 0.465234
v 0.772088 0.155562 0.475606
v 0.774540 0.154622 0.474514
v 0.776740 0.153109 0.473534
v 0.778577 0.151098 0.472716
v 0.779959 0.148690 0.472101
v 0.780817 0.146006 0.471719
v 0.774338 0.155562 0.481466
v 0.776891 0.154622 0.480637
v 0.779181 0.153109 0.479893
v 0.781093 0.151098 0.479271
v 0.782532 0.148690 0.478804
v 0.783425 0.146006 0.478514
v 0.775962 0.155562 0.487530
v 0.778588 0.154622 0.486972
v 0.780943 0.153109 0.486472
v 0.782910 0.151098 0.486053
v 0.784390 0.148690 0.485739
v 0.785309 0.146006 0.485544
v 0.776945 0.155562 0.493731
v 0.779614 0.154622 0.493450
v 0.782009 0.153109 0.493199
v 0.784009 0.151098 0.492988
v 0.785514 0.148690 0.492830
v 0.786448 0.146006 0.492732
v 0.843662 0.068250 0.538100
v 0.843662 0.131750 0.538100
v 0.843662 0.068250 0.461900
v 0.843662 0.131750 0.461900
v 0.630469 0.074600 0.470053
v 0.633198 0.074488 0.469490
v 0.635898 0.074158 0.468931
v 0.638574 0.073617 0.468347
v 0.641213 0.072878 0.467710
v 0.646253 0.070909 0.466232
v 0.650859 0.068524 0.464426
v 0.654873 0.066129 0.462327
v 0.658459 0.064013 0.459881
v 0.660186 0.063139 0.458470
v 0.661886 0.062463 0.456924
v 0.663552 0.062041 0.455257
v 0.663716 0.062015 0.544912
v 0.662208 0.062363 0.543383
v 0.660612 0.062951 0.541900
v 0.658895 0.063779 0.540459
v 0.655185 0.065938 0.537862
v 0.651029 0.068426 0.535651
v 0.646402 0.070840 0.533820
v 0.643880 0.071925 0.533021
v 0.641199 0.072882 0.532286
v 0.638454 0.073646 0.531625
v 0.635751 0.074181 0.531036
v 0.633090 0.074497 0.530487
v 0.630469 0.074600 0.529947
v 0.628285 0.074600 0.522643
v 0.626714 0.074600 0.515182
v 0.625766 0.074600 0.507617
v 0.625450 0.074600 0.500000
v 0.625766 0.074600 0.492383
v 0.626714 0.074600 0.484818
v 0.628285 0.074600 0.477357
v 0.648669 0.065527 0.523030
v 0.650756 0.065527 0.471496
v 0.648669 0.065527 0.476970
v 0.645701 0.068658 0.475974
v 0.642262 0.071197 0.474820
v 0.638458 0.073068 0.473543
v 0.634404 0.074214 0.472183
v 0.644544 0.071197 0.468835
v 0.647878 0.068658 0.470263
v 0.650509 0.068658 0.464748
v 0.653278 0.065527 0.466209
v 0.647031 0.065527 0.482594
v 0.643992 0.068658 0.481841
v 0.640472 0.071197 0.480969
v 0.636577 0.073068 0.480004
v 0.632426 0.074214 0.478976
v 0.645854 0.065527 0.488332
v 0.642764 0.068658 0.487828
v 0.639185 0.071197 0.487243
v 0.635225 0.073068 0.486596
v 0.631004 0.074214 0.485907
v 0.645145 0.065527 0.494147
v 0.642024 0.068658 0.493894
v 0.638409 0.071197 0.493601
v 0.634410 0.073068 0.493276
v 0.630147 0.074214 0.492930
v 0.645145 0.065527 0.505853
v 0.642024 0.068658 0.506106
v 0.638409 0.071197 0.506399
v 0.634410 0.073068 0.506724
v 0.630147 0.074214 0.507070
v 0.629861 0.074214 0.500000
v 0.634137 0.073068 0.500000
v 0.638150 0.071197 0.500000
v 0.641777 0.068658 0.500000
v 0.644907 0.065527 0.500000
v 0.645854 0.065527 0.511668
v 0.642764 0.068658 0.512172
v 0.639185 0.071197 0.512757
v 0.635225 0.073068 0.513404
v 0.631004 0.074214 0.514093
v 0.647031 0.065527 0.517406
v 0.643992 0.068658 0.518159
v 0.640472 0.071197 0.519031
v 0.636577 0.073068 0.519996
v 0.632426 0.074214 0.521024
v 0.645701 0.068658 0.524026
v 0.642262 0.071197 0.525180
v 0.638458 0.073068 0.526457
v 0.634404 0.074214 0.527817
v 0.653278 0.065527 0.533791
v 0.650509 0.068658 0.535252
v 0.644544 0.071197 0.531165
v 0.647878 0.068658 0.529737
v 0.650756 0.065527 0.528504
v 0.623464 0.074600 0.528809
v 0.619951 0.074600 0.528504
v 0.619959 0.074600 0.471496
v 0.623476 0.074600 0.471189
v 0.627949 0.125400 0.529461
v 0.631037 0.125550 0.529984
v 0.634096 0.125996 0.530489
v 0.637116 0.126729 0.531018
v 0.640050 0.127727 0.531597
v 0.642881 0.128965 0.532247
v 0.645558 0.130394 0.532977
v 0.648042 0.131952 0.533781
v 0.650349 0.133599 0.534668
v 0.654484 0.137001 0.536714
v 0.656284 0.138607 0.537847
v 0.657911 0.140049 0.539036
v 0.659406 0.141280 0.540291
v 0.660888 0.142288 0.541699
v 0.662379 0.142954 0.543279
v 0.662395 0.142959 0.456703
v 0.660902 0.142296 0.458286
v 0.659415 0.141287 0.459701
v 0.657872 0.140016 0.460994
v 0.656169 0.138505 0.462231
v 0.654274 0.136819 0.463408
v 0.652155 0.135020 0.464520
v 0.649781 0.133174 0.465564
v 0.647205 0.131402 0.466506
v 0.644565 0.129835 0.467311
v 0.641857 0.128486 0.468002
v 0.639077 0.127365 0.468605
v 0.636245 0.126487 0.469140
v 0.633440 0.125875 0.469621
v 0.630672 0.125517 0.470077
v 0.627949 0.125400 0.470539
v 0.625888 0.125400 0.477740
v 0.624407 0.125400 0.485081
v 0.623515 0.125400 0.492517
v 0.623217 0.125400 0.500000
v 0.623515 0.125400 0.507483
v 0.624407 0.125400 0.514919
v 0.625888 0.125400 0.522260
v 0.649367 0.139457 0.478163
v 0.651266 0.139457 0.527042
v 0.656255 0.139457 0.536949
v 0.649367 0.139457 0.521837
v 0.647395 0.136017 0.522471
v 0.644931 0.132946 0.523264
v 0.642037 0.130322 0.524194
v 0.638786 0.128210 0.525239
v 0.635258 0.126662 0.526373
v 0.631542 0.125717 0.527568
v 0.640968 0.128210 0.531224
v 0.644132 0.130322 0.529938
v 0.646948 0.132946 0.528794
v 0.649346 0.136017 0.527820
v 0.651719 0.136017 0.533028
v 0.653569 0.139457 0.532096
v 0.649407 0.132946 0.534192
v 0.647876 0.139457 0.516495
v 0.645860 0.136017 0.516973
v 0.643342 0.132946 0.517572
v 0.640385 0.130322 0.518274
v 0.637062 0.128210 0.519064
v 0.633457 0.126662 0.519920
v 0.629660 0.125717 0.520823
v 0.646804 0.139457 0.511052
v 0.644758 0.136017 0.511373
v 0.642201 0.132946 0.511774
v 0.639198 0.130322 0.512245
v 0.635824 0.128210 0.512774
v 0.632163 0.126662 0.513348
v 0.628307 0.125717 0.513952
v 0.646159 0.139457 0.505543
v 0.644093 0.136017 0.505704
v 0.641513 0.132946 0.505905
v 0.638483 0.130322 0.506141
v 0.635078 0.128210 0.506406
v 0.631384 0.126662 0.506694
v 0.627492 0.125717 0.506997
v 0.646159 0.139457 0.494457
v 0.644093 0.136017 0.494296
v 0.641513 0.132946 0.494095
v 0.638483 0.130322 0.493859
v 0.635078 0.128210 0.493594
v 0.631384 0.126662 0.493306
v 0.627492 0.125717 0.493003
v 0.627220 0.125717 0.500000
v 0.631123 0.126662 0.500000
v 0.634829 0.128210 0.500000
v 0.638244 0.130322 0.500000
v 0.641283 0.132946 0.500000
v 0.643871 0.136017 0.500000
v 0.645943 0.139457 0.500000
v 0.646804 0.139457 0.488948
v 0.644758 0.136017 0.488627
v 0.642201 0.132946 0.488226
v 0.639198 0.130322 0.487755
v 0.635824 0.128210 0.487226
v 0.632163 0.126662 0.486652
v 0.628307 0.125717 0.486048
v 0.647876 0.139457 0.483505
v 0.645860 0.136017 0.483026
v 0.643342 0.132946 0.482428
v 0.640385 0.130322 0.481726
v 0.637062 0.128210 0.480936
v 0.633457 0.126662 0.480080
v 0.629660 0.125717 0.479177
v 0.647395 0.136017 0.477529
v 0.644931 0.132946 0.476736
v 0.642037 0.130322 0.475806
v 0.638786 0.128210 0.474761
v 0.635258 0.126662 0.473627
v 0.631542 0.125717 0.472432
v 0.653569 0.139456 0.467904
v 0.649351 0.136017 0.472166
v 0.651719 0.136017 0.466972
v 0.640983 0.128210 0.468738
v 0.644144 0.130322 0.470033
v 0.646957 0.132946 0.471185
v 0.651269 0.139456 0.472952
v 0.649407 0.132946 0.465808
v 0.656255 0.139456 0.463051
v 0.622191 0.125400 0.471323
v 0.622198 0.125400 0.528678
v 0.628660 0.078797 0.532016
v 0.635559 0.087388 0.536159
v 0.663832 0.070516 0.545417
v 0.667092 0.094793 0.548914
v 0.666763 0.110470 0.548581
v 0.624281 0.125294 0.528982
v 0.624267 0.074686 0.528966
v 0.631496 0.074732 0.530241
v 0.626716 0.076897 0.530711
v 0.637776 0.074508 0.531788
v 0.633263 0.076761 0.531681
v 0.658603 0.064558 0.540317
v 0.655210 0.067209 0.538133
v 0.651554 0.069786 0.536318
v 0.647667 0.072267 0.534888
v 0.643586 0.074629 0.533855
v 0.639346 0.076852 0.533230
v 0.634987 0.078914 0.533018
v 0.630547 0.080798 0.533221
v 0.662801 0.066104 0.544206
v 0.659702 0.068470 0.541730
v 0.656340 0.070797 0.539581
v 0.652745 0.073066 0.537775
v 0.648945 0.075257 0.536328
v 0.644972 0.077353 0.535251
v 0.640859 0.079336 0.534554
v 0.636641 0.081190 0.534243
v 0.632350 0.082900 0.534319
v 0.660738 0.072550 0.542997
v 0.657409 0.074553 0.540882
v 0.653872 0.076509 0.539087
v 0.650153 0.078405 0.537626
v 0.646279 0.080225 0.536510
v 0.642282 0.081956 0.535747
v 0.638189 0.083584 0.535343
v 0.634034 0.085098 0.535302
v 0.665588 0.079804 0.547359
v 0.662514 0.081170 0.545040
v 0.659248 0.082518 0.542987
v 0.655813 0.083840 0.541214
v 0.652229 0.085127 0.539733
v 0.648520 0.086371 0.538552
v 0.644711 0.087563 0.537680
v 0.640825 0.088696 0.537122
v 0.636888 0.089762 0.536882
v 0.639597 0.086089 0.536307
v 0.643577 0.084701 0.536794
v 0.647473 0.083234 0.537615
v 0.651258 0.081699 0.538766
v 0.654905 0.080105 0.540239
v 0.658388 0.078464 0.542023
v 0.661684 0.076787 0.544105
v 0.664769 0.075086 0.546472
v 0.666263 0.084658 0.548069
v 0.663200 0.085688 0.545789
v 0.659961 0.086706 0.543762
v 0.656565 0.087705 0.541998
v 0.653033 0.088679 0.540510
v 0.649387 0.089623 0.539305
v 0.645647 0.090530 0.538392
v 0.641838 0.091396 0.537776
v 0.637981 0.092214 0.537461
v 0.666770 0.089630 0.548589
v 0.663716 0.090323 0.546339
v 0.660497 0.091008 0.544330
v 0.657131 0.091681 0.542574
v 0.653638 0.092338 0.541081
v 0.650037 0.092975 0.539859
v 0.646349 0.093589 0.538916
v 0.642596 0.094176 0.538256
v 0.638799 0.094733 0.537885
v 0.664045 0.095139 0.546683
v 0.660840 0.095482 0.544686
v 0.657493 0.095820 0.542935
v 0.654024 0.096149 0.541439
v 0.650452 0.096469 0.540206
v 0.646797 0.096778 0.539244
v 0.643079 0.097073 0.538557
v 0.639319 0.097354 0.538150
v 0.667165 0.103048 0.548987
v 0.664120 0.102845 0.546760
v 0.660917 0.102644 0.544766
v 0.657575 0.102447 0.543015
v 0.654112 0.102254 0.541519
v 0.650546 0.102067 0.540283
v 0.646898 0.101886 0.539317
v 0.643189 0.101713 0.538624
v 0.639437 0.101549 0.538209
v 0.639490 0.099450 0.538236
v 0.643238 0.099391 0.538655
v 0.646944 0.099329 0.539350
v 0.650589 0.099265 0.540318
v 0.654151 0.099199 0.541555
v 0.657612 0.099130 0.543052
v 0.660952 0.099060 0.544802
v 0.664154 0.098989 0.546794
v 0.667198 0.098917 0.549019
v 0.667018 0.106774 0.548839
v 0.663970 0.106322 0.546604
v 0.660761 0.105876 0.544604
v 0.657410 0.105437 0.542852
v 0.653935 0.105009 0.541356
v 0.650357 0.104592 0.540126
v 0.646694 0.104191 0.539168
v 0.642968 0.103807 0.538488
v 0.639200 0.103441 0.538089
v 0.665954 0.117714 0.547748
v 0.662886 0.116521 0.545450
v 0.659635 0.115342 0.543410
v 0.656221 0.114186 0.541643
v 0.652665 0.113059 0.540157
v 0.648990 0.111969 0.538964
v 0.645219 0.110922 0.538069
v 0.641375 0.109926 0.537480
v 0.637482 0.108985 0.537199
v 0.638788 0.105317 0.537879
v 0.642586 0.105880 0.538249
v 0.646340 0.106473 0.538908
v 0.650028 0.107093 0.539851
v 0.653630 0.107736 0.541072
v 0.657124 0.108399 0.542565
v 0.660490 0.109079 0.544322
v 0.663709 0.109770 0.546331
v 0.664671 0.125422 0.546364
v 0.661585 0.123685 0.543992
v 0.658286 0.121973 0.541907
v 0.654797 0.120297 0.540122
v 0.651143 0.118670 0.538651
v 0.647349 0.117103 0.537503
v 0.643442 0.115606 0.536687
v 0.639450 0.114191 0.536209
v 0.635401 0.112868 0.536072
v 0.663085 0.132728 0.544546
v 0.659987 0.130451 0.542086
v 0.656634 0.128211 0.539945
v 0.653055 0.126026 0.538142
v 0.649277 0.123914 0.536691
v 0.645332 0.121891 0.535604
v 0.641251 0.119974 0.534888
v 0.637068 0.118179 0.534551
v 0.632815 0.116520 0.534595
v 0.661301 0.139601 0.542338
v 0.658204 0.136784 0.539785
v 0.654801 0.134020 0.537589
v 0.651123 0.131334 0.535771
v 0.647205 0.128752 0.534347
v 0.643083 0.126297 0.533332
v 0.638796 0.123993 0.532733
v 0.634384 0.121861 0.532557
v 0.629887 0.119921 0.532807
v 0.631532 0.125223 0.530275
v 0.626756 0.123060 0.530742
v 0.666593 0.068110 0.451957
v 0.667837 0.074600 0.450677
v 0.668773 0.080725 0.449756
v 0.669481 0.087035 0.449082
v 0.669923 0.093481 0.448670
v 0.670074 0.100001 0.448532
v 0.669922 0.106520 0.448671
v 0.669480 0.112967 0.449082
v 0.668773 0.119276 0.449756
v 0.667837 0.125400 0.450677
v 0.666970 0.130059 0.451563
v 0.666006 0.134579 0.452585
v 0.664965 0.138954 0.453736
v 0.628660 0.121203 0.467984
v 0.635559 0.112612 0.463841
v 0.667092 0.105207 0.451086
v 0.666763 0.089530 0.451419
v 0.624281 0.074706 0.471018
v 0.624267 0.125314 0.471034
v 0.631496 0.125268 0.469759
v 0.626716 0.123103 0.469289
v 0.655210 0.132791 0.461867
v 0.651554 0.130214 0.463682
v 0.647667 0.127733 0.465112
v 0.642153 0.127941 0.467663
v 0.643586 0.125371 0.466145
v 0.637776 0.125492 0.468212
v 0.633263 0.123239 0.468319
v 0.646350 0.130561 0.466679
v 0.654045 0.136209 0.463446
v 0.657467 0.139181 0.461230
v 0.661702 0.138141 0.457150
v 0.658603 0.135442 0.459683
v 0.639346 0.123148 0.466770
v 0.634987 0.121086 0.466982
v 0.630547 0.119202 0.466779
v 0.650328 0.133326 0.465269
v 0.662801 0.133896 0.455794
v 0.659702 0.131530 0.458270
v 0.656340 0.129203 0.460419
v 0.652745 0.126934 0.462225
v 0.648945 0.124743 0.463672
v 0.644972 0.122647 0.464749
v 0.640859 0.120664 0.465446
v 0.636641 0.118810 0.465757
v 0.632350 0.117100 0.465681
v 0.663832 0.129484 0.454583
v 0.660738 0.127450 0.457003
v 0.657409 0.125447 0.459118
v 0.653872 0.123491 0.460913
v 0.650153 0.121595 0.462374
v 0.646279 0.119775 0.463490
v 0.642282 0.118044 0.464253
v 0.638189 0.116416 0.464657
v 0.634034 0.114902 0.464698
v 0.664769 0.124914 0.453528
v 0.661684 0.123213 0.455895
v 0.658388 0.121537 0.457977
v 0.654905 0.119895 0.459761
v 0.651258 0.118301 0.461234
v 0.647473 0.116766 0.462385
v 0.643577 0.115299 0.463206
v 0.639597 0.113911 0.463693
v 0.665588 0.120196 0.452641
v 0.662514 0.118830 0.454960
v 0.659248 0.117482 0.457013
v 0.655813 0.116160 0.458786
v 0.652229 0.114873 0.460267
v 0.648520 0.113629 0.461448
v 0.644711 0.112437 0.462320
v 0.640825 0.111304 0.462878
v 0.636888 0.110238 0.463118
v 0.666263 0.115342 0.451931
v 0.663200 0.114312 0.454211
v 0.659961 0.113294 0.456238
v 0.656565 0.112295 0.458002
v 0.653033 0.111321 0.459490
v 0.649387 0.110377 0.460695
v 0.645647 0.109470 0.461608
v 0.641838 0.108604 0.462224
v 0.637981 0.107786 0.462539
v 0.666770 0.110370 0.451411
v 0.663716 0.109677 0.453661
v 0.660497 0.108992 0.455670
v 0.657131 0.108319 0.457426
v 0.653638 0.107662 0.458919
v 0.650037 0.107025 0.460141
v 0.646349 0.106411 0.461084
v 0.642596 0.105824 0.461744
v 0.638799 0.105267 0.462115
v 0.664045 0.104861 0.453317
v 0.660840 0.104518 0.455314
v 0.657493 0.104180 0.457065
v 0.654024 0.103851 0.458561
v 0.650452 0.103531 0.459794
v 0.646797 0.103222 0.460756
v 0.643079 0.102927 0.461443
v 0.639319 0.102646 0.461850
v 0.667165 0.096952 0.451013
v 0.664120 0.097155 0.453240
v 0.660917 0.097356 0.455234
v 0.657575 0.097553 0.456985
v 0.654112 0.097746 0.458481
v 0.650546 0.097933 0.459717
v 0.646898 0.098114 0.460683
v 0.643189 0.098287 0.461376
v 0.639437 0.098451 0.461791
v 0.639490 0.100550 0.461764
v 0.643238 0.100609 0.461345
v 0.646944 0.100671 0.460650
v 0.650589 0.100735 0.459682
v 0.654151 0.100801 0.458445
v 0.657612 0.100870 0.456948
v 0.660952 0.100940 0.455198
v 0.664154 0.101011 0.453206
v 0.667198 0.101083 0.450981
v 0.667018 0.093226 0.451161
v 0.663970 0.093678 0.453396
v 0.660761 0.094124 0.455396
v 0.657410 0.094563 0.457148
v 0.653935 0.094991 0.458644
v 0.650357 0.095408 0.459874
v 0.646694 0.095809 0.460832
v 0.642968 0.096193 0.461512
v 0.639200 0.096559 0.461911
v 0.665954 0.082286 0.452252
v 0.662886 0.083479 0.454550
v 0.659635 0.084658 0.456589
v 0.656221 0.085814 0.458357
v 0.652665 0.086941 0.459843
v 0.648990 0.088031 0.461036
v 0.645219 0.089078 0.461931
v 0.641375 0.090074 0.462520
v 0.637482 0.091015 0.462801
v 0.638788 0.094683 0.462121
v 0.642586 0.094120 0.461751
v 0.646340 0.093527 0.461092
v 0.650028 0.092907 0.460149
v 0.653630 0.092264 0.458928
v 0.657124 0.091601 0.457435
v 0.660490 0.090921 0.455678
v 0.663709 0.090230 0.453669
v 0.664671 0.074578 0.453636
v 0.661585 0.076315 0.456008
v 0.658286 0.078027 0.458093
v 0.654797 0.079703 0.459878
v 0.651143 0.081330 0.461349
v 0.647349 0.082897 0.462497
v 0.643442 0.084394 0.463313
v 0.639450 0.085809 0.463791
v 0.635401 0.087132 0.463928
v 0.663085 0.067272 0.455454
v 0.659987 0.069549 0.457915
v 0.656634 0.071789 0.460055
v 0.653055 0.073974 0.461858
v 0.649277 0.076086 0.463309
v 0.645332 0.078109 0.464396
v 0.641251 0.080026 0.465112
v 0.637068 0.081821 0.465449
v 0.632815 0.083480 0.465405
v 0.651123 0.068666 0.464229
v 0.647205 0.071248 0.465653
v 0.643083 0.073703 0.466668
v 0.638796 0.076007 0.467267
v 0.634384 0.078139 0.467443
v 0.629887 0.080079 0.467193
v 0.631532 0.074777 0.469725
v 0.626756 0.076940 0.469258
vn -0.0000 -1.0000 -0.0000
vn -0.2225 -0.9749 -0.0000
vn -0.4339 -0.9010 -0.0000
vn -0.6235 -0.7818 -0.0000
vn -0.7818 -0.6235 -0.0000
vn -0.9010 -0.4339 -0.0000
vn -0.9749 -0.2225 -0.0000
vn -1.0000 -0.0000 -0.0000
vn 0.2225 -0.9749 -0.0000
vn 0.4339 -0.9010 -0.0000
vn 0.6235 -0.7818 -0.0000
vn 0.7818 -0.6235 -0.0000
vn 0.9010 -0.4339 -0.0000
vn 0.9749 -0.2225 -0.0000
vn 1.0000 -0.0000 -0.0000
vn -0.0000 1.0000 -0.0000
vn -0.2225 0.9749 -0.0000
vn -0.4339 0.9010 -0.0000
vn -0.6235 0.7818 -0.0000
vn -0.7818 0.6235 -0.0000
vn -0.9010 0.4339 -0.0000
vn -0.9749 0.2225 -0.0000
vn 0.2225 0.9749 -0.0000
vn 0.4339 0.9010 -0.0000
vn 0.6235 0.7818 -0.0000
vn 0.7818 0.6235 -0.0000
vn 0.9010 0.4339 -0.0000
vn 0.9749 0.2225 -0.0000
vn -0.0000 -0.0000 -1.0000
vn -0.0000 -0.0000 1.0000
vn -0.0000 0.0996 -0.9950
vn 0.0795 0.0915 -0.9926
vn 0.1070 -0.0025 -0.9943
vn 0.0232 -0.0287 -0.9993
vn 0.1333 -0.0966 -0.9864
vn 0.0544 -0.1212 -0.9911
vn 0.1583 -0.1895 -0.9690
vn 0.0850 -0.2126 -0.9734
vn 0.1819 -0.2808 -0.9424
vn 0.1148 -0.3019 -0.9464
vn 0.2037 -0.3694 -0.9067
vn 0.1435 -0.3882 -0.9103
vn 0.2236 -0.4544 -0.8623
vn 0.1709 -0.4710 -0.8654
vn 0.2413 -0.5350 -0.8096
vn 0.1966 -0.5491 -0.8123
vn 0.2567 -0.6106 -0.7492
vn 0.2204 -0.6220 -0.7514
vn 0.2696 -0.6803 -0.6816
vn 0.2421 -0.6889 -0.6832
vn 0.2800 -0.7434 -0.6074
vn 0.2615 -0.7492 -0.6085
vn 0.2877 -0.7995 -0.5274
vn 0.2784 -0.8023 -0.5280
vn 0.2926 -0.8478 -0.4423
vn 0.0513 0.1847 -0.9815
vn -0.0000 0.1982 -0.9802
vn 0.0227 0.2761 -0.9609
vn -0.0000 0.2948 -0.9556
vn 0.1162 0.3008 -0.9466
vn 0.0887 0.3899 -0.9166
vn 0.2089 0.3213 -0.9237
vn 0.1829 0.4105 -0.8933
vn 0.3004 0.3362 -0.8926
vn 0.2756 0.4260 -0.8617
vn 0.3893 0.3468 -0.8534
vn 0.3659 0.4364 -0.8220
vn 0.4749 0.3520 -0.8066
vn 0.4528 0.4417 -0.7745
vn 0.5564 0.3520 -0.7527
vn 0.5356 0.4417 -0.7198
vn 0.6330 0.3465 -0.6922
vn 0.6133 0.4363 -0.6584
vn 0.6614 0.3873 -0.6423
vn 0.6194 0.4356 -0.6531
vn 0.6614 0.4580 -0.5939
vn 0.5937 0.5213 -0.6131
vn 0.6599 0.5114 -0.5504
vn 0.6283 0.5921 -0.5047
vn 0.6614 0.5227 -0.5379
vn 0.6614 0.5806 -0.4748
vn 0.5907 0.6670 -0.4541
vn 0.6614 0.6309 -0.4055
vn 0.6552 0.6517 -0.3821
vn 0.6614 0.6731 -0.3309
vn 0.6103 0.7207 -0.3289
vn 0.6614 0.7064 -0.2520
vn 0.5596 0.7827 -0.2725
vn 0.6138 0.7637 -0.2002
vn 0.5037 0.8371 -0.2135
vn 0.5553 0.8190 -0.1444
vn 0.4428 0.8836 -0.1525
vn 0.4915 0.8665 -0.0874
vn 0.3775 0.9216 -0.0899
vn 0.4230 0.9057 -0.0294
vn 0.3088 0.9507 -0.0266
vn 0.3504 0.9362 0.0289
vn 0.2371 0.9708 0.0371
vn 0.2744 0.9577 0.0869
vn 0.1631 0.9815 0.1004
vn 0.1959 0.9700 0.1440
vn 0.0875 0.9828 0.1626
vn 0.1154 0.9730 0.1998
vn 0.0111 0.9747 0.2234
vn 0.0338 0.9667 0.2537
vn -0.0000 0.9749 0.2225
vn -0.0000 0.9479 0.3185
vn -0.0000 0.3884 -0.9215
vn 0.0604 0.4753 -0.8777
vn 0.1551 0.4958 -0.8544
vn 0.2483 0.5114 -0.8227
vn 0.3390 0.5219 -0.7827
vn 0.4264 0.5272 -0.7350
vn 0.5096 0.5272 -0.6800
vn 0.5876 0.5219 -0.6183
vn 0.5622 0.6019 -0.5672
vn -0.0000 0.4782 -0.8782
vn 0.0315 0.5561 -0.8305
vn 0.1257 0.5768 -0.8071
vn 0.2186 0.5919 -0.7758
vn 0.3089 0.6024 -0.7360
vn 0.3959 0.6076 -0.6885
vn 0.4787 0.6076 -0.6338
vn 0.5564 0.6025 -0.5722
vn 0.5254 0.6767 -0.5158
vn 0.5474 0.7356 -0.3991
vn -0.0000 0.5633 -0.8262
vn 0.0023 0.6316 -0.7753
vn 0.0953 0.6517 -0.7525
vn 0.1867 0.6672 -0.7211
vn 0.2759 0.6771 -0.6822
vn 0.3616 0.6822 -0.6354
vn 0.4431 0.6826 -0.5812
vn 0.5198 0.6773 -0.5207
vn 0.4835 0.7450 -0.4595
vn 0.4989 0.7971 -0.3403
vn -0.0000 0.6428 -0.7660
vn 0.0638 0.7206 -0.6904
vn -0.0000 0.7159 -0.6982
vn 0.0318 0.7827 -0.6216
vn -0.0000 0.7818 -0.6235
vn -0.0000 0.8400 -0.5425
vn 0.0818 0.8509 -0.5189
vn -0.0000 0.8899 -0.4562
vn 0.0448 0.8966 -0.4405
vn -0.0000 0.9309 -0.3653
vn 0.0073 0.9337 -0.3580
vn -0.0000 0.9626 -0.2708
vn 0.0777 0.9418 -0.3270
vn 0.0342 0.9693 -0.2436
vn 0.1455 0.9459 -0.2901
vn 0.0962 0.9730 -0.2097
vn 0.2100 0.9459 -0.2474
vn 0.1553 0.9730 -0.1706
vn 0.2705 0.9418 -0.1994
vn 0.2108 0.9693 -0.1268
vn 0.2142 0.9689 -0.1239
vn 0.1520 0.9871 -0.0504
vn 0.1952 0.9807 -0.0097
vn 0.1263 0.9902 0.0593
vn -0.0000 0.9848 -0.1736
vn 0.0462 0.9908 -0.1275
vn -0.0000 0.9972 -0.0747
vn 0.0993 0.9908 -0.0924
vn 0.0422 0.9990 -0.0132
vn 0.1491 0.9874 -0.0530
vn 0.0858 0.9961 0.0213
vn 0.0884 0.9958 0.0235
vn 0.0239 0.9950 0.0973
vn 0.0563 0.9902 0.1278
vn -0.0000 0.9922 0.1244
vn -0.0000 0.9997 0.0249
vn 0.0219 0.9952 0.0955
vn -0.0000 0.9115 0.4113
vn 0.0832 0.9322 0.3524
vn 0.0699 0.9454 0.3185
vn 0.0535 0.9569 0.2854
vn 0.1596 0.9468 0.2794
vn 0.1395 0.9610 0.2389
vn 0.2479 0.9392 0.2376
vn 0.2242 0.9559 0.1899
vn 0.3338 0.9226 0.1935
vn 0.3068 0.9416 0.1392
vn 0.4166 0.8970 0.1476
vn 0.3864 0.9182 0.0871
vn 0.4953 0.8629 0.1003
vn 0.4624 0.8860 0.0342
vn 0.5691 0.8206 0.0521
vn 0.5338 0.8454 -0.0190
vn 0.6376 0.7703 0.0032
vn 0.6001 0.7967 -0.0720
vn 0.6614 0.7451 -0.0855
vn 0.6608 0.7402 -0.1244
vn 0.6614 0.7305 -0.1699
vn -0.0000 0.8660 0.5000
vn 0.1007 0.8843 0.4559
vn 0.0985 0.9015 0.4215
vn 0.0925 0.9175 0.3868
vn 0.1949 0.8930 0.4058
vn 0.1876 0.9126 0.3632
vn 0.2893 0.8759 0.3863
vn 0.2806 0.8990 0.3362
vn 0.3809 0.8504 0.3630
vn 0.3712 0.8767 0.3060
vn 0.4690 0.8167 0.3363
vn 0.4580 0.8461 0.2729
vn 0.5526 0.7751 0.3064
vn 0.5406 0.8072 0.2370
vn 0.6307 0.7262 0.2736
vn 0.6178 0.7607 0.1990
vn 0.6614 0.7064 0.2520
vn 0.6614 0.7305 0.1699
vn -0.0000 0.8119 0.5837
vn 0.0857 0.8274 0.5551
vn 0.0944 0.8470 0.5232
vn 0.0994 0.8661 0.4899
vn 0.1898 0.8260 0.5307
vn 0.1959 0.8495 0.4899
vn 0.2833 0.7972 0.5332
vn 0.2906 0.8247 0.4852
vn 0.3741 0.7606 0.5306
vn 0.3824 0.7920 0.4759
vn 0.4614 0.7168 0.5228
vn 0.4707 0.7517 0.4620
vn 0.5443 0.6660 0.5101
vn 0.5544 0.7042 0.4436
vn 0.6218 0.6090 0.4925
vn 0.6327 0.6500 0.4210
vn 0.6614 0.5806 0.4748
vn 0.6614 0.6309 0.4055
vn -0.0000 0.7498 0.6617
vn 0.0579 0.7867 0.6146
vn 0.0735 0.8071 0.5858
vn 0.1641 0.7770 0.6077
vn 0.1791 0.8018 0.5701
vn 0.2532 0.7395 0.6237
vn 0.2709 0.7686 0.5795
vn 0.3399 0.6949 0.6338
vn 0.3599 0.7281 0.5834
vn 0.4232 0.6436 0.6377
vn 0.4455 0.6806 0.5816
vn 0.5025 0.5861 0.6356
vn 0.5270 0.6265 0.5743
vn 0.5770 0.5231 0.6273
vn 0.6031 0.5665 0.5615
vn 0.6459 0.4550 0.6130
vn 0.6614 0.5227 0.5379
vn 0.6614 0.4580 0.5939
vn 0.6614 0.3873 0.6423
vn 0.6103 0.4084 0.6788
vn 0.6614 0.3116 0.6822
vn 0.5672 0.3617 0.7399
vn 0.6263 0.2849 0.7257
vn 0.5738 0.2363 0.7841
vn 0.6614 0.2318 0.7133
vn 0.6251 0.1550 0.7650
vn 0.6614 0.1489 0.7351
vn 0.6614 0.0642 0.7472
vn 0.5638 0.1057 0.8191
vn 0.6075 0.0217 0.7940
vn 0.5383 -0.0278 0.8423
vn 0.5750 -0.1124 0.8104
vn 0.4987 -0.1605 0.8518
vn 0.5297 -0.2444 0.8122
vn 0.4477 -0.2902 0.8458
vn 0.4740 -0.3716 0.7983
vn 0.3881 -0.4143 0.8233
vn 0.4111 -0.4914 0.7678
vn 0.3230 -0.5306 0.7837
vn 0.3442 -0.6018 0.7207
vn 0.2556 -0.6365 0.7277
vn 0.2767 -0.7011 0.6572
vn 0.1895 -0.7306 0.6559
vn 0.2119 -0.7871 0.5793
vn 0.1279 -0.8113 0.5704
vn 0.1532 -0.8591 0.4883
vn 0.0443 -0.8317 0.5535
vn 0.0743 -0.8781 0.4727
vn -0.0000 -0.8660 0.5000
vn -0.0000 -0.9115 0.4113
vn -0.0000 0.6802 0.7331
vn 0.0171 0.7459 0.6659
vn 0.0390 0.7662 0.6414
vn 0.1218 0.7268 0.6760
vn 0.1450 0.7519 0.6431
vn 0.2034 0.6804 0.7040
vn 0.2306 0.7100 0.6653
vn 0.2830 0.6276 0.7253
vn 0.3142 0.6612 0.6812
vn 0.3599 0.5687 0.7396
vn 0.3945 0.6062 0.6906
vn 0.4335 0.5042 0.7469
vn 0.4712 0.5453 0.6933
vn 0.5028 0.4351 0.7470
vn 0.5434 0.4790 0.6893
vn -0.0000 0.6038 0.7971
vn 0.0308 0.6535 0.7563
vn 0.0644 0.6774 0.7328
vn 0.0948 0.7018 0.7060
vn 0.1360 0.6222 0.7710
vn 0.1718 0.6511 0.7393
vn 0.2061 0.5612 0.8016
vn 0.2470 0.5940 0.7656
vn 0.2743 0.4948 0.8246
vn 0.3198 0.5313 0.7845
vn 0.3399 0.4236 0.8396
vn 0.3895 0.4636 0.7958
vn 0.4023 0.3483 0.8467
vn 0.4555 0.3913 0.7996
vn 0.4607 0.2698 0.8456
vn 0.5173 0.3152 0.7956
vn 0.5148 0.1886 0.8363
vn -0.0000 0.5214 0.8533
vn 0.0075 0.5416 0.8406
vn 0.0535 0.5673 0.8218
vn 0.0964 0.5942 0.7985
vn 0.1121 0.4984 0.8596
vn 0.1610 0.5292 0.8331
vn 0.1696 0.4250 0.8892
vn 0.2242 0.4591 0.8596
vn 0.2256 0.3474 0.9102
vn 0.2851 0.3847 0.8779
vn 0.2794 0.2664 0.9225
vn 0.3434 0.3065 0.8878
vn 0.3305 0.1828 0.9259
vn 0.3982 0.2256 0.8891
vn 0.3784 0.0977 0.9205
vn 0.4494 0.1422 0.8820
vn 0.4228 0.0111 0.9061
vn 0.4961 0.0577 0.8663
vn 0.4630 -0.0751 0.8832
vn -0.0000 0.4339 0.9010
vn 0.0047 0.4419 0.8970
vn 0.0598 0.4693 0.8810
vn 0.0501 0.3620 0.9308
vn -0.0000 0.3420 0.9397
vn 0.0950 0.2784 0.9557
vn -0.0000 0.2468 0.9691
vn 0.0252 0.2478 0.9685
vn -0.0000 0.1490 0.9888
vn 0.0640 0.1594 0.9851
vn -0.0000 0.0499 0.9988
vn 0.1021 0.0695 0.9923
vn 0.0203 0.0377 0.9991
vn 0.0536 -0.0544 0.9971
vn -0.0000 -0.0499 0.9988
vn -0.0000 -0.1490 0.9888
vn 0.0864 -0.1459 0.9855
vn -0.0000 -0.2467 0.9691
vn 0.1184 -0.2363 0.9644
vn 0.0257 -0.2674 0.9632
vn 0.0553 -0.3558 0.9329
vn -0.0000 -0.3420 0.9397
vn -0.0000 -0.4339 0.9010
vn 0.0843 -0.4407 0.8937
vn -0.0000 -0.5214 0.8533
vn 0.1124 -0.5214 0.8459
vn 0.0177 -0.5488 0.8358
vn 0.0462 -0.6241 0.7800
vn -0.0000 -0.6038 0.7971
vn -0.0000 -0.6802 0.7331
vn 0.0743 -0.6934 0.7167
vn -0.0000 -0.7498 0.6617
vn 0.1016 -0.7561 0.6466
vn 0.0140 -0.7772 0.6291
vn -0.0000 -0.8119 0.5837
vn -0.0000 -0.9479 0.3185
vn 0.0307 -0.9301 0.3660
vn 0.1036 -0.9161 0.3873
vn 0.1768 -0.8985 0.4019
vn 0.2322 -0.8362 0.4969
vn 0.2951 -0.7590 0.5804
vn 0.3622 -0.6678 0.6503
vn 0.4302 -0.5639 0.7049
vn 0.4958 -0.4494 0.7431
vn 0.5556 -0.3260 0.7649
vn 0.6064 -0.1963 0.7706
vn 0.6614 -0.1068 0.7424
vn 0.6454 -0.0625 0.7613
vn 0.6614 -0.0214 0.7497
vn -0.0000 -0.9749 0.2225
vn 0.0002 -0.9674 0.2533
vn 0.0652 -0.9582 0.2787
vn 0.1317 -0.9454 0.2982
vn 0.1988 -0.9292 0.3115
vn 0.2504 -0.8772 0.4097
vn 0.3107 -0.8096 0.4980
vn 0.3767 -0.7274 0.5736
vn 0.4453 -0.6313 0.6350
vn 0.5129 -0.5232 0.6806
vn 0.5762 -0.4047 0.7101
vn 0.6319 -0.2782 0.7234
vn 0.6614 -0.1907 0.7254
vn 0.0407 -0.9853 0.1660
vn -0.0000 -0.9922 0.1243
vn 0.0809 -0.9937 0.0770
vn 0.0314 -0.9981 0.0527
vn 0.0783 -0.9964 -0.0333
vn -0.0000 -0.9997 0.0249
vn 0.0381 -0.9976 -0.0575
vn -0.0000 -0.9972 -0.0747
vn 0.0609 -0.9851 -0.1610
vn -0.0000 -0.9848 -0.1736
vn 0.0321 -0.9821 -0.1858
vn 0.0057 -0.9771 -0.2128
vn 0.0793 -0.9583 -0.2747
vn -0.0000 -0.9626 -0.2708
vn 0.0613 -0.9530 -0.2967
vn 0.0454 -0.9464 -0.3199
vn 0.1293 -0.9223 -0.3643
vn 0.1201 -0.9169 -0.3806
vn 0.2074 -0.8866 -0.4134
vn 0.2037 -0.8835 -0.4219
vn -0.0000 -0.9309 -0.3653
vn 0.0319 -0.9384 -0.3441
vn 0.1128 -0.9107 -0.3974
vn 0.2008 -0.8799 -0.4305
vn -0.0000 -0.8899 -0.4562
vn 0.0066 -0.9072 -0.4206
vn 0.0124 -0.9187 -0.3947
vn 0.0209 -0.9291 -0.3692
vn 0.1070 -0.9037 -0.4146
vn -0.0000 -0.8400 -0.5426
vn 0.0055 -0.8676 -0.4973
vn 0.0031 -0.8815 -0.4721
vn 0.0035 -0.8948 -0.4465
vn 0.1008 -0.8787 -0.4666
vn 0.1011 -0.8876 -0.4494
vn 0.1976 -0.8674 -0.4567
vn 0.1978 -0.8719 -0.4480
vn -0.0000 -0.7818 -0.6235
vn 0.0294 -0.8228 -0.5676
vn 0.0185 -0.8381 -0.5452
vn 0.0107 -0.8530 -0.5217
vn 0.1111 -0.8495 -0.5158
vn 0.1059 -0.8595 -0.5000
vn 0.2029 -0.8527 -0.4813
vn 0.2002 -0.8578 -0.4734
vn -0.0000 -0.7159 -0.6982
vn 0.0571 -0.7923 -0.6075
vn 0.0418 -0.8076 -0.5882
vn 0.1268 -0.8290 -0.5447
vn 0.1182 -0.8393 -0.5307
vn 0.2107 -0.8424 -0.4959
vn 0.2064 -0.8476 -0.4889
vn -0.0000 -0.6428 -0.7660
vn 0.0253 -0.7190 -0.6946
vn 0.0746 -0.7772 -0.6248
vn 0.1489 -0.8086 -0.5693
vn 0.1371 -0.8187 -0.5576
vn 0.2218 -0.8322 -0.5082
vn 0.2159 -0.8373 -0.5024
vn -0.0000 -0.5633 -0.8262
vn 0.0283 -0.6233 -0.7815
vn 0.0838 -0.6821 -0.7264
vn 0.0535 -0.7002 -0.7120
vn 0.1385 -0.7346 -0.6642
vn 0.1155 -0.7482 -0.6533
vn 0.1918 -0.7799 -0.5958
vn 0.1764 -0.7891 -0.5884
vn 0.2434 -0.8178 -0.5215
vn 0.2355 -0.8223 -0.5179
vn -0.0000 -0.4783 -0.8782
vn 0.0192 -0.5337 -0.8454
vn 0.0679 -0.6024 -0.7953
vn 0.1160 -0.6652 -0.7376
vn 0.1629 -0.7217 -0.6728
vn 0.2083 -0.7713 -0.6015
vn 0.2517 -0.8135 -0.5244
vn -0.0000 -0.3884 -0.9215
vn 0.0263 -0.4338 -0.9006
vn 0.0682 -0.5108 -0.8570
vn 0.1095 -0.5829 -0.8052
vn 0.1497 -0.6494 -0.7456
vn 0.1885 -0.7097 -0.6788
vn 0.2254 -0.7632 -0.6056
vn 0.2603 -0.8094 -0.5265
vn -0.0000 -0.2948 -0.9556
vn 0.0487 -0.3259 -0.9442
vn 0.0843 -0.4098 -0.9083
vn 0.1189 -0.4898 -0.8637
vn 0.1525 -0.5652 -0.8108
vn 0.1847 -0.6350 -0.7501
vn 0.2150 -0.6988 -0.6823
vn 0.2433 -0.7559 -0.6079
vn 0.2692 -0.8057 -0.5276
vn 0.0127 -0.2388 -0.9710
vn -0.0000 -0.1981 -0.9802
vn -0.0000 -0.0996 -0.9950
vn 0.6614 0.7451 0.0855
vn 0.6614 0.7500 -0.0000
vn 0.6392 0.3459 -0.6868
vn 0.6614 0.3116 -0.6822
vn 0.6467 0.2534 -0.7194
vn 0.5720 0.2584 -0.7785
vn 0.4925 0.2584 -0.8310
vn 0.4089 0.2538 -0.8766
vn 0.3222 0.2434 -0.9149
vn 0.2330 0.2289 -0.9452
vn 0.1425 0.2088 -0.9675
vn 0.6529 0.2527 -0.7140
vn 0.6614 0.2318 -0.7133
vn 0.6542 0.1579 -0.7397
vn 0.5821 0.1627 -0.7967
vn 0.5053 0.1628 -0.8474
vn 0.4247 0.1580 -0.8915
vn 0.3409 0.1483 -0.9283
vn 0.2549 0.1339 -0.9576
vn 0.1675 0.1148 -0.9792
vn 0.6603 0.1572 -0.7343
vn 0.6614 0.1489 -0.7351
vn 0.6554 0.0608 -0.7529
vn 0.5866 0.0657 -0.8072
vn 0.5133 0.0654 -0.8557
vn 0.4363 0.0611 -0.8977
vn 0.3564 0.0517 -0.9329
vn 0.2743 0.0381 -0.9609
vn 0.1909 0.0197 -0.9814
vn 0.6614 0.0642 -0.7473
vn 0.6614 -0.0214 -0.7497
vn 0.6503 -0.0368 -0.7588
vn 0.6614 -0.1067 -0.7424
vn 0.6389 -0.1341 -0.7575
vn 0.6614 -0.1907 -0.7254
vn 0.6215 -0.2301 -0.7489
vn 0.6614 -0.2721 -0.6989
vn 0.5980 -0.3239 -0.7331
vn 0.6438 -0.3305 -0.6901
vn 0.6090 -0.4204 -0.6726
vn 0.6614 -0.3500 -0.6633
vn 0.6454 -0.4290 -0.6319
vn 0.6615 -0.4233 -0.6191
vn 0.6614 -0.4912 -0.5668
vn 0.6614 -0.5526 -0.5071
vn 0.6506 -0.5351 -0.5389
vn 0.6268 -0.5232 -0.5774
vn 0.5992 -0.5135 -0.6142
vn 0.5696 -0.6010 -0.5607
vn 0.5472 -0.5931 -0.5905
vn 0.5070 -0.6730 -0.5386
vn 0.4901 -0.6669 -0.5613
vn 0.4396 -0.7385 -0.5113
vn 0.4281 -0.7345 -0.5265
vn 0.3678 -0.7970 -0.4791
vn 0.3621 -0.7950 -0.4867
vn 0.6614 -0.6068 -0.4408
vn 0.6051 -0.6220 -0.4969
vn 0.5889 -0.6105 -0.5295
vn 0.6614 -0.6531 -0.3688
vn 0.6275 -0.6495 -0.4295
vn 0.6180 -0.6350 -0.4634
vn 0.5438 -0.6988 -0.4648
vn 0.5340 -0.6889 -0.4902
vn 0.4642 -0.7559 -0.4617
vn 0.4577 -0.7492 -0.4788
vn 0.3802 -0.8057 -0.4542
vn 0.3770 -0.8023 -0.4628
vn 0.6614 -0.6908 -0.2919
vn 0.6343 -0.7002 -0.3278
vn 0.6356 -0.6822 -0.3613
vn 0.6334 -0.6652 -0.3953
vn 0.5571 -0.7346 -0.3874
vn 0.5554 -0.7217 -0.4132
vn 0.4732 -0.7799 -0.4097
vn 0.4720 -0.7713 -0.4270
vn 0.3848 -0.8178 -0.4280
vn 0.3841 -0.8134 -0.4368
vn 0.6293 -0.7190 -0.2950
vn 0.6614 -0.7196 -0.2113
vn 0.6208 -0.7384 -0.2634
vn 0.6087 -0.7583 -0.2333
vn 0.5367 -0.7923 -0.2902
vn 0.5250 -0.8076 -0.2686
vn 0.4516 -0.8290 -0.3299
vn 0.4422 -0.8393 -0.3164
vn 0.3691 -0.8476 -0.3812
vn 0.3636 -0.8527 -0.3750
vn 0.6560 -0.7418 -0.1391
vn 0.6614 -0.7390 -0.1279
vn 0.6331 -0.7667 -0.1065
vn 0.6614 -0.7488 -0.0428
vn 0.6065 -0.7914 -0.0768
vn 0.6540 -0.7565 0.0014
vn 0.5763 -0.8157 -0.0503
vn 0.6185 -0.7851 0.0327
vn 0.5431 -0.8392 -0.0270
vn 0.5793 -0.8129 0.0601
vn 0.5070 -0.8619 -0.0074
vn 0.5368 -0.8396 0.0832
vn 0.4684 -0.8835 0.0083
vn 0.4913 -0.8650 0.1018
vn 0.4278 -0.9036 0.0203
vn 0.4434 -0.8888 0.1158
vn 0.3854 -0.9223 0.0279
vn 0.3935 -0.9108 0.1248
vn 0.3418 -0.9392 0.0315
vn 0.3421 -0.9308 0.1291
vn 0.2974 -0.9543 0.0310
vn 0.2897 -0.9485 0.1284
vn 0.2526 -0.9672 0.0261
vn 0.2369 -0.9638 0.1226
vn 0.1841 -0.9765 0.1123
vn 0.1586 -0.9655 0.2063
vn 0.0990 -0.9770 0.1888
vn 0.6614 -0.7488 0.0428
vn 0.6547 -0.7470 0.1154
vn 0.6614 -0.7390 0.1279
vn 0.6099 -0.7788 0.1466
vn 0.6614 -0.7196 0.2113
vn 0.6347 -0.7372 0.2318
vn 0.6614 -0.6909 0.2920
vn 0.6534 -0.6885 0.3147
vn 0.6614 -0.6531 0.3688
vn 0.5942 -0.7257 0.3468
vn 0.6021 -0.6733 0.4292
vn 0.5310 -0.7610 0.3728
vn 0.5341 -0.7112 0.4570
vn 0.4643 -0.7942 0.3921
vn 0.4623 -0.7469 0.4779
vn 0.3948 -0.8247 0.4049
vn 0.3876 -0.7798 0.4916
vn 0.3233 -0.8525 0.4108
vn 0.6614 -0.6068 0.4409
vn 0.6043 -0.6143 0.5074
vn 0.5321 -0.6546 0.5370
vn 0.4560 -0.6923 0.5593
vn 0.6614 -0.5526 0.5071
vn 0.6007 -0.5495 0.5807
vn 0.5250 -0.5917 0.6118
vn 0.6614 -0.4912 0.5668
vn 0.5913 -0.4794 0.6485
vn 0.6614 -0.4233 0.6191
vn 0.6514 -0.3575 0.6692
vn 0.6614 -0.3500 0.6633
vn 0.6614 -0.2721 0.6989
vn 0.6356 0.6892 0.3478
vn 0.6614 0.6731 0.3309
vn 0.5972 0.7923 0.1249
vn 0.2454 -0.8956 -0.3710
vn 0.2538 -0.8953 -0.3660
vn 0.2625 -0.8946 -0.3617
vn 0.2715 -0.8933 -0.3582
vn 0.2807 -0.8915 -0.3555
vn 0.2993 -0.8866 -0.3527
vn 0.3086 -0.8835 -0.3525
vn 0.3176 -0.8799 -0.3533
vn 0.3265 -0.8761 -0.3548
vn 0.3349 -0.8719 -0.3573
vn 0.3429 -0.8674 -0.3605
vn 0.3504 -0.8627 -0.3647
vn 0.3574 -0.8578 -0.3694
vn 0.3739 -0.8424 -0.3880
vn 0.3779 -0.8373 -0.3952
vn 0.3809 -0.8322 -0.4030
vn 0.3831 -0.8272 -0.4111
vn 0.3844 -0.8224 -0.4194
vn 0.3827 -0.8094 -0.4455
vn 0.3727 -0.7995 -0.4711
vn 0.3556 -0.7935 -0.4939
vn 0.3486 -0.7924 -0.5006
vn 0.3410 -0.7919 -0.5066
vn 0.3328 -0.7919 -0.5120
vn 0.3243 -0.7924 -0.5167
vn 0.3154 -0.7935 -0.5205
vn 0.3063 -0.7950 -0.5237
vn 0.2970 -0.7970 -0.5259
vn 0.2284 -0.8272 -0.5134
vn 0.1984 -0.8627 -0.4652
vn 0.1989 -0.8761 -0.4393
vn 0.2120 -0.8893 -0.4053
vn 0.2173 -0.8915 -0.3974
vn 0.2234 -0.8933 -0.3900
vn 0.2301 -0.8946 -0.3831
vn 0.2375 -0.8954 -0.3767
vn 0.0917 -0.9861 -0.1387
vn 0.1243 -0.9851 -0.1190
vn 0.1201 -0.9927 -0.0126
vn 0.1584 -0.9821 -0.1023
vn 0.1635 -0.9865 0.0042
vn 0.1936 -0.9771 -0.0885
vn 0.2295 -0.9702 -0.0780
vn 0.2490 -0.9530 -0.1725
vn 0.2766 -0.9464 -0.1670
vn 0.2847 -0.9223 -0.2616
vn 0.3042 -0.9384 -0.1640
vn 0.3032 -0.9169 -0.2595
vn 0.3316 -0.9291 -0.1636
vn 0.3216 -0.9107 -0.2594
vn 0.3584 -0.9187 -0.1659
vn 0.3397 -0.9037 -0.2608
vn 0.3845 -0.9072 -0.1705
vn 0.3572 -0.8959 -0.2640
vn 0.4095 -0.8948 -0.1779
vn 0.3740 -0.8876 -0.2689
vn 0.4333 -0.8815 -0.1876
vn 0.3900 -0.8787 -0.2754
vn 0.4555 -0.8676 -0.1997
vn 0.4049 -0.8693 -0.2835
vn 0.4760 -0.8530 -0.2139
vn 0.4187 -0.8595 -0.2931
vn 0.4946 -0.8381 -0.2302
vn 0.4311 -0.8495 -0.3041
vn 0.5109 -0.8229 -0.2486
vn 0.1444 -0.9651 -0.2184
vn 0.1692 -0.9644 -0.2035
vn 0.1950 -0.9621 -0.1908
vn 0.2218 -0.9583 -0.1805
vn 0.2661 -0.9268 -0.2651
vn 0.2900 -0.8893 -0.3536
vn 0.1211 -0.9643 -0.2354
vn 0.1801 -0.9343 -0.3075
vn 0.1959 -0.9348 -0.2962
vn 0.2125 -0.9344 -0.2861
vn 0.2299 -0.9328 -0.2776
vn 0.2478 -0.9303 -0.2706
vn 0.1032 -0.8960 -0.4320
vn 0.1025 -0.8693 -0.4836
vn 0.0940 -0.7624 -0.6402
vn 0.1620 -0.7987 -0.5795
vn 0.1757 0.9306 0.3209
vn 0.2669 0.9202 0.2865
vn 0.3555 0.9008 0.2493
vn 0.4404 0.8729 0.2098
vn 0.5214 0.8366 0.1681
vn 0.5509 -0.7097 -0.4391
vn 0.4691 -0.7632 -0.4444
vn 0.1977 0.8718 0.4481
vn 0.2926 0.8510 0.4361
vn 0.3847 0.8220 0.4199
vn 0.4732 0.7851 0.3996
vn 0.5570 0.7407 0.3755
vn 0.2124 -0.0754 -0.9743
vn 0.2911 -0.0584 -0.9549
vn 0.3685 -0.0455 -0.9285
vn 0.4438 -0.0368 -0.8954
vn 0.5164 -0.0323 -0.8557
vn 0.5854 -0.0325 -0.8101
vn 0.2319 -0.1701 -0.9578
vn 0.3050 -0.1541 -0.9398
vn 0.3770 -0.1421 -0.9153
vn 0.4470 -0.1341 -0.8844
vn 0.5145 -0.1299 -0.8476
vn 0.5787 -0.1300 -0.8051
vn 0.2492 -0.2630 -0.9321
vn 0.3161 -0.2485 -0.9156
vn 0.3819 -0.2375 -0.8932
vn 0.4460 -0.2300 -0.8650
vn 0.5077 -0.2264 -0.8313
vn 0.5664 -0.2263 -0.7925
vn 0.2641 -0.3534 -0.8974
vn 0.3241 -0.3403 -0.8827
vn 0.3831 -0.3305 -0.8625
vn 0.4406 -0.3238 -0.8373
vn 0.4960 -0.3205 -0.8070
vn 0.5486 -0.3205 -0.7722
vn 0.2764 -0.4403 -0.8542
vn 0.3290 -0.4289 -0.8413
vn 0.3807 -0.4204 -0.8236
vn 0.4310 -0.4145 -0.8015
vn 0.4795 -0.4116 -0.7750
vn 0.5256 -0.4116 -0.7445
vn 0.5689 -0.4145 -0.7103
vn 0.2861 -0.5231 -0.8028
vn 0.3307 -0.5135 -0.7918
vn 0.3746 -0.5062 -0.7768
vn 0.4173 -0.5012 -0.7580
vn 0.4584 -0.4988 -0.7356
vn 0.4975 -0.4988 -0.7097
vn 0.5343 -0.5012 -0.6806
vn 0.5683 -0.5061 -0.6487
vn 0.2931 -0.6010 -0.7436
vn 0.3293 -0.5931 -0.7347
vn 0.3649 -0.5871 -0.7226
vn 0.3996 -0.5832 -0.7073
vn 0.4330 -0.5810 -0.6891
vn 0.4647 -0.5812 -0.6680
vn 0.4946 -0.5831 -0.6445
vn 0.5222 -0.5871 -0.6186
vn 0.2973 -0.6730 -0.6773
vn 0.3247 -0.6669 -0.6707
vn 0.3517 -0.6624 -0.6615
vn 0.3780 -0.6595 -0.6497
vn 0.4033 -0.6580 -0.6359
vn 0.4275 -0.6579 -0.6201
vn 0.4501 -0.6594 -0.6022
vn 0.4710 -0.6625 -0.5825
vn 0.2986 -0.7385 -0.6046
vn 0.3170 -0.7345 -0.6001
vn 0.3352 -0.7315 -0.5938
vn 0.3529 -0.7293 -0.5861
vn 0.3699 -0.7284 -0.5768
vn 0.3860 -0.7284 -0.5661
vn 0.4012 -0.7294 -0.5540
vn 0.4153 -0.7315 -0.5408
vn 0.1531 0.7355 -0.6600
vn 0.1181 0.7969 -0.5924
vn 0.2400 0.7456 -0.6216
vn 0.2022 0.8064 -0.5557
vn 0.3237 0.7507 -0.5759
vn 0.2828 0.8116 -0.5112
vn 0.4033 0.7508 -0.5232
vn 0.3598 0.8115 -0.4604
vn 0.4782 0.7456 -0.4641
vn 0.4320 0.8068 -0.4031
vn 0.4370 0.8062 -0.3988
vn 0.3863 0.8597 -0.3342
vn 0.4455 0.8509 -0.2783
vn 0.3879 0.8966 -0.2136
vn 0.1204 0.9053 -0.4073
vn 0.1933 0.9097 -0.3676
vn 0.2626 0.9097 -0.3217
vn 0.3277 0.9053 -0.2702
vn 0.2743 0.9414 -0.1961
vn 0.2622 0.9618 -0.0786
vn 0.1620 0.8602 -0.4836
vn 0.2393 0.8647 -0.4416
vn 0.3126 0.8649 -0.3927
vn 0.3817 0.8602 -0.3383
vn 0.3319 0.9049 -0.2665
vn 0.3265 0.9337 -0.1468
vn 0.4724 -0.8759 -0.0980
vn 0.4411 -0.8934 -0.0851
vn 0.4081 -0.9098 -0.0755
vn 0.3737 -0.9249 -0.0693
vn 0.3383 -0.9387 -0.0663
vn 0.3022 -0.9509 -0.0669
vn 0.2659 -0.9614 -0.0708
vn 0.2078 -0.9780 0.0172
vn 0.1319 -0.9865 0.0970
vn 0.5017 -0.8575 -0.1139
vn 0.5287 -0.8384 -0.1327
vn 0.5532 -0.8187 -0.1543
vn 0.5748 -0.7986 -0.1784
vn 0.5934 -0.7784 -0.2048
vn 0.5614 -0.8092 0.1732
vn 0.5095 -0.8383 0.1943
vn 0.4547 -0.8654 0.2103
vn 0.3977 -0.8906 0.2206
vn 0.3390 -0.9133 0.2255
vn 0.2792 -0.9336 0.2246
vn 0.2189 -0.9510 0.2182
vn 0.5806 -0.7711 0.2613
vn 0.5227 -0.8035 0.2849
vn 0.4617 -0.8338 0.3026
vn 0.3982 -0.8617 0.3144
vn 0.3327 -0.8872 0.3197
vn 0.2661 -0.9097 0.3187
vn 0.4171 -0.2061 0.8852
vn 0.3826 -0.1200 0.9161
vn 0.3311 -0.2488 0.9102
vn 0.2976 -0.1618 0.9409
vn 0.2416 -0.2883 0.9266
vn 0.2093 -0.2007 0.9570
vn 0.1493 -0.3241 0.9342
vn 0.3443 -0.0328 0.9383
vn 0.2614 -0.0735 0.9624
vn 0.1753 -0.1119 0.9781
vn 0.3026 0.0552 0.9515
vn 0.2226 0.0155 0.9748
vn 0.1394 -0.0212 0.9900
vn 0.2580 0.1425 0.9556
vn 0.1817 0.1044 0.9778
vn 0.2110 0.2282 0.9505
vn 0.1391 0.1923 0.9714
vn 0.1620 0.3118 0.9362
vn 0.1114 0.3925 0.9130
vn 0.3613 -0.3332 0.8709
vn 0.2986 -0.4537 0.8396
vn 0.2321 -0.5656 0.7914
vn 0.1652 -0.6667 0.7267
vn 0.2714 -0.3728 0.8873
vn 0.1787 -0.4088 0.8950
vn 0.2065 -0.4898 0.8470
vn 0.1395 -0.5969 0.7901
vn 0.0993 -0.9620 -0.2542
vn 0.1655 -0.9328 -0.3201
vn 0.1521 -0.9302 -0.3339
vn 0.1400 -0.9267 -0.3487
vn 0.5217 -0.6803 -0.5148
vn 0.4494 -0.7434 -0.4953
vn 0.5561 -0.7482 -0.3619
vn 0.5524 -0.7624 -0.3370
vn 0.5458 -0.7772 -0.3131
vn 0.4725 -0.7891 -0.3926
vn 0.4700 -0.7987 -0.3759
vn 0.4656 -0.8086 -0.3597
vn 0.4595 -0.8187 -0.3444
vn -0.0000 -0.0996 0.9950
vn -0.0000 0.0996 0.9950
vn -0.0000 0.1982 0.9802
vn -0.0000 0.2948 0.9556
vn -0.0000 0.3884 0.9215
vn -0.0000 0.4783 0.8782
vn -0.0000 0.5633 0.8262
vn -0.0000 0.6428 0.7660
vn -0.0000 0.7159 0.6982
vn -0.0000 0.7818 0.6235
vn -0.0000 0.8400 0.5425
vn -0.0000 0.8899 0.4562
vn -0.0000 0.9309 0.3653
vn -0.0000 0.9626 0.2708
vn -0.0000 0.9848 0.1736
vn -0.0000 0.9972 0.0747
vn -0.0000 0.9997 -0.0249
vn -0.0000 0.9922 -0.1243
vn -0.0000 0.9749 -0.2225
vn -0.0000 0.9479 -0.3185
vn -0.0000 0.9115 -0.4113
vn -0.0000 0.8660 -0.5000
vn -0.0000 0.8119 -0.5837
vn -0.0000 0.7498 -0.6617
vn -0.0000 0.6802 -0.7331
vn -0.0000 0.6038 -0.7971
vn -0.0000 0.5214 -0.8533
vn -0.0000 0.4339 -0.9010
vn -0.0000 0.3420 -0.9397
vn -0.0000 0.2468 -0.9691
vn -0.0000 0.1490 -0.9888
vn -0.0000 0.0498 -0.9988
vn -0.0000 -0.0498 -0.9988
vn -0.0000 -0.1490 -0.9888
vn -0.0000 -0.2468 -0.9691
vn -0.0000 -0.3420 -0.9397
vn -0.0000 -0.4339 -0.9010
vn -0.0000 -0.5214 -0.8533
vn -0.0000 -0.6038 -0.7971
vn -0.0000 -0.6802 -0.7331
vn -0.0000 -0.7498 -0.6617
vn -0.0000 -0.8119 -0.5837
vn -0.0000 -0.8660 -0.5000
vn -0.0000 -0.9115 -0.4113
vn -0.0000 -0.9479 -0.3185
vn -0.0000 -0.9749 -0.2225
vn -0.0000 -0.9922 -0.1243
vn -0.0000 -0.9997 -0.0249
vn -0.0000 -0.9972 0.0747
vn -0.0000 -0.9848 0.1736
vn -0.0000 -0.9626 0.2708
vn -0.0000 -0.9309 0.3653
vn -0.0000 -0.8899 0.4562
vn -0.0000 -0.8400 0.5425
vn -0.0000 -0.7818 0.6235
vn -0.0000 -0.7159 0.6982
vn -0.0000 -0.6428 0.7660
vn -0.0000 -0.5633 0.8262
vn -0.0000 -0.4783 0.8782
vn -0.0000 -0.3884 0.9215
vn -0.0000 -0.2948 0.9556
vn -0.0000 -0.1982 0.9802
vn 0.5911 0.8050 0.0512
vn 0.5912 0.8065 -0.0000
vn 0.5910 0.8050 -0.0511
vn 0.5159 0.8567 -0.0000
vn 0.5163 0.8547 -0.0543
vn 0.4366 0.8997 -0.0000
vn 0.4366 0.8979 -0.0571
vn 0.3535 0.9354 -0.0000
vn 0.3539 0.9334 -0.0593
vn 0.2680 0.9634 -0.0000
vn 0.2676 0.9616 -0.0611
vn 0.1799 0.9837 -0.0000
vn 0.1799 0.9817 -0.0624
vn 0.0903 0.9959 -0.0000
vn 0.0903 0.9939 -0.0632
vn -0.0000 0.9903 -0.1392
vn 0.5911 0.8001 0.1022
vn 0.5911 0.7921 0.1526
vn 0.5910 0.7808 0.2027
vn 0.5159 0.8292 0.2151
vn 0.5163 0.8137 0.2672
vn 0.4369 0.8546 0.2807
vn 0.4366 0.8352 0.3344
vn 0.3539 0.8683 0.3476
vn 0.3539 0.8445 0.4020
vn 0.2680 0.8699 0.4141
vn 0.2680 0.8419 0.4684
vn 0.1799 0.8596 0.4783
vn 0.1799 0.8275 0.5318
vn 0.0902 0.8379 0.5384
vn 0.0903 0.8020 0.5905
vn -0.0000 0.8480 0.5299
vn -0.0000 0.7660 0.6428
vn 0.0903 0.7629 0.6402
vn 0.0903 0.7208 0.6873
vn 0.1799 0.7536 0.6323
vn 0.1799 0.7119 0.6788
vn 0.2680 0.7380 0.6193
vn 0.2680 0.6973 0.6648
vn 0.3539 0.7165 0.6012
vn 0.3539 0.6769 0.6454
vn 0.4369 0.6891 0.5782
vn 0.4369 0.6510 0.6207
vn 0.5159 0.6562 0.5507
vn 0.5159 0.6200 0.5912
vn 0.5911 0.6179 0.5185
vn 0.5911 0.5838 0.5566
vn 0.5910 0.5472 0.5926
vn 0.5911 0.5086 0.6260
vn 0.5910 0.4678 0.6572
vn 0.5160 0.4969 0.6977
vn 0.5160 0.4516 0.7279
vn 0.4369 0.4743 0.7644
vn 0.4364 0.4249 0.7931
vn 0.3539 0.4417 0.8244
vn 0.3539 0.3885 0.8508
vn 0.2680 0.4002 0.8764
vn 0.2680 0.3438 0.9000
vn 0.1799 0.3511 0.9189
vn 0.1799 0.2921 0.9393
vn 0.0902 0.2957 0.9510
vn 0.0902 0.2348 0.9678
vn -0.0000 0.3090 0.9511
vn -0.0000 0.1736 0.9848
vn 0.0903 0.1729 0.9808
vn 0.0902 0.1104 0.9898
vn 0.1799 0.1708 0.9687
vn 0.1799 0.1090 0.9776
vn 0.2680 0.1673 0.9488
vn 0.2680 0.1068 0.9575
vn 0.3539 0.1624 0.9211
vn 0.3539 0.1037 0.9295
vn 0.4369 0.1562 0.8859
vn 0.4366 0.0997 0.8941
vn 0.5159 0.1488 0.8436
vn 0.5160 0.0949 0.8513
vn 0.5911 0.1400 0.7944
vn 0.5911 0.0894 0.8016
vn 0.5910 0.0383 0.8057
vn 0.5911 -0.0128 0.8065
vn 0.5909 -0.0640 0.8042
vn 0.5163 -0.0679 0.8537
vn 0.5163 -0.1219 0.8477
vn 0.4366 -0.1280 0.8905
vn 0.4369 -0.1842 0.8805
vn 0.3539 -0.1916 0.9155
vn 0.3539 -0.2492 0.9015
vn 0.2680 -0.2567 0.9286
vn 0.2680 -0.3151 0.9104
vn 0.1799 -0.3217 0.9296
vn 0.1799 -0.3800 0.9073
vn 0.0903 -0.3848 0.9186
vn 0.0903 -0.4422 0.8923
vn -0.0000 -0.3746 0.9272
vn -0.0000 -0.5000 0.8660
vn 0.0903 -0.4980 0.8625
vn 0.0903 -0.5517 0.8292
vn 0.1799 -0.4918 0.8519
vn 0.1799 -0.5449 0.8190
vn 0.2680 -0.4817 0.8344
vn 0.2675 -0.5337 0.8022
vn 0.3535 -0.4677 0.8101
vn 0.3539 -0.5181 0.7787
vn 0.4369 -0.4498 0.7790
vn 0.4369 -0.4983 0.7489
vn 0.5160 -0.4283 0.7418
vn 0.5160 -0.4745 0.7132
vn 0.5910 -0.4034 0.6985
vn 0.5911 -0.4468 0.6716
vn 0.5909 -0.4886 0.6419
vn 0.5912 -0.5281 0.6095
vn 0.5909 -0.5658 0.5750
vn 0.5159 -0.6009 0.6105
vn 0.5159 -0.6384 0.5712
vn 0.4369 -0.6704 0.5998
vn 0.4366 -0.7072 0.5561
vn 0.3539 -0.7352 0.5782
vn 0.3539 -0.7704 0.5304
vn 0.2680 -0.7936 0.5463
vn 0.2680 -0.8266 0.4949
vn 0.1799 -0.8440 0.5053
vn 0.1799 -0.8743 0.4508
vn 0.0903 -0.8852 0.4563
vn 0.0903 -0.9124 0.3993
vn -0.0000 -0.8829 0.4695
vn -0.0000 -0.9397 0.3420
vn 0.0903 -0.9359 0.3406
vn 0.0902 -0.9556 0.2806
vn 0.1799 -0.9244 0.3364
vn 0.1799 -0.9438 0.2771
vn 0.2676 -0.9054 0.3295
vn 0.2680 -0.9244 0.2714
vn 0.3539 -0.8789 0.3199
vn 0.3535 -0.8975 0.2635
vn 0.4369 -0.8453 0.3077
vn 0.4369 -0.8631 0.2534
vn 0.5163 -0.8048 0.2929
vn 0.5159 -0.8220 0.2414
vn 0.5911 -0.7579 0.2759
vn 0.5911 -0.7739 0.2272
vn 0.5910 -0.7868 0.1777
vn 0.5911 -0.7965 0.1274
vn 0.5911 -0.8030 0.0767
vn 0.5911 -0.8062 0.0255
vn 0.5159 -0.8562 0.0272
vn 0.5159 -0.8562 -0.0272
vn 0.4369 -0.8991 -0.0285
vn 0.4369 -0.8955 -0.0855
vn 0.3535 -0.9312 -0.0889
vn 0.3539 -0.9236 -0.1478
vn 0.2680 -0.9513 -0.1522
vn 0.2680 -0.9398 -0.2123
vn 0.1799 -0.9595 -0.2167
vn 0.1799 -0.9438 -0.2771
vn 0.0903 -0.9556 -0.2806
vn 0.0903 -0.9359 -0.3406
vn -0.0000 -0.9397 -0.3420
vn 0.0903 -0.9124 -0.3993
vn 0.0902 -0.8852 -0.4564
vn 0.1799 -0.9012 -0.3944
vn 0.1799 -0.8743 -0.4508
vn 0.2680 -0.8826 -0.3863
vn 0.2675 -0.8564 -0.4415
vn 0.3534 -0.8570 -0.3751
vn 0.3539 -0.8313 -0.4286
vn 0.4369 -0.8241 -0.3606
vn 0.4369 -0.7995 -0.4122
vn 0.5163 -0.7846 -0.3434
vn 0.5159 -0.7614 -0.3925
vn 0.5911 -0.7389 -0.3234
vn 0.5911 -0.7170 -0.3696
vn 0.5911 -0.6921 -0.4143
vn 0.5911 -0.6644 -0.4574
vn 0.5911 -0.6340 -0.4987
vn 0.5158 -0.6734 -0.5296
vn 0.5160 -0.6384 -0.5711
vn 0.4364 -0.6705 -0.5999
vn 0.4369 -0.6310 -0.6411
vn 0.3539 -0.6561 -0.6666
vn 0.3539 -0.6125 -0.7069
vn 0.2680 -0.6309 -0.7281
vn 0.2680 -0.5835 -0.7667
vn 0.1799 -0.5957 -0.7828
vn 0.1799 -0.5449 -0.8190
vn 0.0902 -0.5517 -0.8292
vn 0.0903 -0.4980 -0.8625
vn -0.0000 -0.5000 -0.8660
vn 0.0902 -0.4423 -0.8923
vn 0.0902 -0.3848 -0.9186
vn 0.1799 -0.4368 -0.8814
vn 0.1799 -0.3800 -0.9073
vn 0.2680 -0.4278 -0.8632
vn 0.2680 -0.3722 -0.8886
vn 0.3539 -0.4153 -0.8380
vn 0.3539 -0.3613 -0.8627
vn 0.4364 -0.3995 -0.8062
vn 0.4369 -0.3475 -0.8297
vn 0.5163 -0.3803 -0.7673
vn 0.5163 -0.3309 -0.7899
vn 0.5911 -0.3582 -0.7227
vn 0.5911 -0.3116 -0.7440
vn 0.5911 -0.2638 -0.7623
vn 0.5911 -0.2150 -0.7774
vn 0.5909 -0.1651 -0.7896
vn 0.5160 -0.1754 -0.8384
vn 0.5159 -0.1219 -0.8479
vn 0.4366 -0.1280 -0.8905
vn 0.4364 -0.0713 -0.8969
vn 0.3539 -0.0741 -0.9324
vn 0.3535 -0.0148 -0.9353
vn 0.2680 -0.0153 -0.9633
vn 0.2680 0.0458 -0.9623
vn 0.1799 0.0468 -0.9826
vn 0.1799 0.1090 -0.9776
vn 0.0902 0.1104 -0.9898
vn 0.0903 0.1729 -0.9808
vn -0.0000 0.1736 -0.9848
vn 0.0902 0.2348 -0.9678
vn 0.0902 0.2957 -0.9510
vn 0.1799 0.2319 -0.9560
vn 0.1795 0.2921 -0.9394
vn 0.2680 0.2271 -0.9363
vn 0.2680 0.2861 -0.9200
vn 0.3539 0.2205 -0.9089
vn 0.3539 0.2777 -0.8931
vn 0.4366 0.2121 -0.8743
vn 0.4366 0.2671 -0.8591
vn 0.5159 0.2020 -0.8325
vn 0.5163 0.2543 -0.8178
vn 0.5911 0.1902 -0.7839
vn 0.5911 0.2395 -0.7702
vn 0.5909 0.2881 -0.7536
vn 0.5911 0.3351 -0.7337
vn 0.5911 0.3810 -0.7110
vn 0.5159 0.4046 -0.7551
vn 0.5159 0.4517 -0.7279
vn 0.4369 0.4743 -0.7644
vn 0.4369 0.5218 -0.7327
vn 0.3539 0.5425 -0.7619
vn 0.3539 0.5898 -0.7259
vn 0.2680 0.6075 -0.7478
vn 0.2680 0.6537 -0.7077
vn 0.1799 0.6674 -0.7226
vn 0.1799 0.7119 -0.6788
vn 0.0902 0.7208 -0.6873
vn 0.0903 0.7629 -0.6402
vn -0.0000 0.7660 -0.6428
vn 0.0902 0.8020 -0.5905
vn 0.0902 0.8378 -0.5384
vn 0.1799 0.7921 -0.5832
vn 0.1799 0.8275 -0.5318
vn 0.2680 0.7758 -0.5712
vn 0.2680 0.8105 -0.5209
vn 0.3539 0.7532 -0.5545
vn 0.3539 0.7868 -0.5057
vn 0.4369 0.7244 -0.5333
vn 0.4366 0.7569 -0.4864
vn 0.5163 0.6896 -0.5078
vn 0.5163 0.7205 -0.4630
vn 0.5911 0.6495 -0.4783
vn 0.5911 0.6785 -0.4361
vn 0.5909 0.7049 -0.3924
vn 0.5911 0.7283 -0.3466
vn 0.5911 0.7488 -0.2998
vn 0.5911 0.7664 -0.2516
vn 0.5160 0.8138 -0.2673
vn 0.5160 0.8291 -0.2151
vn 0.4366 0.8708 -0.2260
vn 0.4364 0.8835 -0.1703
vn 0.3539 0.9184 -0.1770
vn 0.3539 0.9278 -0.1184
vn 0.2680 0.9557 -0.1220
vn 0.5911 0.7663 0.2517
vn 0.5163 0.7951 0.3183
vn 0.4363 0.8125 0.3867
vn 0.3539 0.8173 0.4547
vn 0.2680 0.8105 0.5209
vn 0.1799 0.7921 0.5832
vn 0.5910 0.7488 0.2999
vn 0.5911 0.7283 0.3466
vn 0.5910 0.7049 0.3922
vn 0.5163 0.7484 0.4164
vn 0.5163 0.7205 0.4630
vn 0.4364 0.7569 0.4864
vn 0.4369 0.7244 0.5333
vn 0.3539 0.7532 0.5545
vn 0.5911 0.6785 0.4361
vn 0.5163 0.6896 0.5078
vn 0.5909 0.6497 0.4782
vn 0.5911 0.4253 0.6854
vn 0.5158 0.4046 0.7552
vn 0.4369 0.3737 0.8182
vn 0.3539 0.3338 0.8737
vn 0.2680 0.2861 0.9200
vn 0.1799 0.2319 0.9560
vn 0.5911 0.3810 0.7110
vn 0.5912 0.3350 0.7336
vn 0.5909 0.2880 0.7535
vn 0.5159 0.3057 0.8002
vn 0.5163 0.2543 0.8178
vn 0.4366 0.2671 0.8591
vn 0.4366 0.2121 0.8743
vn 0.3539 0.2205 0.9089
vn 0.5911 0.2395 0.7703
vn 0.5159 0.2020 0.8325
vn 0.5911 0.1902 0.7839
vn 0.5910 -0.1148 0.7985
vn 0.5159 -0.1755 0.8385
vn 0.4369 -0.2397 0.8670
vn 0.3539 -0.3059 0.8839
vn 0.2680 -0.3722 0.8886
vn 0.1799 -0.4368 0.8814
vn 0.5909 -0.1651 0.7896
vn 0.5911 -0.2149 0.7774
vn 0.5911 -0.2638 0.7622
vn 0.5911 -0.3117 0.7440
vn 0.5163 -0.3309 0.7899
vn 0.5159 -0.3804 0.7676
vn 0.4364 -0.3995 0.8062
vn 0.5911 -0.3582 0.7228
vn 0.5911 -0.6012 0.5378
vn 0.5159 -0.6734 0.5296
vn 0.4369 -0.7409 0.5101
vn 0.3534 -0.8026 0.4805
vn 0.2680 -0.8563 0.4415
vn 0.1799 -0.9012 0.3944
vn 0.5911 -0.6340 0.4986
vn 0.5160 -0.7055 0.4857
vn 0.4366 -0.7719 0.4621
vn 0.3539 -0.8313 0.4286
vn 0.2680 -0.8826 0.3863
vn 0.5911 -0.6644 0.4574
vn 0.5911 -0.6921 0.4143
vn 0.5910 -0.7170 0.3696
vn 0.5159 -0.7614 0.3925
vn 0.5160 -0.7847 0.3434
vn 0.4366 -0.8242 0.3607
vn 0.5911 -0.7389 0.3235
vn 0.5910 -0.8062 -0.0255
vn 0.5160 -0.8527 -0.0814
vn 0.4366 -0.8884 -0.1421
vn 0.3539 -0.9123 -0.2061
vn 0.2675 -0.9245 -0.2715
vn 0.1799 -0.9244 -0.3364
vn 0.5911 -0.8030 -0.0767
vn 0.5911 -0.7965 -0.1273
vn 0.5910 -0.7868 -0.1777
vn 0.5163 -0.8354 -0.1887
vn 0.5158 -0.8220 -0.2414
vn 0.4369 -0.8631 -0.2534
vn 0.4366 -0.8454 -0.3077
vn 0.3539 -0.8789 -0.3199
vn 0.5912 -0.7738 -0.2272
vn 0.5163 -0.8048 -0.2929
vn 0.5910 -0.7580 -0.2759
vn 0.5911 -0.6012 -0.5378
vn 0.5163 -0.6007 -0.6104
vn 0.4369 -0.5891 -0.6798
vn 0.3539 -0.5664 -0.7443
vn 0.2680 -0.5337 -0.8021
vn 0.1799 -0.4918 -0.8519
vn 0.5909 -0.5658 -0.5750
vn 0.5911 -0.5282 -0.6096
vn 0.5911 -0.4885 -0.6419
vn 0.5159 -0.5188 -0.6817
vn 0.5159 -0.4745 -0.7132
vn 0.4369 -0.4983 -0.7489
vn 0.4369 -0.4498 -0.7790
vn 0.3539 -0.4677 -0.8100
vn 0.5911 -0.4468 -0.6716
vn 0.5160 -0.4283 -0.7418
vn 0.5911 -0.4033 -0.6985
vn 0.5911 -0.1148 -0.7984
vn 0.5160 -0.0679 -0.8539
vn 0.4369 -0.0143 -0.8994
vn 0.3539 0.0445 -0.9342
vn 0.2680 0.1068 -0.9575
vn 0.1799 0.1708 -0.9687
vn 0.5909 -0.0640 -0.8042
vn 0.5911 -0.0128 -0.8065
vn 0.5911 0.0384 -0.8057
vn 0.5911 0.0894 -0.8016
vn 0.5159 0.0950 -0.8514
vn 0.5159 0.1488 -0.8436
vn 0.4369 0.1562 -0.8859
vn 0.5911 0.1401 -0.7944
vn 0.5911 0.4253 -0.6854
vn 0.5159 0.4969 -0.6978
vn 0.4369 0.5672 -0.6982
vn 0.3539 0.6346 -0.6871
vn 0.2680 0.6973 -0.6648
vn 0.1794 0.7536 -0.6324
vn 0.5911 0.4679 -0.6571
vn 0.5160 0.5401 -0.6648
vn 0.4369 0.6103 -0.6608
vn 0.3539 0.6769 -0.6454
vn 0.2680 0.7380 -0.6193
vn 0.5911 0.5087 -0.6260
vn 0.5910 0.5472 -0.5926
vn 0.5911 0.5838 -0.5566
vn 0.5159 0.6200 -0.5912
vn 0.5159 0.6562 -0.5507
vn 0.4369 0.6891 -0.5782
vn 0.5911 0.6179 -0.5185
vn 0.5911 0.7808 -0.2026
vn 0.5163 0.8409 -0.1621
vn 0.4366 0.8924 -0.1139
vn 0.5910 0.7921 -0.1526
vn 0.5911 0.8001 -0.1022
vn -0.0000 0.9613 -0.2756
vn 0.0903 0.9779 -0.1885
vn 0.0903 0.9879 -0.1260
vn 0.1799 0.9758 -0.1245
vn -0.0000 0.9135 -0.4067
vn 0.0903 0.9462 -0.3108
vn 0.0902 0.9640 -0.2501
vn 0.1799 0.9522 -0.2471
vn 0.1799 0.9659 -0.1862
vn 0.2680 0.9326 -0.2420
vn 0.2676 0.9461 -0.1823
vn 0.3539 0.9053 -0.2349
vn -0.0000 0.8480 -0.5299
vn 0.0902 0.8992 -0.4281
vn 0.0902 0.9246 -0.3702
vn 0.1799 0.9132 -0.3656
vn 0.1799 0.9346 -0.3069
vn 0.2680 0.8944 -0.3581
vn 0.2680 0.9153 -0.3006
vn 0.3539 0.8683 -0.3476
vn 0.3539 0.8886 -0.2918
vn 0.4369 0.8351 -0.3343
vn 0.4366 0.8548 -0.2807
vn 0.5160 0.7952 -0.3184
vn 0.0902 0.8703 -0.4842
vn 0.1795 0.8597 -0.4783
vn 0.1799 0.8882 -0.4228
vn 0.2680 0.8419 -0.4684
vn 0.2680 0.8699 -0.4141
vn 0.3539 0.8173 -0.4547
vn 0.3539 0.8445 -0.4020
vn 0.4369 0.7861 -0.4373
vn 0.4364 0.8124 -0.3867
vn 0.5163 0.7484 -0.4164
vn 0.5159 0.7735 -0.3682
vn -0.0000 0.6691 -0.7431
vn 0.0903 0.6758 -0.7315
vn 0.1799 0.6203 -0.7635
vn 0.2680 0.5588 -0.7848
vn 0.3539 0.4931 -0.7947
vn 0.4364 0.4249 -0.7931
vn 0.5163 0.3558 -0.7790
vn 0.0903 0.6280 -0.7730
vn -0.0000 0.5592 -0.8290
vn 0.0902 0.5777 -0.8112
vn 0.0902 0.5251 -0.8463
vn 0.1799 0.5186 -0.8359
vn 0.1799 0.4646 -0.8671
vn 0.2680 0.4550 -0.8492
vn 0.2680 0.4002 -0.8764
vn 0.3539 0.3885 -0.8508
vn 0.3534 0.3339 -0.8739
vn 0.4369 0.3210 -0.8403
vn -0.0000 0.4384 -0.8988
vn 0.0902 0.4704 -0.8778
vn 0.1799 0.4086 -0.8948
vn 0.2680 0.3438 -0.9000
vn 0.0902 0.4137 -0.9059
vn -0.0000 0.3090 -0.9511
vn 0.0902 0.3554 -0.9303
vn -0.0000 0.0349 -0.9994
vn 0.0902 0.0474 -0.9948
vn 0.1799 -0.0156 -0.9836
vn 0.2680 -0.0764 -0.9604
vn 0.3539 -0.1331 -0.9258
vn 0.4364 -0.1843 -0.8807
vn 0.5159 -0.2283 -0.8257
vn 0.0903 -0.0158 -0.9958
vn -0.0000 -0.1045 -0.9945
vn 0.0902 -0.0789 -0.9928
vn 0.0903 -0.1418 -0.9858
vn 0.1799 -0.1400 -0.9737
vn 0.1799 -0.2015 -0.9628
vn 0.2680 -0.1973 -0.9430
vn 0.2680 -0.2567 -0.9286
vn 0.3539 -0.2492 -0.9015
vn 0.3539 -0.3059 -0.8839
vn 0.4369 -0.2942 -0.8501
vn -0.0000 -0.2419 -0.9703
vn 0.0902 -0.2040 -0.9748
vn 0.1799 -0.2621 -0.9481
vn 0.2676 -0.3151 -0.9105
vn 0.0902 -0.2654 -0.9599
vn -0.0000 -0.3746 -0.9272
vn 0.0902 -0.3257 -0.9411
vn -0.0000 -0.6157 -0.7880
vn 0.0902 -0.6032 -0.7925
vn 0.1799 -0.6442 -0.7434
vn 0.2680 -0.6758 -0.6866
vn 0.3539 -0.6970 -0.6236
vn 0.4364 -0.7072 -0.5562
vn 0.5163 -0.7054 -0.4856
vn 0.0903 -0.6522 -0.7527
vn -0.0000 -0.7193 -0.6947
vn 0.0903 -0.6986 -0.7098
vn 0.0902 -0.7422 -0.6641
vn 0.1799 -0.7331 -0.6559
vn 0.1799 -0.7732 -0.6081
vn 0.2680 -0.7573 -0.5956
vn 0.2680 -0.7936 -0.5463
vn 0.3539 -0.7704 -0.5304
vn 0.3535 -0.8026 -0.4805
vn 0.4369 -0.7718 -0.4621
vn -0.0000 -0.8090 -0.5878
vn 0.0902 -0.7828 -0.6157
vn 0.1799 -0.8102 -0.5578
vn 0.2680 -0.8266 -0.4949
vn 0.0902 -0.8203 -0.5647
vn -0.0000 -0.8829 -0.4695
vn 0.0902 -0.8545 -0.5116
vn -0.0000 -0.9781 -0.2079
vn 0.0903 -0.9714 -0.2195
vn 0.1795 -0.9714 -0.1554
vn 0.2680 -0.9591 -0.0916
vn 0.3539 -0.9348 -0.0297
vn 0.4369 -0.8991 0.0285
vn 0.5159 -0.8528 0.0814
vn 0.0903 -0.9834 -0.1573
vn -0.0000 -0.9976 -0.0698
vn 0.0902 -0.9914 -0.0947
vn 0.0902 -0.9954 -0.0316
vn 0.1799 -0.9832 -0.0312
vn 0.1799 -0.9832 0.0312
vn 0.2680 -0.9629 0.0306
vn 0.2676 -0.9592 0.0916
vn 0.3533 -0.9313 0.0889
vn 0.3534 -0.9237 0.1478
vn 0.4366 -0.8884 0.1421
vn 0.4363 -0.8777 0.1982
vn 0.5160 -0.8355 0.1887
vn -0.0000 -0.9976 0.0698
vn 0.0902 -0.9954 0.0316
vn 0.1799 -0.9792 0.0935
vn 0.2680 -0.9513 0.1522
vn 0.3539 -0.9123 0.2061
vn 0.0902 -0.9914 0.0947
vn -0.0000 -0.9781 0.2079
vn 0.0902 -0.9834 0.1574
vn 0.0902 -0.9715 0.2194
vn 0.1795 -0.9596 0.2167
vn 0.0903 -0.8545 0.5116
vn -0.0000 -0.8090 0.5878
vn 0.0902 -0.8203 0.5647
vn 0.0902 -0.7829 0.6156
vn 0.1799 -0.7732 0.6081
vn 0.1799 -0.7331 0.6559
vn 0.2680 -0.7180 0.6424
vn 0.2680 -0.6758 0.6866
vn 0.3539 -0.6561 0.6666
vn 0.3539 -0.6125 0.7069
vn 0.4369 -0.5891 0.6798
vn 0.4369 -0.5448 0.7158
vn 0.5159 -0.5188 0.6817
vn -0.0000 -0.7193 0.6947
vn 0.0902 -0.7422 0.6641
vn 0.1799 -0.6900 0.7011
vn 0.2680 -0.6309 0.7281
vn 0.3539 -0.5664 0.7443
vn 0.0902 -0.6986 0.7098
vn -0.0000 -0.6157 0.7880
vn 0.0902 -0.6522 0.7527
vn 0.0902 -0.6031 0.7925
vn 0.1799 -0.5957 0.7828
vn 0.0902 -0.3257 0.9412
vn -0.0000 -0.2419 0.9703
vn 0.0902 -0.2654 0.9599
vn 0.0902 -0.2040 0.9748
vn 0.1799 -0.2015 0.9628
vn 0.1799 -0.1400 0.9737
vn 0.2676 -0.1371 0.9537
vn 0.2680 -0.0764 0.9604
vn 0.3539 -0.0741 0.9324
vn 0.3535 -0.0148 0.9353
vn 0.4369 -0.0143 0.8994
vn 0.4369 0.0428 0.8985
vn 0.5159 0.0408 0.8557
vn -0.0000 -0.1045 0.9945
vn 0.0902 -0.1417 0.9858
vn 0.1799 -0.0780 0.9806
vn 0.2680 -0.0153 0.9633
vn 0.3539 0.0445 0.9342
vn 0.0902 -0.0789 0.9928
vn -0.0000 0.0349 0.9994
vn 0.0902 -0.0158 0.9958
vn 0.0902 0.0474 0.9948
vn 0.1799 0.0468 0.9826
vn 0.0903 0.3554 0.9303
vn -0.0000 0.4384 0.8988
vn 0.0902 0.4137 0.9059
vn 0.0902 0.4704 0.8778
vn 0.1799 0.4646 0.8671
vn 0.1799 0.5186 0.8359
vn 0.2680 0.5079 0.8187
vn 0.2680 0.5588 0.7848
vn 0.3539 0.5425 0.7619
vn 0.3539 0.5898 0.7259
vn 0.4369 0.5672 0.6982
vn 0.4369 0.6103 0.6608
vn 0.5163 0.5811 0.6291
vn -0.0000 0.5592 0.8290
vn 0.0902 0.5251 0.8463
vn 0.1795 0.5706 0.8013
vn 0.2680 0.6075 0.7478
vn 0.3539 0.6346 0.6871
vn 0.0902 0.5777 0.8112
vn -0.0000 0.6691 0.7431
vn 0.0902 0.6280 0.7730
vn 0.0902 0.6757 0.7316
vn 0.1799 0.6674 0.7226
vn 0.0902 0.8703 0.4842
vn -0.0000 0.9135 0.4067
vn 0.0902 0.8992 0.4281
vn 0.0902 0.9246 0.3702
vn 0.1799 0.9132 0.3656
vn 0.1794 0.9347 0.3070
vn 0.2680 0.9153 0.3006
vn 0.2680 0.9326 0.2420
vn 0.3535 0.9054 0.2349
vn 0.3539 0.9184 0.1770
vn 0.4369 0.8833 0.1702
vn 0.4369 0.8923 0.1139
vn 0.5163 0.8495 0.1084
vn 0.5163 0.8547 0.0543
vn -0.0000 0.9613 0.2756
vn 0.0902 0.9462 0.3108
vn 0.1799 0.9522 0.2471
vn 0.2676 0.9461 0.1823
vn 0.3539 0.9278 0.1184
vn 0.4364 0.8979 0.0571
vn 0.0902 0.9640 0.2501
vn -0.0000 0.9903 0.1392
vn 0.0902 0.9779 0.1885
vn 0.0902 0.9879 0.1261
vn 0.1799 0.9758 0.1245
vn 0.1799 0.9817 0.0624
vn 0.2676 0.9616 0.0611
vn 0.0902 0.9939 0.0632
vn 0.3539 0.9334 0.0593
vn 0.2680 0.9557 0.1220
vn 0.5163 0.8409 0.1621
vn 0.4366 0.8708 0.2260
vn 0.3539 0.8886 0.2918
vn 0.2680 0.8944 0.3581
vn 0.1799 0.8882 0.4228
vn 0.1799 0.9659 0.1862
vn 0.5160 0.7734 0.3682
vn 0.4369 0.7861 0.4373
vn 0.3539 0.7868 0.5057
vn 0.2680 0.7758 0.5712
vn 0.5159 0.5402 0.6649
vn 0.4369 0.5218 0.7327
vn 0.3539 0.4931 0.7947
vn 0.2680 0.4550 0.8492
vn 0.1799 0.4086 0.8948
vn 0.2675 0.6538 0.7078
vn 0.1799 0.6203 0.7635
vn 0.5160 0.3558 0.7792
vn 0.4369 0.3210 0.8403
vn 0.3539 0.2777 0.8931
vn 0.2680 0.2271 0.9363
vn 0.5163 -0.0136 0.8563
vn 0.4363 -0.0713 0.8970
vn 0.3539 -0.1331 0.9258
vn 0.2680 -0.1973 0.9430
vn 0.1799 -0.2621 0.9481
vn 0.2680 0.0458 0.9623
vn 0.1799 -0.0156 0.9836
vn 0.5159 -0.2283 0.8257
vn 0.4369 -0.2942 0.8501
vn 0.3535 -0.3614 0.8628
vn 0.2680 -0.4278 0.8632
vn 0.5159 -0.2802 0.8095
vn 0.4366 -0.3476 0.8298
vn 0.3539 -0.4153 0.8380
vn 0.5159 -0.5610 0.6474
vn 0.4369 -0.6310 0.6411
vn 0.3539 -0.6970 0.6236
vn 0.2680 -0.7573 0.5956
vn 0.1799 -0.8102 0.5578
vn 0.2680 -0.5835 0.7667
vn 0.1799 -0.6442 0.7434
vn 0.5160 -0.7349 0.4400
vn 0.4366 -0.7997 0.4123
vn 0.3533 -0.8570 0.3751
vn 0.5163 -0.8457 0.1353
vn 0.4369 -0.8955 0.0855
vn 0.3539 -0.9348 0.0297
vn 0.2680 -0.9629 -0.0306
vn 0.1799 -0.9792 -0.0935
vn 0.2680 -0.9398 0.2123
vn 0.1799 -0.9713 0.1554
vn 0.5160 -0.8458 -0.1353
vn 0.4364 -0.8776 -0.1982
vn 0.3535 -0.8975 -0.2635
vn 0.2680 -0.9053 -0.3295
vn 0.5159 -0.7350 -0.4400
vn 0.4369 -0.7409 -0.5101
vn 0.3539 -0.7352 -0.5782
vn 0.2680 -0.7180 -0.6424
vn 0.1799 -0.6900 -0.7011
vn 0.1799 -0.8440 -0.5053
vn 0.5160 -0.5609 -0.6474
vn 0.4369 -0.5448 -0.7158
vn 0.3539 -0.5181 -0.7787
vn 0.2680 -0.4817 -0.8344
vn 0.5163 -0.2801 -0.8093
vn 0.4366 -0.2397 -0.8671
vn 0.3539 -0.1916 -0.9155
vn 0.2680 -0.1371 -0.9536
vn 0.1799 -0.0780 -0.9806
vn 0.1799 -0.3217 -0.9296
vn 0.5163 -0.0136 -0.8563
vn 0.4366 0.0428 -0.8987
vn 0.3534 0.1037 -0.9297
vn 0.2680 0.1673 -0.9488
vn 0.5163 0.0407 -0.8554
vn 0.4366 0.0997 -0.8941
vn 0.3539 0.1624 -0.9211
vn 0.5160 0.3057 -0.8002
vn 0.4369 0.3737 -0.8182
vn 0.3539 0.4417 -0.8244
vn 0.2680 0.5079 -0.8187
vn 0.1799 0.5706 -0.8013
vn 0.1799 0.3511 -0.9189
vn 0.5159 0.5812 -0.6293
vn 0.4369 0.6510 -0.6207
vn 0.3539 0.7165 -0.6012
vn 0.5160 0.8497 -0.1084
vn -0.0000 -0.6667 0.7454
vn -0.0000 -0.6668 0.7452
vn -0.0002 -0.6548 0.7558
vn 0.0002 -0.5989 0.8008
vn -0.0000 -0.5406 0.8413
vn 0.0002 -0.5259 0.8506
vn -0.0000 -0.4486 0.8938
vn -0.0000 -0.4154 0.9096
vn 0.0001 -0.3665 0.9304
vn -0.0000 -0.2818 0.9595
vn 0.0001 -0.2799 0.9600
vn -0.0000 -0.1894 0.9819
vn -0.0000 -0.1424 0.9898
vn -0.0000 -0.1427 0.9898
vn -0.0000 -0.0956 0.9954
vn -0.0001 -0.0000 1.0000
vn -0.0000 -0.0481 0.9988
vn -0.0000 0.0479 0.9989
vn -0.0001 0.1424 0.9898
vn -0.0001 0.2818 0.9595
vn -0.0001 0.4154 0.9096
vn -0.0002 0.5406 0.8413
vn -0.0004 0.6548 0.7558
vn -0.0002 0.7557 0.6549
vn -0.0002 0.8413 0.5406
vn -0.0002 0.9096 0.4154
vn -0.0000 0.9595 0.2817
vn -0.0000 0.9780 0.2087
vn -0.0000 0.9898 0.1423
vn -0.0000 0.9876 0.1571
vn -0.0000 0.9945 0.1050
vn -0.0000 0.0955 0.9954
vn -0.0000 0.1428 0.9897
vn -0.0000 0.1893 0.9819
vn -0.0000 0.2799 0.9600
vn -0.0000 0.3665 0.9304
vn -0.0000 0.4485 0.8938
vn -0.0000 0.5260 0.8505
vn -0.0000 0.5988 0.8009
vn 0.0001 0.6666 0.7454
vn -0.0000 0.6667 0.7454
vn -0.0000 0.7049 0.7093
vn -0.0000 0.7412 0.6713
vn -0.0000 0.7754 0.6314
vn -0.0000 0.8075 0.5898
vn -0.0000 0.8374 0.5465
vn -0.0000 0.8650 0.5018
vn -0.0000 0.8902 0.4557
vn -0.0000 0.9129 0.4083
vn -0.0000 0.9331 0.3597
vn -0.0000 0.9507 0.3102
vn -0.0000 0.9657 0.2598
vn -0.0000 0.9986 0.0525
vn -0.0000 0.9898 -0.1423
vn -0.0000 0.9780 -0.2087
vn -0.0000 0.9595 -0.2817
vn -0.0000 0.9657 -0.2598
vn -0.0000 0.9507 -0.3102
vn -0.0000 0.9986 -0.0525
vn -0.0000 0.9945 -0.1050
vn -0.0000 0.9876 -0.1571
vn -0.0000 0.9331 -0.3597
vn -0.0001 0.9096 -0.4154
vn -0.0000 0.8413 -0.5406
vn -0.0002 0.7557 -0.6549
vn -0.0004 0.6548 -0.7558
vn -0.0002 0.5406 -0.8413
vn -0.0001 0.4154 -0.9096
vn -0.0001 0.2818 -0.9595
vn 0.0001 0.1427 -0.9898
vn -0.0001 -0.0000 -1.0000
vn -0.0000 -0.1424 -0.9898
vn -0.0000 -0.2818 -0.9595
vn -0.0000 -0.4154 -0.9096
vn -0.0000 -0.5406 -0.8413
vn -0.0002 -0.6548 -0.7558
vn -0.0001 -0.7557 -0.6549
vn -0.0005 -0.8412 -0.5406
vn -0.0001 -0.9096 -0.4154
vn -0.0000 -0.9595 -0.2817
vn -0.0000 -0.9780 -0.2087
vn -0.0000 -0.9898 -0.1423
vn -0.0000 -0.9876 -0.1571
vn -0.0000 -0.9945 -0.1049
vn -0.0000 0.9129 -0.4083
vn -0.0000 0.8901 -0.4557
vn -0.0000 0.8650 -0.5018
vn -0.0000 0.8374 -0.5465
vn -0.0000 0.8076 -0.5898
vn -0.0000 0.7754 -0.6314
vn -0.0000 0.7412 -0.6713
vn -0.0000 0.7049 -0.7093
vn -0.0000 0.6667 -0.7454
vn -0.0000 0.6668 -0.7452
vn 0.0002 0.5989 -0.8008
vn 0.0002 0.5259 -0.8506
vn -0.0000 0.4486 -0.8938
vn 0.0001 0.3665 -0.9304
vn 0.0001 0.2799 -0.9600
vn -0.0000 0.1894 -0.9819
vn -0.0000 0.1427 -0.9898
vn -0.0000 0.0956 -0.9954
vn -0.0000 0.0481 -0.9988
vn -0.0000 -0.0479 -0.9989
vn -0.0000 -0.0955 -0.9954
vn -0.0000 -0.1428 -0.9897
vn -0.0000 -0.1893 -0.9819
vn -0.0000 -0.2799 -0.9600
vn -0.0000 -0.3665 -0.9304
vn -0.0000 -0.4485 -0.8938
vn -0.0000 -0.5260 -0.8505
vn -0.0000 -0.5988 -0.8009
vn 0.0001 -0.6666 -0.7454
vn -0.0000 -0.6667 -0.7454
vn -0.0000 -0.7049 -0.7093
vn -0.0000 -0.7412 -0.6713
vn -0.0000 -0.7755 -0.6314
vn -0.0000 -0.8075 -0.5898
vn -0.0000 -0.8374 -0.5465
vn -0.0000 -0.8650 -0.5018
vn -0.0000 -0.8902 -0.4557
vn -0.0000 -0.9129 -0.4083
vn -0.0000 -0.9331 -0.3597
vn -0.0000 -0.9507 -0.3102
vn -0.0000 -0.9657 -0.2598
vn -0.0000 -0.9986 -0.0525
vn -0.0001 -1.0000 -0.0000
vn -0.0000 -0.9986 0.0525
vn -0.0000 -0.9945 0.1049
vn -0.0000 -0.9898 0.1423
vn -0.0000 -0.9876 0.1571
vn -0.0000 -0.9780 0.2087
vn -0.0000 -0.9656 0.2599
vn -0.0000 -0.9595 0.2817
vn -0.0000 -0.9507 0.3102
vn -0.0000 -0.9331 0.3597
vn -0.0001 -0.9096 0.4154
vn -0.0000 -0.9129 0.4083
vn -0.0000 -0.8901 0.4557
vn -0.0001 -0.8413 0.5406
vn -0.0000 -0.8650 0.5018
vn -0.0000 -0.8374 0.5465
vn -0.0000 -0.8076 0.5898
vn -0.0001 -0.7557 0.6549
vn -0.0000 -0.7754 0.6314
vn -0.0000 -0.7412 0.6713
vn -0.0000 -0.7049 0.7093
vn 0.8095 -0.2500 -0.5313
vn 0.7639 -0.4149 -0.4942
vn 0.8461 -0.2500 -0.4708
vn 0.8177 -0.3740 -0.4376
vn 0.8780 -0.2500 -0.4082
vn 0.8534 -0.3740 -0.3632
vn 0.9053 -0.2500 -0.3434
vn 0.8809 -0.3741 -0.2900
vn 0.9278 -0.2500 -0.2768
vn 0.9022 -0.3740 -0.2147
vn 0.9455 -0.2500 -0.2087
vn 0.9172 -0.3740 -0.1377
vn 0.9582 -0.2500 -0.1392
vn 0.9658 -0.2500 -0.0693
vn 0.9255 -0.3740 -0.0601
vn 0.9682 -0.2500 0.0009
vn 0.8906 -0.4548 0.0008
vn 0.8692 -0.4912 -0.0564
vn 0.7977 -0.6008 -0.0518
vn 0.7904 -0.6010 -0.1186
vn 0.7067 -0.6995 -0.1061
vn 0.6952 -0.6995 -0.1654
vn 0.5957 -0.7906 -0.1418
vn 0.5817 -0.7906 -0.1915
vn 0.3911 -0.9113 -0.1287
vn 0.3789 -0.9113 -0.1613
vn 0.1730 -0.9822 -0.0736
vn 0.2730 -0.9497 -0.1535
vn 0.1658 -0.9822 -0.0887
vn 0.1395 -0.9873 -0.0759
vn 0.6976 -0.5641 -0.4418
vn 0.7680 -0.4912 -0.4110
vn 0.8015 -0.4912 -0.3411
vn 0.8273 -0.4913 -0.2723
vn 0.8474 -0.4912 -0.2016
vn 0.8614 -0.4912 -0.1293
vn 0.7048 -0.6009 -0.3772
vn 0.6129 -0.6937 -0.3783
vn 0.6301 -0.6995 -0.3372
vn 0.5399 -0.7906 -0.2889
vn 0.6575 -0.6995 -0.2798
vn 0.5635 -0.7906 -0.2398
vn 0.6788 -0.6995 -0.2234
vn 0.5121 -0.8022 -0.3070
vn 0.3982 -0.8876 -0.2313
vn 0.3631 -0.9113 -0.1943
vn 0.1786 -0.9822 -0.0588
vn 0.1829 -0.9822 -0.0435
vn 0.1860 -0.9822 -0.0279
vn 0.1876 -0.9822 -0.0122
vn 0.2177 -0.9760 0.0002
vn 0.4109 -0.9113 -0.0267
vn 0.4073 -0.9113 -0.0611
vn 0.4006 -0.9113 -0.0953
vn 0.4256 -0.9049 0.0004
vn 0.6111 -0.7906 -0.0397
vn 0.6056 -0.7906 -0.0910
vn 0.6124 -0.7906 0.0006
vn 0.7131 -0.6995 -0.0463
vn 0.7698 -0.6383 0.0007
vn 0.7355 -0.6009 -0.3130
vn 0.7593 -0.6008 -0.2499
vn 0.7776 -0.6009 -0.1850
vn 0.1395 -0.9873 0.0759
vn 0.1685 -0.9822 0.0835
vn 0.1732 -0.9822 0.0733
vn 0.3689 -0.9113 0.1829
vn 0.3793 -0.9113 0.1605
vn 0.5486 -0.7906 0.2720
vn 0.5640 -0.7906 0.2386
vn 0.6402 -0.6995 0.3175
vn 0.6582 -0.6995 0.2785
vn 0.7161 -0.6009 0.3551
vn 0.7359 -0.6013 0.3113
vn 0.7804 -0.4912 0.3869
vn 0.8022 -0.4913 0.3394
vn 0.8309 -0.3741 0.4120
vn 0.8541 -0.3741 0.3613
vn 0.8779 -0.2500 0.4084
vn 0.9051 -0.2500 0.3438
vn 0.2730 -0.9497 0.1534
vn 0.3573 -0.9113 0.2048
vn 0.3982 -0.8877 0.2311
vn 0.5313 -0.7906 0.3045
vn 0.5121 -0.8023 0.3067
vn 0.6129 -0.6940 0.3779
vn 0.6976 -0.5645 0.4413
vn 0.6935 -0.6009 0.3975
vn 0.6200 -0.6995 0.3553
vn 0.7557 -0.4912 0.4332
vn 0.7641 -0.4151 0.4938
vn 0.8046 -0.3741 0.4612
vn 0.8095 -0.2500 0.5312
vn 0.8460 -0.2500 0.4710
vn 0.8743 -0.3740 0.3095
vn 0.9277 -0.2500 0.2774
vn 0.8913 -0.3741 0.2563
vn 0.9453 -0.2500 0.2093
vn 0.9051 -0.3740 0.2022
vn 0.9156 -0.3741 0.1478
vn 0.8599 -0.4913 0.1388
vn 0.8667 -0.4912 0.0872
vn 0.7953 -0.6009 0.0801
vn 0.7984 -0.6008 0.0406
vn 0.7137 -0.6995 0.0363
vn 0.9580 -0.2500 0.1405
vn 0.9228 -0.3740 0.0929
vn 0.8699 -0.4912 0.0442
vn 0.9656 -0.2500 0.0710
vn 0.9262 -0.3740 0.0471
vn 0.6116 -0.7906 0.0311
vn 0.4113 -0.9113 0.0209
vn 0.1878 -0.9822 0.0095
vn 0.1871 -0.9822 0.0188
vn 0.1856 -0.9822 0.0300
vn 0.1835 -0.9822 0.0410
vn 0.1807 -0.9822 0.0520
vn 0.1773 -0.9822 0.0628
vn 0.8211 -0.4912 0.2907
vn 0.8371 -0.4913 0.2407
vn 0.8500 -0.4914 0.1900
vn 0.7534 -0.6010 0.2667
vn 0.7681 -0.6010 0.2209
vn 0.7801 -0.6009 0.1743
vn 0.7888 -0.6013 0.1274
vn 0.6736 -0.6995 0.2385
vn 0.6868 -0.6995 0.1975
vn 0.6974 -0.6995 0.1559
vn 0.7055 -0.6995 0.1139
vn 0.7111 -0.6995 0.0715
vn 0.5773 -0.7906 0.2043
vn 0.5885 -0.7906 0.1692
vn 0.5976 -0.7906 0.1336
vn 0.6045 -0.7906 0.0976
vn 0.6093 -0.7906 0.0613
vn 0.3882 -0.9113 0.1374
vn 0.3957 -0.9113 0.1138
vn 0.4019 -0.9113 0.0898
vn 0.4065 -0.9113 0.0656
vn 0.4097 -0.9113 0.0413
vn 0.2213 -0.9749 -0.0233
vn 0.2226 -0.9749 -0.0000
vn 0.2213 -0.9749 0.0233
vn 0.4339 -0.9010 0.0001
vn 0.4315 -0.9010 0.0454
vn 0.6235 -0.7818 0.0003
vn 0.6201 -0.7818 0.0652
vn 0.7818 -0.6235 0.0005
vn 0.7775 -0.6235 0.0817
vn 0.9010 -0.4339 0.0007
vn 0.8960 -0.4339 0.0942
vn 0.2177 -0.9749 -0.0463
vn 0.2117 -0.9749 -0.0688
vn 0.2033 -0.9749 -0.0905
vn 0.1927 -0.9749 -0.1113
vn 0.1800 -0.9749 -0.1308
vn 0.1654 -0.9749 -0.1489
vn 0.1489 -0.9749 -0.1654
vn 0.1308 -0.9749 -0.1800
vn 0.1113 -0.9749 -0.1927
vn 0.0905 -0.9749 -0.2033
vn 0.0688 -0.9749 -0.2116
vn 0.0463 -0.9749 -0.2177
vn 0.0902 -0.9009 -0.4244
vn 0.0453 -0.9010 -0.4315
vn 0.0652 -0.7818 -0.6201
vn -0.0000 -0.6235 -0.7818
vn -0.0817 -0.6235 -0.7775
vn -0.0942 -0.4338 -0.8961
vn -0.1873 -0.4338 -0.8813
vn -0.2027 -0.2225 -0.9536
vn -0.3012 -0.2225 -0.9272
vn -0.2282 -0.0000 -0.9736
vn -0.3262 -0.0000 -0.9453
vn -0.3965 -0.2225 -0.8906
vn -0.4208 -0.0000 -0.9072
vn -0.4875 -0.2225 -0.8443
vn -0.5109 -0.0000 -0.8596
vn -0.5730 -0.2225 -0.7888
vn -0.5958 -0.0000 -0.8031
vn -0.6524 -0.2225 -0.7245
vn -0.6745 -0.0000 -0.7383
vn -0.7245 -0.2225 -0.6523
vn -0.7462 -0.0000 -0.6657
vn -0.7887 -0.2225 -0.5731
vn -0.8113 -0.0000 -0.5846
vn -0.8442 -0.2224 -0.4876
vn -0.8676 -0.0000 -0.4972
vn -0.8906 -0.2225 -0.3965
vn -0.9146 -0.0000 -0.4044
vn -0.9272 -0.2224 -0.3013
vn -0.9517 -0.0000 -0.3072
vn -0.9536 -0.2225 -0.2027
vn -0.9784 -0.0000 -0.2066
vn -0.9696 -0.2226 -0.1013
vn -0.9946 -0.0000 -0.1039
vn -0.9749 -0.2224 -0.0000
vn -0.9946 -0.0000 0.1039
vn -0.9696 -0.2225 0.1014
vn -0.9784 -0.0000 0.2066
vn -0.9536 -0.2226 0.2027
vn -0.9517 -0.0000 0.3072
vn -0.9272 -0.2225 0.3013
vn -0.9146 -0.0000 0.4044
vn -0.8906 -0.2225 0.3966
vn -0.8677 -0.0000 0.4972
vn -0.8442 -0.2224 0.4876
vn -0.8113 -0.0000 0.5846
vn -0.7887 -0.2225 0.5731
vn -0.7462 -0.0000 0.6657
vn -0.7244 -0.2225 0.6525
vn -0.6745 -0.0000 0.7383
vn -0.6523 -0.2225 0.7245
vn -0.5958 -0.0000 0.8031
vn -0.5731 -0.2225 0.7887
vn -0.5109 -0.0000 0.8596
vn -0.4874 -0.2225 0.8443
vn -0.4208 -0.0000 0.9072
vn -0.3965 -0.2225 0.8906
vn -0.3262 -0.0000 0.9453
vn -0.3012 -0.2225 0.9272
vn -0.2282 -0.0000 0.9736
vn -0.2027 -0.2225 0.9536
vn -0.1279 -0.0000 0.9918
vn -0.1019 -0.2225 0.9696
vn -0.0262 -0.0000 0.9997
vn 0.0001 -0.2225 0.9749
vn 0.0757 -0.0000 0.9971
vn 0.1019 -0.2225 0.9696
vn 0.1768 -0.0000 0.9842
vn 0.2027 -0.2225 0.9536
vn 0.2762 -0.0000 0.9611
vn 0.3013 -0.2225 0.9272
vn 0.3726 -0.0000 0.9280
vn 0.3965 -0.2225 0.8906
vn 0.4652 -0.0000 0.8852
vn 0.4875 -0.2225 0.8443
vn 0.5529 -0.0000 0.8333
vn 0.5731 -0.2225 0.7887
vn 0.6349 -0.0000 0.7726
vn 0.6524 -0.2225 0.7245
vn 0.7102 -0.0000 0.7040
vn 0.7245 -0.2225 0.6524
vn 0.7782 -0.0000 0.6280
vn 0.7887 -0.2225 0.5730
vn 0.8381 -0.0000 0.5455
vn 0.8311 -0.1242 0.5420
vn 0.7289 -0.4339 0.5296
vn 0.7803 -0.4339 0.4505
vn 0.6325 -0.6235 0.4596
vn 0.6771 -0.6235 0.3909
vn 0.5044 -0.7818 0.3665
vn 0.5400 -0.7818 0.3117
vn 0.3510 -0.9010 0.2550
vn 0.3758 -0.9010 0.2169
vn 0.1801 -0.9749 0.1308
vn 0.1927 -0.9749 0.1113
vn 0.0233 -0.9749 -0.2213
vn -0.0000 -0.9010 -0.4339
vn -0.0652 -0.7818 -0.6201
vn -0.1625 -0.6235 -0.7647
vn -0.2784 -0.4338 -0.8569
vn -0.0000 -0.9749 -0.2226
vn -0.0454 -0.9010 -0.4315
vn -0.1296 -0.7818 -0.6099
vn -0.2416 -0.6235 -0.7436
vn -0.3665 -0.4339 -0.8231
vn -0.0233 -0.9749 -0.2213
vn -0.0902 -0.9010 -0.4244
vn -0.1927 -0.7818 -0.5930
vn -0.3180 -0.6235 -0.7142
vn -0.4505 -0.4338 -0.7803
vn -0.0463 -0.9749 -0.2177
vn -0.1341 -0.9010 -0.4127
vn -0.2536 -0.7818 -0.5696
vn -0.3909 -0.6235 -0.6771
vn -0.5296 -0.4338 -0.7289
vn -0.0688 -0.9749 -0.2117
vn -0.1765 -0.9010 -0.3964
vn -0.3118 -0.7818 -0.5400
vn -0.4596 -0.6235 -0.6325
vn -0.6029 -0.4339 -0.6695
vn -0.0905 -0.9749 -0.2033
vn -0.2169 -0.9010 -0.3758
vn -0.3665 -0.7818 -0.5044
vn -0.5231 -0.6235 -0.5810
vn -0.6695 -0.4339 -0.6029
vn -0.1112 -0.9749 -0.1927
vn -0.2550 -0.9010 -0.3510
vn -0.4172 -0.7818 -0.4633
vn -0.5810 -0.6235 -0.5231
vn -0.7289 -0.4339 -0.5296
vn -0.1308 -0.9749 -0.1800
vn -0.2903 -0.9010 -0.3224
vn -0.4633 -0.7818 -0.4172
vn -0.6325 -0.6235 -0.4596
vn -0.7803 -0.4338 -0.4505
vn -0.1489 -0.9749 -0.1654
vn -0.3224 -0.9010 -0.2903
vn -0.5044 -0.7818 -0.3665
vn -0.6771 -0.6235 -0.3909
vn -0.8231 -0.4339 -0.3665
vn -0.1654 -0.9749 -0.1489
vn -0.3510 -0.9010 -0.2550
vn -0.5400 -0.7818 -0.3118
vn -0.7142 -0.6235 -0.3180
vn -0.8569 -0.4338 -0.2784
vn -0.1800 -0.9749 -0.1308
vn -0.3758 -0.9010 -0.2169
vn -0.5696 -0.7818 -0.2536
vn -0.7436 -0.6234 -0.2416
vn -0.8813 -0.4338 -0.1873
vn -0.8961 -0.4338 -0.0938
vn -0.1927 -0.9749 -0.1113
vn -0.2033 -0.9749 -0.0905
vn -0.2116 -0.9749 -0.0688
vn -0.2177 -0.9749 -0.0463
vn -0.2213 -0.9749 -0.0232
vn -0.2226 -0.9749 -0.0000
vn -0.2213 -0.9749 0.0232
vn -0.2176 -0.9749 0.0463
vn -0.2117 -0.9749 0.0688
vn -0.2033 -0.9749 0.0905
vn -0.1927 -0.9749 0.1113
vn -0.1800 -0.9749 0.1308
vn -0.1654 -0.9749 0.1489
vn -0.3224 -0.9010 0.2903
vn -0.2903 -0.9010 0.3224
vn -0.4172 -0.7818 0.4633
vn -0.3665 -0.7818 0.5044
vn -0.4596 -0.6235 0.6325
vn -0.3909 -0.6234 0.6771
vn -0.4505 -0.4338 0.7803
vn -0.3665 -0.4338 0.8231
vn -0.1489 -0.9749 0.1654
vn -0.2550 -0.9010 0.3510
vn -0.3117 -0.7818 0.5400
vn -0.3180 -0.6235 0.7142
vn -0.2784 -0.4338 0.8569
vn -0.1308 -0.9749 0.1801
vn -0.2169 -0.9010 0.3758
vn -0.2536 -0.7818 0.5696
vn -0.2416 -0.6235 0.7436
vn -0.1873 -0.4338 0.8813
vn -0.1112 -0.9749 0.1927
vn -0.1765 -0.9010 0.3964
vn -0.1927 -0.7818 0.5930
vn -0.1626 -0.6235 0.7648
vn -0.0942 -0.4338 0.8961
vn -0.0905 -0.9749 0.2033
vn -0.1341 -0.9010 0.4127
vn -0.1296 -0.7818 0.6099
vn -0.0817 -0.6235 0.7776
vn -0.0000 -0.4338 0.9010
vn -0.0688 -0.9749 0.2117
vn -0.0902 -0.9010 0.4244
vn -0.0652 -0.7818 0.6201
vn -0.0000 -0.6235 0.7818
vn 0.0942 -0.4338 0.8961
vn -0.0463 -0.9749 0.2177
vn -0.0454 -0.9010 0.4315
vn 0.0817 -0.6235 0.7775
vn 0.1873 -0.4338 0.8813
vn -0.0233 -0.9749 0.2213
vn -0.0000 -0.9009 0.4339
vn 0.0652 -0.7818 0.6201
vn 0.1625 -0.6235 0.7647
vn 0.2784 -0.4338 0.8569
vn -0.0000 -0.9749 0.2226
vn 0.0454 -0.9010 0.4315
vn 0.1296 -0.7818 0.6099
vn 0.2416 -0.6235 0.7436
vn 0.3665 -0.4338 0.8231
vn 0.0233 -0.9749 0.2213
vn 0.0902 -0.9010 0.4244
vn 0.1927 -0.7818 0.5930
vn 0.3180 -0.6235 0.7143
vn 0.4505 -0.4338 0.7803
vn 0.0463 -0.9749 0.2177
vn 0.1341 -0.9009 0.4127
vn 0.2536 -0.7818 0.5696
vn 0.3909 -0.6235 0.6771
vn 0.5296 -0.4338 0.7289
vn 0.0688 -0.9749 0.2116
vn 0.1765 -0.9010 0.3964
vn 0.3118 -0.7818 0.5400
vn 0.4595 -0.6235 0.6325
vn 0.6029 -0.4339 0.6695
vn 0.0905 -0.9749 0.2033
vn 0.1113 -0.9749 0.1927
vn 0.1308 -0.9749 0.1800
vn 0.1489 -0.9749 0.1654
vn 0.1654 -0.9749 0.1489
vn 0.2033 -0.9749 0.0905
vn 0.2116 -0.9749 0.0688
vn 0.2176 -0.9749 0.0463
vn 0.7782 -0.0000 -0.6280
vn 0.8381 -0.0000 -0.5455
vn 0.7887 -0.2225 -0.5731
vn 0.8311 -0.1242 -0.5421
vn 0.7803 -0.4339 -0.4505
vn 0.7289 -0.4339 -0.5296
vn 0.7245 -0.2225 -0.6524
vn 0.7102 -0.0000 -0.7040
vn 0.6524 -0.2225 -0.7245
vn 0.6349 -0.0000 -0.7726
vn 0.5731 -0.2225 -0.7887
vn 0.5529 -0.0000 -0.8333
vn 0.4875 -0.2225 -0.8443
vn 0.4652 -0.0000 -0.8852
vn 0.3966 -0.2225 -0.8906
vn 0.3726 -0.0000 -0.9280
vn 0.3013 -0.2225 -0.9272
vn 0.2762 -0.0000 -0.9611
vn 0.2027 -0.2225 -0.9536
vn 0.1768 -0.0000 -0.9842
vn 0.1019 -0.2225 -0.9696
vn 0.0757 -0.0000 -0.9971
vn 0.0001 -0.2225 -0.9749
vn -0.0262 -0.0000 -0.9997
vn -0.1019 -0.2225 -0.9696
vn -0.1279 -0.0000 -0.9918
vn 0.8231 -0.4339 -0.3665
vn 0.7142 -0.6235 -0.3180
vn 0.7436 -0.6235 -0.2416
vn 0.5930 -0.7818 -0.1927
vn 0.6099 -0.7818 -0.1296
vn 0.4244 -0.9010 -0.0902
vn 0.4315 -0.9010 -0.0454
vn 0.8569 -0.4339 -0.2784
vn 0.7648 -0.6235 -0.1626
vn 0.6201 -0.7818 -0.0652
vn 0.8813 -0.4339 -0.1873
vn 0.7776 -0.6235 -0.0817
vn 0.8960 -0.4339 -0.0942
vn 0.8813 -0.4339 0.1873
vn 0.8569 -0.4339 0.2784
vn 0.8231 -0.4339 0.3665
vn 0.4126 -0.9010 -0.1341
vn 0.5696 -0.7818 -0.2536
vn 0.6771 -0.6235 -0.3909
vn 0.3964 -0.9010 -0.1765
vn 0.5400 -0.7818 -0.3118
vn 0.6325 -0.6235 -0.4596
vn 0.6695 -0.4339 -0.6029
vn 0.3758 -0.9010 -0.2169
vn 0.5044 -0.7818 -0.3665
vn 0.5810 -0.6235 -0.5232
vn 0.6029 -0.4339 -0.6695
vn 0.3510 -0.9010 -0.2550
vn 0.4634 -0.7818 -0.4172
vn 0.5231 -0.6235 -0.5810
vn 0.5296 -0.4337 -0.7289
vn 0.3224 -0.9010 -0.2903
vn 0.4172 -0.7818 -0.4633
vn 0.4596 -0.6235 -0.6325
vn 0.4505 -0.4338 -0.7803
vn 0.2903 -0.9010 -0.3224
vn 0.3665 -0.7818 -0.5044
vn 0.3909 -0.6235 -0.6771
vn 0.3665 -0.4339 -0.8231
vn 0.2550 -0.9010 -0.3510
vn 0.3118 -0.7818 -0.5400
vn 0.3180 -0.6235 -0.7142
vn 0.2784 -0.4338 -0.8569
vn 0.2169 -0.9010 -0.3758
vn 0.2536 -0.7818 -0.5696
vn 0.2416 -0.6235 -0.7436
vn 0.1873 -0.4338 -0.8813
vn 0.1765 -0.9010 -0.3964
vn 0.1927 -0.7818 -0.5930
vn 0.1625 -0.6235 -0.7647
vn 0.0942 -0.4338 -0.8961
vn 0.1341 -0.9010 -0.4126
vn 0.1296 -0.7818 -0.6099
vn 0.0817 -0.6235 -0.7775
vn -0.0000 -0.4338 -0.9010
vn -0.3964 -0.9010 -0.1765
vn -0.5930 -0.7818 -0.1927
vn -0.7647 -0.6235 -0.1625
vn -0.7776 -0.6235 -0.0814
vn -0.7819 -0.6234 -0.0000
vn -0.8961 -0.4338 0.0938
vn -0.4126 -0.9010 -0.1341
vn -0.6099 -0.7818 -0.1296
vn -0.6201 -0.7818 -0.0650
vn -0.7776 -0.6235 0.0814
vn -0.8813 -0.4338 0.1873
vn -0.4244 -0.9010 -0.0902
vn -0.4316 -0.9009 -0.0453
vn -0.6201 -0.7818 0.0650
vn -0.7648 -0.6235 0.1626
vn -0.8569 -0.4338 0.2784
vn -0.4316 -0.9009 0.0453
vn -0.6099 -0.7818 0.1296
vn -0.7436 -0.6234 0.2416
vn -0.8231 -0.4338 0.3665
vn -0.4244 -0.9010 0.0902
vn -0.5930 -0.7818 0.1927
vn -0.7142 -0.6235 0.3180
vn -0.7803 -0.4338 0.4505
vn -0.4126 -0.9010 0.1341
vn -0.5696 -0.7818 0.2536
vn -0.6771 -0.6235 0.3909
vn -0.7289 -0.4339 0.5296
vn -0.3964 -0.9010 0.1765
vn -0.5400 -0.7818 0.3117
vn -0.6325 -0.6235 0.4596
vn -0.6696 -0.4339 0.6029
vn -0.3758 -0.9010 0.2169
vn -0.5044 -0.7818 0.3665
vn -0.5810 -0.6235 0.5231
vn -0.6029 -0.4339 0.6695
vn -0.3510 -0.9010 0.2550
vn -0.4633 -0.7818 0.4172
vn -0.5231 -0.6235 0.5810
vn -0.5296 -0.4338 0.7289
vn 0.2169 -0.9010 0.3758
vn 0.3665 -0.7818 0.5044
vn 0.5231 -0.6235 0.5810
vn 0.6695 -0.4339 0.6029
vn 0.2550 -0.9010 0.3510
vn 0.4172 -0.7818 0.4634
vn 0.5810 -0.6235 0.5232
vn 0.2903 -0.9010 0.3224
vn 0.4634 -0.7818 0.4172
vn 0.3224 -0.9010 0.2903
vn 0.3964 -0.9010 0.1765
vn 0.4127 -0.9010 0.1341
vn 0.4244 -0.9009 0.0902
vn 0.5696 -0.7818 0.2536
vn 0.5930 -0.7818 0.1927
vn 0.6099 -0.7818 0.1296
vn 0.7142 -0.6235 0.3180
vn 0.7436 -0.6235 0.2416
vn 0.7647 -0.6235 0.1625
vn 0.8381 -0.0000 0.5454
vn 0.7770 -0.0000 0.6295
vn 0.7080 -0.0000 0.7062
vn 0.6311 -0.0000 0.7757
vn 0.5475 -0.0000 0.8368
vn 0.4579 -0.0000 0.8890
vn 0.3635 -0.0000 0.9316
vn 0.2651 -0.0000 0.9642
vn 0.1639 -0.0000 0.9865
vn 0.0610 -0.0000 0.9981
vn -0.0426 -0.0000 0.9991
vn -0.1458 -0.0000 0.9893
vn -0.2474 -0.0000 0.9689
vn -0.3463 -0.0000 0.9381
vn -0.4415 -0.0000 0.8973
vn -0.5319 -0.0000 0.8468
vn -0.6166 -0.0000 0.7873
vn -0.6761 -0.0000 0.7368
vn -0.6782 -0.0000 0.7349
vn -0.6942 -0.0000 0.7197
vn -0.6845 -0.0000 0.7290
vn -0.6947 -0.0000 0.7193
vn -0.7081 -0.0000 0.7061
vn -0.7205 -0.0000 0.6934
vn -0.7343 -0.0000 0.6788
vn -0.7492 -0.0000 0.6623
vn -0.7650 0.0001 0.6441
vn -0.6846 -0.0001 0.7290
vn -0.7259 -0.0000 0.6878
vn 0.8370 0.0500 0.5450
vn 0.8339 0.1001 0.5428
vn 0.8743 0.0500 0.4829
vn 0.8647 0.1998 0.4608
vn 0.9068 0.0500 0.4186
vn 0.9016 0.2001 0.3836
vn 0.9346 0.0500 0.3521
vn 0.9307 0.1998 0.3063
vn 0.9576 0.0500 0.2838
vn 0.9532 0.1998 0.2268
vn 0.9756 0.0500 0.2139
vn 0.9690 0.1998 0.1454
vn 0.9885 0.0500 0.1427
vn 0.9962 0.0500 0.0710
vn 0.9778 0.1998 0.0635
vn 0.9987 0.0500 -0.0009
vn 0.9645 0.2639 -0.0009
vn 0.9369 0.3442 0.0608
vn 0.8847 0.4662 -0.0008
vn 0.8742 0.4822 0.0568
vn 0.7924 0.6079 0.0514
vn 0.7852 0.6079 0.1178
vn 0.6816 0.7246 0.1023
vn 0.6705 0.7246 0.1596
vn 0.5686 0.8114 0.1353
vn 0.5550 0.8115 0.1827
vn 0.4462 0.8828 0.1469
vn 0.4323 0.8828 0.1840
vn 0.3178 0.9385 0.1352
vn 0.3048 0.9385 0.1624
vn 0.1899 0.9766 0.1012
vn 0.3019 0.9383 0.1686
vn 0.1549 0.9844 0.0835
vn 0.8041 0.2911 0.5184
vn 0.8286 0.3442 0.4415
vn 0.8639 0.3442 0.3677
vn 0.8918 0.3442 0.2936
vn 0.9134 0.3443 0.2173
vn 0.9285 0.3441 0.1393
vn 0.7460 0.4697 0.4721
vn 0.7732 0.4822 0.4120
vn 0.8061 0.4822 0.3431
vn 0.8321 0.4822 0.2739
vn 0.8523 0.4822 0.2028
vn 0.8664 0.4822 0.1300
vn 0.7008 0.6079 0.3734
vn 0.6639 0.6256 0.4096
vn 0.6082 0.7246 0.3241
vn 0.5597 0.7580 0.3350
vn 0.5158 0.8114 0.2748
vn 0.4384 0.8622 0.2538
vn 0.4147 0.8828 0.2209
vn 0.1980 0.9766 0.0843
vn 0.0001 1.0000 -0.0000
vn 0.2044 0.9766 0.0673
vn 0.3280 0.9385 0.1080
vn 0.3360 0.9385 0.0800
vn 0.4571 0.8827 0.1088
vn 0.4646 0.8828 0.0697
vn 0.5780 0.8114 0.0868
vn 0.5832 0.8114 0.0379
vn 0.6878 0.7246 0.0447
vn 0.6063 0.7953 -0.0006
vn 0.7640 0.6453 -0.0007
vn 0.2094 0.9766 0.0498
vn 0.3415 0.9385 0.0513
vn 0.4689 0.8827 0.0305
vn 0.2128 0.9766 0.0319
vn 0.2147 0.9766 0.0139
vn 0.2154 0.9765 -0.0002
vn -0.0000 1.0000 0.0001
vn 0.3446 0.9385 0.0224
vn 0.4213 0.9069 -0.0004
vn 0.5378 0.8114 0.2289
vn 0.6342 0.7246 0.2699
vn 0.7306 0.6079 0.3109
vn 0.6547 0.7246 0.2155
vn 0.7542 0.6079 0.2482
vn 0.7725 0.6079 0.1838
vn 0.1549 0.9844 -0.0835
vn 0.1930 0.9766 -0.0951
vn 0.1984 0.9766 -0.0834
vn 0.3098 0.9385 -0.1525
vn 0.3182 0.9385 -0.1338
vn 0.4214 0.8828 -0.2076
vn 0.4331 0.8828 -0.1821
vn 0.5243 0.8115 -0.2582
vn 0.5387 0.8115 -0.2265
vn 0.6183 0.7246 -0.3045
vn 0.6354 0.7246 -0.2671
vn 0.7124 0.6078 -0.3508
vn 0.7320 0.6078 -0.3077
vn 0.7858 0.4825 -0.3870
vn 0.8074 0.4825 -0.3395
vn 0.8423 0.3441 -0.4148
vn 0.8655 0.3442 -0.3639
vn 0.8790 0.1998 -0.4329
vn 0.9033 0.1998 -0.3797
vn 0.9067 0.0500 -0.4188
vn 0.9345 0.0500 -0.3525
vn 0.3019 0.9383 -0.1687
vn 0.4084 0.8828 -0.2323
vn 0.4386 0.8621 -0.2537
vn 0.5080 0.8114 -0.2890
vn 0.5991 0.7246 -0.3408
vn 0.6901 0.6079 -0.3927
vn 0.7614 0.4822 -0.4332
vn 0.8161 0.3442 -0.4643
vn 0.8516 0.1998 -0.4846
vn 0.8742 0.0500 -0.4830
vn 0.5598 0.7580 -0.3348
vn 0.6641 0.6256 -0.4094
vn 0.7463 0.4696 -0.4718
vn 0.8044 0.2910 -0.5180
vn 0.8341 0.1001 -0.5425
vn 0.8370 0.0500 -0.5449
vn 0.9243 0.1998 -0.3253
vn 0.9574 0.0500 -0.2844
vn 0.9420 0.1998 -0.2695
vn 0.9754 0.0500 -0.2146
vn 0.9564 0.1998 -0.2129
vn 0.9674 0.1998 -0.1557
vn 0.9269 0.3442 -0.1492
vn 0.9342 0.3442 -0.0940
vn 0.8717 0.4822 -0.0878
vn 0.8749 0.4822 -0.0444
vn 0.7931 0.6078 -0.0406
vn 0.9883 0.0500 -0.1441
vn 0.9749 0.1998 -0.0981
vn 0.9377 0.3442 -0.0476
vn 0.9961 0.0500 -0.0728
vn 0.9786 0.1998 -0.0497
vn 0.6883 0.7245 -0.0350
vn 0.5837 0.8114 -0.0297
vn 0.4693 0.8827 -0.0239
vn 0.5815 0.8114 -0.0585
vn 0.4675 0.8827 -0.0471
vn 0.5769 0.8115 -0.0929
vn 0.4638 0.8828 -0.0747
vn 0.5705 0.8114 -0.1270
vn 0.4586 0.8827 -0.1021
vn 0.5618 0.8115 -0.1608
vn 0.4517 0.8828 -0.1292
vn 0.5513 0.8114 -0.1940
vn 0.4432 0.8828 -0.1560
vn 0.3449 0.9385 -0.0175
vn 0.3437 0.9385 -0.0346
vn 0.3408 0.9385 -0.0549
vn 0.3372 0.9385 -0.0750
vn 0.3320 0.9385 -0.0950
vn 0.3256 0.9385 -0.1146
vn 0.2149 0.9766 -0.0109
vn 0.2141 0.9766 -0.0215
vn 0.2125 0.9766 -0.0342
vn 0.2101 0.9766 -0.0467
vn 0.2069 0.9766 -0.0592
vn 0.2030 0.9766 -0.0714
vn 0.8857 0.3441 -0.3117
vn 0.9027 0.3442 -0.2583
vn 0.9164 0.3443 -0.2039
vn 0.8264 0.4822 -0.2908
vn 0.8421 0.4825 -0.2410
vn 0.8550 0.4825 -0.1903
vn 0.8650 0.4821 -0.1392
vn 0.7490 0.6079 -0.2636
vn 0.7634 0.6079 -0.2184
vn 0.7751 0.6079 -0.1725
vn 0.7839 0.6079 -0.1262
vn 0.7900 0.6079 -0.0795
vn 0.6501 0.7246 -0.2288
vn 0.6626 0.7246 -0.1896
vn 0.6728 0.7245 -0.1497
vn 0.6805 0.7245 -0.1095
vn 0.6858 0.7246 -0.0690
vn 0.2213 0.9749 0.0233
vn 0.2226 0.9749 -0.0000
vn 0.2213 0.9749 -0.0233
vn 0.4339 0.9010 -0.0001
vn 0.4315 0.9010 -0.0454
vn 0.6235 0.7818 -0.0003
vn 0.6201 0.7818 -0.0652
vn 0.7818 0.6235 -0.0004
vn 0.7776 0.6234 -0.0817
vn 0.9010 0.4339 -0.0006
vn 0.8961 0.4338 -0.0942
vn 0.9749 0.2225 -0.0008
vn 0.9696 0.2225 -0.1019
vn 0.2177 0.9749 0.0463
vn 0.2117 0.9749 0.0688
vn 0.2033 0.9749 0.0905
vn 0.1927 0.9749 0.1113
vn 0.1800 0.9749 0.1308
vn 0.1654 0.9749 0.1489
vn 0.1489 0.9749 0.1654
vn 0.1308 0.9749 0.1800
vn 0.1113 0.9749 0.1927
vn 0.0905 0.9749 0.2033
vn 0.0688 0.9749 0.2116
vn 0.0463 0.9749 0.2177
vn 0.0902 0.9010 0.4244
vn 0.0454 0.9010 0.4315
vn 0.0652 0.7818 0.6201
vn -0.0000 0.6235 0.7818
vn -0.0817 0.6235 0.7775
vn -0.0942 0.4338 0.8961
vn -0.1873 0.4338 0.8813
vn -0.2027 0.2225 0.9536
vn -0.3012 0.2225 0.9272
vn -0.3965 0.2225 0.8907
vn -0.4875 0.2225 0.8443
vn -0.5730 0.2225 0.7888
vn -0.6524 0.2225 0.7245
vn -0.7245 0.2225 0.6524
vn -0.7887 0.2225 0.5731
vn -0.8254 -0.0000 0.5645
vn -0.8443 0.2225 0.4875
vn -0.8776 -0.0000 0.4793
vn -0.8906 0.2225 0.3966
vn -0.9211 -0.0000 0.3893
vn -0.9272 0.2225 0.3013
vn -0.9554 -0.0000 0.2954
vn -0.9536 0.2225 0.2026
vn -0.9801 -0.0000 0.1986
vn -0.9695 0.2226 0.1024
vn -0.9950 -0.0000 0.0998
vn -0.9750 0.2224 -0.0000
vn -0.9950 -0.0000 -0.0998
vn -0.9696 0.2225 -0.1018
vn -0.9801 -0.0000 -0.1986
vn -0.9536 0.2225 -0.2027
vn -0.9554 -0.0000 -0.2954
vn -0.9272 0.2225 -0.3013
vn -0.9211 -0.0000 -0.3893
vn -0.8906 0.2225 -0.3966
vn -0.8776 -0.0000 -0.4793
vn -0.8443 0.2225 -0.4875
vn -0.8254 -0.0000 -0.5645
vn -0.7887 0.2225 -0.5731
vn -0.7650 0.0001 -0.6441
vn -0.7245 0.2225 -0.6524
vn -0.6942 -0.0000 -0.7197
vn -0.6523 0.2225 -0.7245
vn -0.6161 -0.0000 -0.7877
vn -0.5730 0.2225 -0.7887
vn -0.5313 -0.0000 -0.8472
vn -0.4875 0.2225 -0.8443
vn -0.4409 -0.0000 -0.8976
vn -0.3965 0.2225 -0.8906
vn -0.3457 -0.0000 -0.9384
vn -0.3013 0.2225 -0.9272
vn -0.2468 -0.0000 -0.9691
vn -0.2027 0.2225 -0.9536
vn -0.1452 -0.0000 -0.9894
vn -0.1019 0.2225 -0.9696
vn -0.0421 -0.0000 -0.9991
vn -0.0000 0.2225 -0.9749
vn 0.0614 -0.0000 -0.9981
vn 0.1019 0.2225 -0.9696
vn 0.1643 -0.0000 -0.9864
vn 0.2027 0.2225 -0.9536
vn 0.2654 -0.0000 -0.9641
vn 0.3013 0.2225 -0.9272
vn 0.3637 -0.0000 -0.9315
vn 0.3965 0.2225 -0.8906
vn 0.4581 -0.0000 -0.8889
vn 0.4875 0.2225 -0.8443
vn 0.5476 -0.0000 -0.8368
vn 0.5730 0.2225 -0.7887
vn 0.6312 -0.0000 -0.7756
vn 0.6524 0.2225 -0.7245
vn 0.7080 -0.0000 -0.7062
vn 0.7245 0.2225 -0.6524
vn 0.7772 -0.0000 -0.6292
vn 0.7887 0.2225 -0.5731
vn 0.8443 0.2225 -0.4875
vn 0.8906 0.2225 -0.3965
vn 0.9272 0.2225 -0.3013
vn 0.9536 0.2225 -0.2027
vn 0.0233 0.9749 0.2213
vn -0.0000 0.9010 0.4339
vn -0.0652 0.7818 0.6201
vn -0.1625 0.6235 0.7647
vn -0.2784 0.4338 0.8569
vn -0.0454 0.9010 0.4315
vn -0.1296 0.7818 0.6099
vn -0.2416 0.6234 0.7436
vn -0.3665 0.4338 0.8231
vn -0.0233 0.9749 0.2213
vn -0.0902 0.9010 0.4244
vn -0.1927 0.7818 0.5930
vn -0.3180 0.6235 0.7142
vn -0.4505 0.4338 0.7803
vn -0.0463 0.9749 0.2177
vn -0.1341 0.9010 0.4127
vn -0.2536 0.7818 0.5696
vn -0.3909 0.6234 0.6771
vn -0.5296 0.4338 0.7289
vn -0.0688 0.9749 0.2116
vn -0.1765 0.9009 0.3964
vn -0.3118 0.7818 0.5400
vn -0.4596 0.6235 0.6325
vn -0.6029 0.4339 0.6695
vn -0.0905 0.9749 0.2033
vn -0.2169 0.9010 0.3758
vn -0.3665 0.7818 0.5044
vn -0.5231 0.6235 0.5810
vn -0.6696 0.4338 0.6029
vn -0.1113 0.9749 0.1927
vn -0.2550 0.9010 0.3510
vn -0.4172 0.7818 0.4634
vn -0.5810 0.6235 0.5231
vn -0.7289 0.4339 0.5296
vn -0.1308 0.9749 0.1800
vn -0.2903 0.9010 0.3224
vn -0.4634 0.7818 0.4172
vn -0.6325 0.6235 0.4595
vn -0.7803 0.4339 0.4505
vn -0.1489 0.9749 0.1654
vn -0.3224 0.9010 0.2903
vn -0.5044 0.7818 0.3665
vn -0.6771 0.6235 0.3909
vn -0.8231 0.4338 0.3665
vn -0.1654 0.9749 0.1489
vn -0.3510 0.9010 0.2550
vn -0.5400 0.7818 0.3117
vn -0.7142 0.6235 0.3180
vn -0.8569 0.4338 0.2784
vn -0.1800 0.9749 0.1308
vn -0.3758 0.9010 0.2169
vn -0.5696 0.7818 0.2536
vn -0.7436 0.6235 0.2416
vn -0.8813 0.4338 0.1873
vn -0.1927 0.9749 0.1113
vn -0.2033 0.9749 0.0905
vn -0.2117 0.9749 0.0688
vn -0.2177 0.9749 0.0463
vn -0.2213 0.9749 0.0233
vn -0.2226 0.9749 -0.0000
vn -0.2213 0.9749 -0.0233
vn -0.2177 0.9749 -0.0463
vn -0.2116 0.9749 -0.0688
vn -0.2033 0.9749 -0.0905
vn -0.1927 0.9749 -0.1113
vn -0.1800 0.9749 -0.1308
vn -0.1654 0.9749 -0.1489
vn -0.3224 0.9010 -0.2903
vn -0.2903 0.9010 -0.3224
vn -0.4172 0.7818 -0.4633
vn -0.3665 0.7818 -0.5044
vn -0.4596 0.6235 -0.6325
vn -0.3909 0.6234 -0.6771
vn -0.4505 0.4338 -0.7803
vn -0.3665 0.4339 -0.8231
vn -0.1489 0.9749 -0.1654
vn -0.2550 0.9010 -0.3510
vn -0.3117 0.7818 -0.5400
vn -0.3180 0.6235 -0.7142
vn -0.2784 0.4337 -0.8569
vn -0.1308 0.9749 -0.1801
vn -0.2169 0.9010 -0.3758
vn -0.2536 0.7818 -0.5696
vn -0.2416 0.6235 -0.7436
vn -0.1873 0.4338 -0.8813
vn -0.1113 0.9749 -0.1927
vn -0.1765 0.9010 -0.3964
vn -0.1927 0.7818 -0.5930
vn -0.1625 0.6235 -0.7647
vn -0.0942 0.4338 -0.8961
vn -0.0905 0.9749 -0.2033
vn -0.1341 0.9010 -0.4127
vn -0.1296 0.7818 -0.6099
vn -0.0817 0.6235 -0.7776
vn -0.0000 0.4338 -0.9010
vn -0.0688 0.9749 -0.2117
vn -0.0902 0.9010 -0.4244
vn -0.0652 0.7818 -0.6201
vn -0.0000 0.6235 -0.7818
vn 0.0942 0.4338 -0.8961
vn -0.0463 0.9749 -0.2177
vn -0.0453 0.9010 -0.4315
vn 0.0817 0.6235 -0.7775
vn 0.1873 0.4338 -0.8813
vn -0.0233 0.9749 -0.2213
vn -0.0000 0.9010 -0.4339
vn 0.0652 0.7818 -0.6201
vn 0.1625 0.6235 -0.7647
vn 0.2784 0.4338 -0.8569
vn -0.0000 0.9749 -0.2226
vn 0.0454 0.9010 -0.4315
vn 0.1296 0.7818 -0.6099
vn 0.2416 0.6235 -0.7436
vn 0.3665 0.4338 -0.8231
vn 0.0233 0.9749 -0.2213
vn 0.0902 0.9010 -0.4244
vn 0.1927 0.7818 -0.5930
vn 0.3180 0.6235 -0.7142
vn 0.4505 0.4338 -0.7803
vn 0.0463 0.9749 -0.2177
vn 0.1341 0.9010 -0.4127
vn 0.2536 0.7818 -0.5696
vn 0.3909 0.6235 -0.6771
vn 0.5296 0.4338 -0.7289
vn 0.0688 0.9749 -0.2116
vn 0.1765 0.9010 -0.3964
vn 0.3118 0.7818 -0.5400
vn 0.4596 0.6235 -0.6325
vn 0.6029 0.4339 -0.6696
vn 0.0905 0.9749 -0.2033
vn 0.1113 0.9749 -0.1927
vn 0.1308 0.9749 -0.1800
vn 0.1489 0.9749 -0.1654
vn 0.1654 0.9749 -0.1489
vn 0.1800 0.9749 -0.1308
vn 0.1927 0.9749 -0.1113
vn 0.2033 0.9749 -0.0905
vn 0.2116 0.9749 -0.0688
vn 0.2177 0.9749 -0.0463
vn 0.7887 0.2225 0.5731
vn 0.7245 0.2225 0.6524
vn 0.7289 0.4339 0.5296
vn 0.6695 0.4339 0.6029
vn 0.6325 0.6235 0.4595
vn 0.5810 0.6235 0.5231
vn 0.5044 0.7818 0.3665
vn 0.4634 0.7818 0.4172
vn 0.3510 0.9010 0.2550
vn 0.3224 0.9010 0.2903
vn 0.8443 0.2225 0.4875
vn 0.8906 0.2225 0.3965
vn 0.9272 0.2225 0.3013
vn 0.9536 0.2225 0.2027
vn 0.9696 0.2225 0.1019
vn 0.8381 -0.0000 -0.5454
vn -0.1019 0.2225 0.9696
vn -0.0000 0.4338 0.9010
vn 0.0817 0.6235 0.7775
vn 0.1296 0.7818 0.6099
vn 0.1341 0.9010 0.4127
vn -0.0000 0.2225 0.9749
vn 0.0942 0.4338 0.8961
vn 0.1625 0.6235 0.7647
vn 0.1927 0.7818 0.5930
vn 0.1765 0.9009 0.3964
vn 0.1019 0.2225 0.9696
vn 0.1873 0.4338 0.8813
vn 0.2416 0.6235 0.7436
vn 0.2536 0.7818 0.5696
vn 0.2169 0.9010 0.3758
vn 0.2027 0.2225 0.9536
vn 0.2784 0.4338 0.8569
vn 0.3180 0.6235 0.7142
vn 0.3117 0.7818 0.5400
vn 0.2550 0.9010 0.3510
vn 0.3013 0.2225 0.9272
vn 0.3665 0.4339 0.8231
vn 0.3909 0.6235 0.6771
vn 0.3665 0.7818 0.5044
vn 0.2903 0.9010 0.3224
vn 0.3965 0.2225 0.8906
vn 0.4505 0.4338 0.7803
vn 0.4596 0.6235 0.6325
vn 0.4172 0.7818 0.4633
vn 0.4875 0.2225 0.8443
vn 0.5296 0.4338 0.7289
vn 0.5232 0.6235 0.5810
vn 0.5731 0.2225 0.7887
vn 0.6029 0.4339 0.6695
vn 0.6524 0.2225 0.7245
vn 0.4315 0.9010 0.0454
vn 0.4244 0.9010 0.0902
vn 0.4126 0.9010 0.1341
vn 0.3964 0.9010 0.1765
vn 0.3758 0.9010 0.2169
vn 0.6201 0.7818 0.0652
vn 0.6099 0.7818 0.1296
vn 0.5930 0.7818 0.1927
vn 0.5696 0.7818 0.2536
vn 0.5400 0.7818 0.3117
vn 0.7776 0.6235 0.0817
vn 0.7647 0.6235 0.1625
vn 0.7436 0.6234 0.2416
vn 0.7142 0.6235 0.3180
vn 0.6771 0.6234 0.3909
vn 0.8961 0.4338 0.0942
vn 0.8813 0.4338 0.1873
vn 0.8569 0.4338 0.2784
vn 0.8231 0.4338 0.3665
vn 0.7803 0.4339 0.4505
vn -0.3964 0.9010 0.1765
vn -0.5930 0.7818 0.1927
vn -0.7648 0.6234 0.1626
vn -0.8961 0.4338 0.0942
vn -0.4126 0.9010 0.1341
vn -0.6099 0.7818 0.1296
vn -0.7775 0.6235 0.0817
vn -0.4244 0.9010 0.0902
vn -0.6201 0.7818 0.0652
vn -0.8961 0.4338 -0.0942
vn -0.4315 0.9010 0.0454
vn -0.7776 0.6235 -0.0817
vn -0.8813 0.4338 -0.1873
vn -0.6201 0.7818 -0.0652
vn -0.7648 0.6234 -0.1626
vn -0.8569 0.4338 -0.2784
vn -0.4315 0.9010 -0.0454
vn -0.6099 0.7818 -0.1296
vn -0.7436 0.6234 -0.2416
vn -0.8231 0.4338 -0.3665
vn -0.4244 0.9009 -0.0902
vn -0.5930 0.7818 -0.1927
vn -0.7142 0.6235 -0.3180
vn -0.7803 0.4338 -0.4505
vn -0.4127 0.9010 -0.1341
vn -0.5696 0.7818 -0.2536
vn -0.6771 0.6235 -0.3909
vn -0.7289 0.4339 -0.5296
vn -0.3964 0.9010 -0.1765
vn -0.5400 0.7818 -0.3118
vn -0.6325 0.6235 -0.4596
vn -0.6695 0.4339 -0.6029
vn -0.3758 0.9010 -0.2169
vn -0.5044 0.7818 -0.3665
vn -0.5810 0.6235 -0.5232
vn -0.6029 0.4339 -0.6695
vn -0.3510 0.9010 -0.2550
vn -0.4634 0.7818 -0.4172
vn -0.5231 0.6235 -0.5810
vn -0.5296 0.4337 -0.7290
vn 0.2169 0.9010 -0.3758
vn 0.3665 0.7818 -0.5044
vn 0.5232 0.6235 -0.5810
vn 0.6696 0.4338 -0.6029
vn 0.2550 0.9010 -0.3510
vn 0.4172 0.7818 -0.4634
vn 0.5810 0.6235 -0.5232
vn 0.7289 0.4338 -0.5296
vn 0.2903 0.9010 -0.3224
vn 0.4633 0.7818 -0.4172
vn 0.6325 0.6235 -0.4596
vn 0.7803 0.4338 -0.4505
vn 0.3224 0.9010 -0.2903
vn 0.5044 0.7818 -0.3665
vn 0.6771 0.6235 -0.3909
vn 0.8231 0.4338 -0.3665
vn 0.3510 0.9010 -0.2550
vn 0.5400 0.7818 -0.3117
vn 0.7142 0.6235 -0.3180
vn 0.8569 0.4338 -0.2784
vn 0.3758 0.9010 -0.2169
vn 0.5696 0.7818 -0.2536
vn 0.7436 0.6235 -0.2416
vn 0.8813 0.4338 -0.1873
vn 0.3964 0.9009 -0.1765
vn 0.5930 0.7818 -0.1927
vn 0.7647 0.6235 -0.1625
vn 0.4127 0.9010 -0.1341
vn 0.6099 0.7818 -0.1296
vn 0.4244 0.9010 -0.0902
vn 0.0001 -0.0000 -1.0000
vn -0.0882 -0.9956 -0.0320
vn -0.1647 -0.9848 -0.0553
vn -0.1685 -0.9848 -0.0417
vn -0.3242 -0.9397 -0.1088
vn -0.3319 -0.9397 -0.0822
vn -0.4739 -0.8661 -0.1591
vn -0.4854 -0.8660 -0.1202
vn -0.6094 -0.7661 -0.2045
vn -0.6239 -0.7661 -0.1546
vn -0.7262 -0.6428 -0.2437
vn -0.7435 -0.6428 -0.1842
vn -0.8242 -0.5000 -0.2660
vn -0.8473 -0.5000 -0.1790
vn -0.1736 -0.9826 -0.0663
vn -0.2556 -0.9613 -0.1028
vn -0.3332 -0.9322 -0.1414
vn -0.4596 -0.8660 -0.1969
vn -0.5908 -0.7661 -0.2531
vn -0.4689 -0.8547 -0.2229
vn -0.5685 -0.7660 -0.3000
vn -0.5721 -0.7608 -0.3064
vn -0.6775 -0.6428 -0.3576
vn -0.6383 -0.6665 -0.3852
vn -0.6712 -0.5832 -0.4576
vn -0.6761 -0.5488 -0.4917
vn -0.7026 -0.5000 -0.5063
vn -0.7514 -0.5000 -0.4306
vn -0.7921 -0.5000 -0.3502
vn -0.7041 -0.6428 -0.3016
vn -0.6733 -0.5222 -0.5234
vn -0.6631 -0.5056 -0.5520
vn -0.6462 -0.5000 -0.5765
vn -0.7560 -0.6428 -0.1235
vn -0.8613 -0.5000 -0.0900
vn -0.7635 -0.6428 -0.0619
vn -0.8660 -0.5000 -0.0000
vn -0.7660 -0.6428 -0.0000
vn -0.7635 -0.6428 0.0619
vn -0.6406 -0.7661 0.0520
vn -0.6344 -0.7661 0.1036
vn -0.4934 -0.8661 0.0806
vn -0.4854 -0.8660 0.1202
vn -0.3319 -0.9397 0.0822
vn -0.3242 -0.9397 0.1088
vn -0.1647 -0.9848 0.0553
vn -0.1691 -0.9835 0.0643
vn -0.0848 -0.9959 0.0307
vn -0.8613 -0.5000 0.0900
vn -0.7560 -0.6428 0.1235
vn -0.6239 -0.7661 0.1546
vn -0.4740 -0.8660 0.1591
vn -0.3328 -0.9324 0.1412
vn -0.2520 -0.9624 0.1011
vn -0.8473 -0.5000 0.1790
vn -0.7435 -0.6428 0.1842
vn -0.6094 -0.7661 0.2045
vn -0.4596 -0.8660 0.1969
vn -0.4074 -0.8947 0.1832
vn -0.4726 -0.8520 0.2254
vn -0.5909 -0.7660 0.2531
vn -0.5685 -0.7660 0.3000
vn -0.7041 -0.6428 0.3016
vn -0.6775 -0.6428 0.3576
vn -0.7921 -0.5000 0.3502
vn -0.7514 -0.5000 0.4306
vn -0.8241 -0.5000 0.2660
vn -0.7262 -0.6428 0.2437
vn -0.7026 -0.5000 0.5063
vn -0.6731 -0.5740 0.4663
vn -0.6422 -0.6590 0.3915
vn -0.5755 -0.7570 0.3096
vn -0.6462 -0.5000 0.5765
vn -0.6617 -0.5045 0.5547
vn -0.6719 -0.5182 0.5291
vn -0.6761 -0.5414 0.4998
vn -0.1685 -0.9848 0.0417
vn -0.1713 -0.9848 0.0280
vn -0.1731 -0.9848 0.0140
vn -0.1736 -0.9848 -0.0000
vn -0.1731 -0.9848 -0.0140
vn -0.3409 -0.9397 -0.0276
vn -0.3375 -0.9397 -0.0551
vn -0.4934 -0.8660 -0.0806
vn -0.1713 -0.9848 -0.0280
vn -0.6344 -0.7660 -0.1036
vn -0.6407 -0.7661 -0.0520
vn -0.6428 -0.7660 -0.0000
vn -0.4983 -0.8660 -0.0404
vn -0.3420 -0.9397 -0.0000
vn -0.5000 -0.8660 -0.0000
vn -0.4984 -0.8660 0.0404
vn -0.3409 -0.9397 0.0276
vn -0.3375 -0.9397 0.0551
vn -0.1500 0.9875 0.0482
vn -0.1025 0.9941 0.0357
vn -0.2022 0.9765 0.0741
vn -0.2963 0.9503 0.0954
vn -0.2978 0.9477 0.1152
vn -0.4352 0.8894 0.1399
vn -0.3870 0.9084 0.1583
vn -0.4231 0.8894 0.1731
vn -0.4688 0.8596 0.2032
vn -0.5475 0.8062 0.2240
vn -0.5410 0.8034 0.2487
vn -0.6583 0.7029 0.2694
vn -0.6025 0.7421 0.2939
vn -0.6353 0.7029 0.3199
vn -0.6534 0.6772 0.3383
vn -0.7263 0.5820 0.3658
vn -0.7525 0.5820 0.3081
vn -0.7991 0.4467 0.4024
vn -0.8280 0.4466 0.3391
vn -0.8787 0.3000 0.3714
vn -0.9114 0.3000 0.2818
vn -0.7248 0.5433 0.4237
vn -0.7654 0.4466 0.4633
vn -0.7455 0.4800 0.4624
vn -0.7571 0.4232 0.4977
vn -0.7609 0.3748 0.5296
vn -0.7874 0.3000 0.5385
vn -0.8372 0.3000 0.4572
vn -0.7576 0.3351 0.5601
vn -0.7470 0.3089 0.5887
vn -0.7297 0.3000 0.6144
vn -0.9349 0.3000 0.1895
vn -0.8705 0.4466 0.2068
vn -0.8518 0.4466 0.2738
vn -0.8839 0.4466 0.1386
vn -0.9492 0.3000 0.0952
vn -0.8920 0.4466 0.0695
vn -0.9539 0.3000 -0.0000
vn -0.8947 0.4466 -0.0000
vn -0.8920 0.4466 -0.0695
vn -0.8107 0.5821 -0.0632
vn -0.8034 0.5820 -0.1260
vn -0.7027 0.7029 -0.1102
vn -0.6920 0.7029 -0.1644
vn -0.5756 0.8062 -0.1368
vn -0.5632 0.8063 -0.1810
vn -0.4352 0.8894 -0.1400
vn -0.4230 0.8894 -0.1733
vn -0.3579 0.9227 -0.1436
vn -0.4398 0.8785 -0.1865
vn -0.5474 0.8062 -0.2243
vn -0.5149 0.8254 -0.2314
vn -0.5825 0.7637 -0.2783
vn -0.6582 0.7029 -0.2697
vn -0.6353 0.7029 -0.3199
vn -0.7524 0.5821 -0.3083
vn -0.6414 0.6939 -0.3271
vn -0.7263 0.5820 -0.3658
vn -0.6882 0.6213 -0.3748
vn -0.7220 0.5505 -0.4192
vn -0.7991 0.4465 -0.4025
vn -0.7654 0.4466 -0.4634
vn -0.8372 0.3000 -0.4572
vn -0.7569 0.4246 -0.4968
vn -0.7874 0.3000 -0.5385
vn -0.7609 0.3745 -0.5298
vn -0.7576 0.3348 -0.5604
vn -0.7468 0.3088 -0.5890
vn -0.7297 0.3000 -0.6144
vn -0.9492 0.3000 -0.0952
vn -0.8839 0.4466 -0.1386
vn -0.7911 0.5821 -0.1880
vn -0.6771 0.7030 -0.2177
vn -0.9349 0.3000 -0.1895
vn -0.8705 0.4466 -0.2068
vn -0.7741 0.5821 -0.2489
vn -0.9114 0.3000 -0.2818
vn -0.8518 0.4466 -0.2739
vn -0.8787 0.3000 -0.3714
vn -0.8280 0.4466 -0.3391
vn -0.7444 0.4841 -0.4599
vn -0.2963 0.9503 -0.0953
vn -0.2705 0.9572 -0.1030
vn -0.1810 0.9813 -0.0656
vn -0.1501 0.9875 -0.0483
vn -0.0905 0.9954 -0.0313
vn -0.1533 0.9875 -0.0364
vn -0.1557 0.9875 -0.0244
vn -0.1571 0.9875 -0.0122
vn -0.1575 0.9875 -0.0000
vn -0.1571 0.9875 0.0122
vn -0.3103 0.9503 0.0242
vn -0.3075 0.9503 0.0482
vn -0.4515 0.8895 0.0708
vn -0.4447 0.8894 0.1057
vn -0.5756 0.8062 0.1368
vn -0.5632 0.8062 0.1811
vn -0.6771 0.7029 0.2177
vn -0.1557 0.9875 0.0244
vn -0.3029 0.9503 0.0720
vn -0.1533 0.9875 0.0364
vn -0.7741 0.5821 0.2488
vn -0.7911 0.5821 0.1880
vn -0.8034 0.5820 0.1259
vn -0.8107 0.5821 0.0632
vn -0.8131 0.5821 -0.0000
vn -0.6920 0.7029 0.1644
vn -0.5845 0.8062 0.0916
vn -0.4557 0.8894 0.0355
vn -0.3113 0.9503 -0.0000
vn -0.7027 0.7030 0.1102
vn -0.7091 0.7030 0.0552
vn -0.7112 0.7030 -0.0000
vn -0.7091 0.7030 -0.0552
vn -0.5898 0.8062 0.0460
vn -0.4571 0.8894 -0.0000
vn -0.3103 0.9503 -0.0242
vn -0.5916 0.8062 -0.0000
vn -0.5898 0.8062 -0.0460
vn -0.5845 0.8062 -0.0916
vn -0.4557 0.8894 -0.0355
vn -0.3075 0.9503 -0.0482
vn -0.4516 0.8894 -0.0708
vn -0.4447 0.8894 -0.1057
vn -0.3029 0.9503 -0.0720
vn -0.0461 -0.6288 0.7762
vn -0.0910 -0.5863 0.8049
vn -0.0997 -0.5752 0.8119
vn -0.1784 -0.4932 0.8515
vn -0.0949 -0.5201 0.8488
vn -0.1892 -0.4776 0.8580
vn -0.0914 -0.4739 0.8758
vn -0.1822 -0.4341 0.8822
vn -0.0882 -0.4264 0.9002
vn -0.1757 -0.3893 0.9042
vn -0.0851 -0.3775 0.9221
vn -0.1695 -0.3437 0.9236
vn -0.0823 -0.3274 0.9413
vn -0.1641 -0.2975 0.9405
vn -0.0799 -0.2760 0.9578
vn -0.1595 -0.2504 0.9549
vn -0.0780 -0.2232 0.9716
vn -0.1556 -0.2022 0.9669
vn -0.0764 -0.1691 0.9826
vn -0.1524 -0.1530 0.9764
vn -0.0750 -0.1140 0.9906
vn -0.1499 -0.1031 0.9833
vn -0.0744 -0.0575 0.9956
vn -0.1484 -0.0519 0.9876
vn -0.0742 -0.0121 0.9972
vn -0.1480 -0.0109 0.9889
vn -0.0743 0.0334 0.9967
vn -0.1481 0.0303 0.9885
vn -0.0746 0.0745 0.9944
vn -0.1488 0.0673 0.9866
vn -0.0752 0.1153 0.9905
vn -0.1500 0.1043 0.9832
vn -0.0771 0.1954 0.9777
vn -0.1537 0.1769 0.9721
vn -0.0803 0.2815 0.9562
vn -0.1600 0.2555 0.9535
vn -0.0844 0.3642 0.9275
vn -0.1681 0.3316 0.9283
vn -0.0893 0.4434 0.8919
vn -0.1779 0.4052 0.8967
vn -0.0950 0.5189 0.8495
vn -0.1890 0.4763 0.8587
vn -0.1878 0.4862 0.8534
vn -0.2321 0.4465 0.8642
vn -0.2649 0.3634 0.8932
vn -0.2504 0.2962 0.9217
vn -0.3308 0.2585 0.9076
vn -0.3155 0.1981 0.9280
vn -0.3902 0.1673 0.9054
vn -0.3760 0.1153 0.9194
vn -0.4461 0.0931 0.8901
vn -0.4361 0.0546 0.8982
vn -0.5024 0.0413 0.8636
vn -0.4991 0.0266 0.8661
vn -0.5623 0.0179 0.8267
vn -0.5601 0.0080 0.8284
vn -0.6200 0.0040 0.7846
vn -0.6196 -0.0014 0.7849
vn -0.6212 -0.0068 0.7836
vn -0.6258 -0.0135 0.7798
vn -0.6331 -0.0204 0.7738
vn -0.6430 -0.0270 0.7654
vn -0.6551 -0.0337 0.7548
vn -0.6690 -0.0403 0.7421
vn -0.5944 -0.0672 0.8013
vn -0.6081 -0.0803 0.7898
vn -0.5296 -0.1002 0.8423
vn -0.5426 -0.1197 0.8314
vn -0.4609 -0.1325 0.8775
vn -0.4730 -0.1581 0.8667
vn -0.3891 -0.1639 0.9065
vn -0.3997 -0.1954 0.8956
vn -0.3146 -0.1942 0.9291
vn -0.3234 -0.2313 0.9175
vn -0.2379 -0.2231 0.9453
vn -0.2447 -0.2654 0.9326
vn -0.2125 -0.4572 0.8636
vn -0.2501 -0.4217 0.8715
vn -0.2712 -0.3899 0.8800
vn -0.2615 -0.3488 0.9000
vn -0.2526 -0.3072 0.9175
vn -0.2911 -0.3865 0.8752
vn -0.3352 -0.3511 0.8743
vn -0.3449 -0.3051 0.8877
vn -0.3335 -0.2681 0.9038
vn -0.3806 -0.3165 0.8689
vn -0.4248 -0.2837 0.8597
vn -0.4253 -0.2586 0.8673
vn -0.5088 -0.2211 0.8320
vn -0.5018 -0.2097 0.8392
vn -0.5737 -0.1590 0.8035
vn -0.4865 -0.1838 0.8541
vn -0.5574 -0.1391 0.8185
vn -0.5851 -0.1601 0.7950
vn -0.6405 -0.1068 0.7605
vn -0.6235 -0.0934 0.7762
vn -0.6508 -0.1014 0.7525
vn -0.6792 -0.0733 0.7303
vn -0.6845 -0.0468 0.7275
vn -0.7041 -0.0471 0.7086
vn -0.7261 -0.0228 0.6872
vn -0.6223 0.0090 0.7828
vn -0.5658 0.0276 0.8241
vn -0.5132 0.0703 0.8554
vn -0.4621 0.1353 0.8764
vn -0.4084 0.2187 0.8862
vn -0.3492 0.3179 0.8815
vn -0.3285 0.3715 0.8684
vn -0.2794 0.4083 0.8691
vn -0.6259 0.0139 0.7798
vn -0.6376 0.0237 0.7700
vn -0.6565 0.0344 0.7536
vn -0.6803 0.0452 0.7316
vn -0.7078 0.0560 0.7042
vn -0.7460 0.0264 0.6654
vn -0.7239 0.0544 0.6878
vn -0.6989 0.0827 0.7104
vn -0.6468 0.1115 0.7544
vn -0.6714 0.1110 0.7328
vn -0.6398 0.1405 0.7556
vn -0.5798 0.1659 0.7977
vn -0.6040 0.1713 0.7783
vn -0.5213 0.2354 0.8203
vn -0.5074 0.2188 0.8335
vn -0.4759 0.2680 0.8377
vn -0.4303 0.2697 0.8615
vn -0.4283 0.3012 0.8519
vn -0.3788 0.3358 0.8624
vn -0.1473 0.5274 0.8367
vn -0.0998 0.5745 0.8124
vn -0.0753 0.6017 0.7952
vn -0.4117 -0.2269 0.8826
vn -0.5825 -0.0540 0.8110
vn -0.5729 -0.0406 0.8186
vn -0.5657 -0.0274 0.8241
vn -0.5612 -0.0137 0.8276
vn -0.5598 -0.0028 0.8286
vn -0.5183 -0.0806 0.8514
vn -0.5092 -0.0607 0.8585
vn -0.5023 -0.0408 0.8637
vn -0.4980 -0.0204 0.8669
vn -0.4967 -0.0042 0.8679
vn -0.4973 0.0118 0.8675
vn -0.4507 -0.1066 0.8863
vn -0.4423 -0.0803 0.8933
vn -0.4361 -0.0540 0.8983
vn -0.4322 -0.0271 0.9014
vn -0.4309 -0.0056 0.9024
vn -0.4313 0.0158 0.9021
vn -0.4330 0.0353 0.9007
vn -0.3800 -0.1320 0.9155
vn -0.3727 -0.0996 0.9226
vn -0.3673 -0.0669 0.9277
vn -0.3639 -0.0336 0.9308
vn -0.3628 -0.0070 0.9319
vn -0.3632 0.0196 0.9315
vn -0.3648 0.0436 0.9301
vn -0.3674 0.0677 0.9276
vn -0.3071 -0.1565 0.9387
vn -0.3010 -0.1181 0.9463
vn -0.2964 -0.0795 0.9518
vn -0.2936 -0.0400 0.9551
vn -0.2926 -0.0083 0.9562
vn -0.2929 0.0233 0.9558
vn -0.2944 0.0518 0.9543
vn -0.2965 0.0804 0.9517
vn -0.3037 0.1367 0.9429
vn -0.2321 -0.1800 0.9559
vn -0.2273 -0.1360 0.9643
vn -0.2237 -0.0916 0.9704
vn -0.2216 -0.0461 0.9740
vn -0.2209 -0.0096 0.9752
vn -0.2211 0.0269 0.9749
vn -0.2222 0.0597 0.9732
vn -0.2239 0.0926 0.9702
vn -0.2294 0.1573 0.9605
vn -0.2386 0.2277 0.9441
vn -0.5772 0.0472 0.8152
vn -0.5309 0.1023 0.8412
vn -0.4830 0.1770 0.8575
vn -0.5958 0.0687 0.8002
vn -0.6192 0.0900 0.7800
vn -0.5533 0.1341 0.8221
vn -0.6761 -0.0000 -0.7368
vn -0.6782 -0.0000 -0.7349
vn -0.6845 -0.0000 -0.7290
vn -0.6947 -0.0000 -0.7193
vn -0.7081 -0.0000 -0.7061
vn -0.7259 -0.0000 -0.6878
vn -0.6846 0.0001 -0.7290
vn -0.7205 -0.0000 -0.6934
vn -0.7343 -0.0000 -0.6788
vn -0.7492 -0.0000 -0.6623
vn -0.0749 0.6021 -0.7949
vn -0.0997 0.5752 -0.8119
vn -0.0949 0.5201 -0.8488
vn -0.1471 0.5278 -0.8366
vn -0.1827 0.4914 -0.8515
vn -0.1892 0.4776 -0.8579
vn -0.2223 0.4554 -0.8621
vn -0.1822 0.4341 -0.8822
vn -0.2655 0.4198 -0.8679
vn -0.2711 0.3899 -0.8801
vn -0.3121 0.3843 -0.8689
vn -0.3574 0.3418 -0.8692
vn -0.3605 0.3494 -0.8649
vn -0.4100 0.3148 -0.8561
vn -0.4599 0.2799 -0.8427
vn -0.4401 0.2902 -0.8498
vn -0.4253 0.2586 -0.8673
vn -0.3449 0.3051 -0.8877
vn -0.3335 0.2682 -0.9038
vn -0.2526 0.3072 -0.9175
vn -0.2447 0.2654 -0.9326
vn -0.1641 0.2976 -0.9405
vn -0.1595 0.2504 -0.9549
vn -0.0799 0.2760 -0.9578
vn -0.0780 0.2232 -0.9716
vn -0.0763 0.1692 -0.9826
vn -0.0750 0.1140 -0.9906
vn -0.0744 0.0575 -0.9956
vn -0.0742 0.0121 -0.9972
vn -0.0743 -0.0335 -0.9967
vn -0.0746 -0.0745 -0.9944
vn -0.0752 -0.1153 -0.9905
vn -0.0772 -0.1955 -0.9777
vn -0.0803 -0.2815 -0.9562
vn -0.0844 -0.3642 -0.9275
vn -0.0893 -0.4433 -0.8919
vn -0.0950 -0.5189 -0.8495
vn -0.0999 -0.5745 -0.8124
vn -0.0915 -0.5859 -0.8052
vn -0.1785 -0.4928 -0.8516
vn -0.1890 -0.4763 -0.8587
vn -0.1779 -0.4053 -0.8967
vn -0.2140 -0.4553 -0.8643
vn -0.2522 -0.4193 -0.8721
vn -0.2647 -0.3632 -0.8933
vn -0.2928 -0.3844 -0.8755
vn -0.3353 -0.3504 -0.8745
vn -0.3492 -0.3180 -0.8815
vn -0.4220 -0.2853 -0.8605
vn -0.4303 -0.2696 -0.8615
vn -0.5055 -0.2232 -0.8334
vn -0.5074 -0.2188 -0.8334
vn -0.5794 -0.1648 -0.7982
vn -0.4828 -0.1770 -0.8576
vn -0.5532 -0.1341 -0.8222
vn -0.5309 -0.1023 -0.8412
vn -0.5959 -0.0687 -0.8001
vn -0.5772 -0.0472 -0.8152
vn -0.6376 -0.0237 -0.7700
vn -0.6259 -0.0139 -0.7798
vn -0.6222 -0.0090 -0.7828
vn -0.6200 -0.0040 -0.7846
vn -0.5623 -0.0179 -0.8267
vn -0.5601 -0.0080 -0.8284
vn -0.4990 -0.0266 -0.8662
vn -0.4971 -0.0119 -0.8676
vn -0.4330 -0.0353 -0.9007
vn -0.4314 -0.0158 -0.9020
vn -0.3649 -0.0436 -0.9300
vn -0.3632 -0.0196 -0.9315
vn -0.2945 -0.0517 -0.9543
vn -0.2929 -0.0233 -0.9558
vn -0.2222 -0.0597 -0.9732
vn -0.2212 -0.0269 -0.9749
vn -0.1487 -0.0673 -0.9866
vn -0.1481 -0.0304 -0.9885
vn -0.5102 0.2442 -0.8247
vn -0.5018 0.2098 -0.8392
vn -0.5184 0.2358 -0.8220
vn -0.5576 0.2089 -0.8034
vn -0.5738 0.1590 -0.8034
vn -0.4865 0.1838 -0.8541
vn -0.5574 0.1391 -0.8185
vn -0.4730 0.1581 -0.8668
vn -0.5427 0.1196 -0.8314
vn -0.4610 0.1325 -0.8775
vn -0.5295 0.1002 -0.8423
vn -0.4507 0.1066 -0.8863
vn -0.5183 0.0806 -0.8514
vn -0.4423 0.0803 -0.8933
vn -0.5091 0.0607 -0.8586
vn -0.4361 0.0540 -0.8983
vn -0.5023 0.0408 -0.8637
vn -0.4322 0.0271 -0.9014
vn -0.4980 0.0204 -0.8669
vn -0.4309 0.0056 -0.9024
vn -0.4968 0.0042 -0.8679
vn -0.5916 0.1790 -0.7862
vn -0.6001 0.1752 -0.7805
vn -0.6378 0.1429 -0.7568
vn -0.6709 0.1120 -0.7331
vn -0.6589 0.1203 -0.7425
vn -0.6405 0.1068 -0.7605
vn -0.6992 0.0829 -0.7101
vn -0.7015 0.0537 -0.7106
vn -0.7242 0.0544 -0.6874
vn -0.7464 0.0263 -0.6650
vn -0.6846 0.0469 -0.7274
vn -0.6690 0.0402 -0.7422
vn -0.6551 0.0336 -0.7548
vn -0.6430 0.0271 -0.7654
vn -0.6331 0.0204 -0.7738
vn -0.6258 0.0135 -0.7798
vn -0.6211 0.0068 -0.7837
vn -0.6195 0.0013 -0.7850
vn -0.6565 -0.0344 -0.7536
vn -0.6802 -0.0452 -0.7316
vn -0.7239 -0.0254 -0.6895
vn -0.6993 -0.0524 -0.7129
vn -0.6724 -0.0803 -0.7359
vn -0.6192 -0.0900 -0.7800
vn -0.6433 -0.1085 -0.7579
vn -0.0464 -0.6283 -0.7766
vn -0.0823 0.3274 -0.9413
vn -0.1695 0.3438 -0.9236
vn -0.2615 0.3488 -0.9000
vn -0.0851 0.3775 -0.9221
vn -0.0882 0.4265 -0.9002
vn -0.0914 0.4739 -0.8758
vn -0.1757 0.3893 -0.9042
vn -0.6236 0.0934 -0.7762
vn -0.6081 0.0803 -0.7898
vn -0.5944 0.0672 -0.8013
vn -0.5825 0.0540 -0.8110
vn -0.5729 0.0406 -0.8186
vn -0.5657 0.0274 -0.8241
vn -0.5612 0.0137 -0.8276
vn -0.5598 0.0028 -0.8286
vn -0.4117 0.2269 -0.8826
vn -0.3998 0.1954 -0.8955
vn -0.3892 0.1639 -0.9065
vn -0.3800 0.1320 -0.9155
vn -0.3727 0.0996 -0.9226
vn -0.3673 0.0669 -0.9277
vn -0.3639 0.0336 -0.9308
vn -0.3628 0.0070 -0.9319
vn -0.3234 0.2314 -0.9176
vn -0.2379 0.2231 -0.9453
vn -0.1555 0.2023 -0.9669
vn -0.3146 0.1942 -0.9291
vn -0.3071 0.1565 -0.9387
vn -0.3010 0.1181 -0.9463
vn -0.2964 0.0795 -0.9518
vn -0.2936 0.0400 -0.9551
vn -0.2926 0.0083 -0.9562
vn -0.2320 0.1800 -0.9559
vn -0.1523 0.1530 -0.9764
vn -0.2273 0.1360 -0.9643
vn -0.2237 0.0916 -0.9704
vn -0.2216 0.0461 -0.9740
vn -0.2209 0.0096 -0.9752
vn -0.1499 0.1031 -0.9833
vn -0.1484 0.0519 -0.9876
vn -0.1480 0.0109 -0.9889
vn -0.5658 -0.0276 -0.8241
vn -0.5024 -0.0412 -0.8636
vn -0.5132 -0.0704 -0.8554
vn -0.4361 -0.0546 -0.8982
vn -0.4461 -0.0931 -0.8901
vn -0.4621 -0.1353 -0.8764
vn -0.3674 -0.0677 -0.9276
vn -0.3760 -0.1153 -0.9194
vn -0.3902 -0.1673 -0.9054
vn -0.4084 -0.2187 -0.8862
vn -0.2965 -0.0804 -0.9517
vn -0.3037 -0.1367 -0.9429
vn -0.3155 -0.1982 -0.9280
vn -0.3308 -0.2584 -0.9076
vn -0.2239 -0.0926 -0.9702
vn -0.2294 -0.1573 -0.9605
vn -0.2386 -0.2277 -0.9441
vn -0.2504 -0.2963 -0.9217
vn -0.1500 -0.1043 -0.9832
vn -0.1537 -0.1769 -0.9721
vn -0.1600 -0.2555 -0.9535
vn -0.1681 -0.3316 -0.9283
vn 0.3162 0.9487 -0.0000
vn 0.3162 -0.9487 -0.0000
vt -0.381000 -0.249364
vt 1.143000 -0.249364
vt -0.381000 -0.178117
vt 1.143000 -0.178117
vt -0.381000 -0.106870
vt 1.143000 -0.106870
vt -0.381000 -0.035623
vt 1.143000 -0.035623
vt -0.381000 0.035623
vt 1.143000 0.035623
vt -0.381000 0.106870
vt 1.143000 0.106870
vt -0.381000 0.178117
vt 1.143000 0.178117
vt -0.381000 0.249364
vt 1.143000 0.249364
vt 0.000000 0.444500
vt 1.524000 0.444500
vt 0.000000 0.635000
vt 1.524000 0.635000
vt -1.143000 -0.249364
vt 0.381000 -0.249364
vt -1.143000 -0.178117
vt 0.381000 -0.178117
vt -1.143000 -0.106870
vt 0.381000 -0.106870
vt -1.143000 -0.035623
vt 0.381000 -0.035623
vt -1.143000 0.035623
vt 0.381000 0.035623
vt -1.143000 0.106870
vt 0.381000 0.106870
vt -1.143000 0.178117
vt 0.381000 0.178117
vt -1.143000 0.249364
vt 0.381000 0.249364
vt -1.524000 0.317500
vt -0.000000 0.317500
vt -1.524000 0.635000
vt -0.317500 0.127000
vt 1.841500 0.127000
vt -0.246850 0.134960
vt 1.770850 0.134960
vt -0.179742 0.158442
vt 1.703742 0.158442
vt -0.119542 0.196269
vt 1.643542 0.196269
vt -0.069269 0.246542
vt 1.593269 0.246542
vt -0.031442 0.306742
vt 1.555442 0.306742
vt -0.007960 0.373850
vt 1.531960 0.373850
vt 0.762000 0.762000
vt -0.762000 0.762000
vt 0.762000 -0.762000
vt -0.762000 -0.762000
vt -1.841500 0.000000
vt 0.317500 -0.000000
vt -1.770850 0.007960
vt 0.246850 0.007960
vt -1.703742 0.031442
vt 0.179742 0.031442
vt -1.643542 0.069269
vt 0.119542 0.069269
vt -1.593269 0.119542
vt 0.069269 0.119542
vt -1.555442 0.179742
vt 0.031442 0.179742
vt -1.531960 0.246850
vt 0.007960 0.246850
vt -0.692809 -1.182508
vt -0.752314 -1.033229
vt -0.872853 -1.247985
vt -0.938985 -1.033229
vt -0.938985 -1.221089
vt -1.125656 -1.033229
vt -1.125656 -1.221089
vt -1.312327 -1.033229
vt -1.312327 -1.221089
vt -1.498998 -1.033229
vt -1.498998 -1.221089
vt -1.685670 -1.033229
vt -1.685670 -1.221089
vt -1.872341 -1.033229
vt -1.872341 -1.221089
vt -2.059012 -1.033229
vt -2.059012 -1.221089
vt -2.245683 -1.033229
vt -2.245683 -1.221089
vt -2.432354 -1.033229
vt -2.432354 -1.221089
vt -2.619025 -1.033229
vt -2.619025 -1.221089
vt -2.805696 -1.033229
vt -2.805696 -1.221089
vt -2.992367 -1.033229
vt -0.565643 -1.033229
vt -0.512053 -1.121600
vt -0.378972 -1.033229
vt -0.330813 -1.063807
vt -0.378972 -0.845369
vt -0.192301 -0.845369
vt -0.378972 -0.657509
vt -0.192301 -0.657509
vt -0.378972 -0.469650
vt -0.192301 -0.469650
vt -0.378972 -0.281790
vt -0.192301 -0.281790
vt -0.378972 -0.093930
vt -0.192301 -0.093930
vt -0.378972 0.093930
vt -0.192301 0.093930
vt -0.378972 0.281790
vt -0.192301 0.281790
vt -0.285404 0.378498
vt -0.192301 0.297217
vt -0.129545 0.426587
vt -0.005630 0.296830
vt -0.005630 0.469650
vt 0.181041 0.469650
vt 0.022329 0.485641
vt 0.169228 0.556005
vt 0.367712 0.469650
vt 0.310041 0.638211
vt 0.367712 0.657509
vt 0.443507 0.732913
vt 0.554383 0.657509
vt 0.568201 0.840796
vt 0.741054 0.657509
vt 0.741054 0.845369
vt 0.927725 0.657509
vt 0.927725 0.845369
vt 1.114396 0.657509
vt 1.114396 0.845369
vt 1.301068 0.657509
vt 1.301068 0.845369
vt 1.487739 0.657509
vt 1.487739 0.845369
vt 1.674410 0.657509
vt 1.674410 0.845369
vt 1.861081 0.657509
vt 1.861081 0.845369
vt 2.047752 0.657509
vt 2.047752 0.845369
vt 2.234423 0.657509
vt 2.234423 0.845369
vt 2.249683 0.619523
vt 2.354824 1.063173
vt -0.149278 -1.007918
vt -0.005630 -0.845369
vt -0.005630 -0.657509
vt -0.005630 -0.469650
vt -0.005630 -0.281790
vt -0.005630 -0.093930
vt -0.005630 0.093930
vt -0.005630 0.281790
vt 0.181041 0.296444
vt 0.032385 -0.952862
vt 0.181041 -0.845369
vt 0.181041 -0.657509
vt 0.181041 -0.469650
vt 0.181041 -0.281790
vt 0.181041 -0.093930
vt 0.181041 0.093930
vt 0.181041 0.281790
vt 0.367712 0.296058
vt 0.554383 0.469650
vt 0.214021 -0.897626
vt 0.367712 -0.845369
vt 0.367712 -0.657509
vt 0.367712 -0.469650
vt 0.367712 -0.281790
vt 0.367712 -0.093930
vt 0.367712 0.093930
vt 0.367712 0.281790
vt 0.554383 0.295671
vt 0.741054 0.469650
vt 0.395471 -0.841187
vt 0.554383 -0.657509
vt 0.576561 -0.782432
vt 0.741054 -0.657509
vt 0.757092 -0.720078
vt 0.936816 -0.652554
vt 0.927725 -0.469650
vt 1.115413 -0.577846
vt 1.114396 -0.469650
vt 1.292447 -0.493251
vt 1.301068 -0.469650
vt 1.467300 -0.395012
vt 1.301068 -0.281790
vt 1.487739 -0.281790
vt 1.301068 -0.093930
vt 1.487739 -0.093930
vt 1.301068 0.093930
vt 1.487739 0.093930
vt 1.301068 0.281790
vt 1.487739 0.281790
vt 1.487739 0.293739
vt 1.674410 0.293353
vt 1.674410 0.469650
vt 1.861081 0.469650
vt 1.639059 -0.277707
vt 1.674410 -0.093930
vt 1.806316 -0.133278
vt 1.674410 0.093930
vt 1.861081 0.093930
vt 1.674410 0.281790
vt 1.861081 0.281790
vt 1.861081 0.292967
vt 2.047752 0.292580
vt 2.047752 0.469650
vt 2.116752 0.292437
vt 1.966808 0.050534
vt 2.047752 0.281790
vt 2.416712 1.633178
vt 2.234423 1.408949
vt 2.234423 1.221089
vt 2.234423 1.033229
vt 2.047752 1.221089
vt 2.047752 1.033229
vt 1.861081 1.221089
vt 1.861081 1.033229
vt 1.674410 1.221089
vt 1.674410 1.033229
vt 1.487739 1.221089
vt 1.487739 1.033229
vt 1.301068 1.221089
vt 1.301068 1.033229
vt 1.114396 1.221089
vt 1.114396 1.033229
vt 0.927725 1.221089
vt 0.927725 1.033229
vt 0.784699 1.098229
vt 0.741054 1.033229
vt 0.682520 0.962455
vt 2.421094 2.269352
vt 2.234423 1.972528
vt 2.234423 1.784669
vt 2.234423 1.596809
vt 2.047752 1.784669
vt 2.047752 1.596809
vt 1.861081 1.784669
vt 1.861081 1.596809
vt 1.674410 1.784669
vt 1.674410 1.596809
vt 1.487739 1.784669
vt 1.487739 1.596809
vt 1.301068 1.784669
vt 1.301068 1.596809
vt 1.114396 1.784669
vt 1.114396 1.596809
vt 1.034690 1.768297
vt 0.999525 1.585239
vt 2.366761 2.854633
vt 2.234423 2.536108
vt 2.234423 2.348248
vt 2.234423 2.160388
vt 2.047752 2.348248
vt 2.047752 2.160388
vt 1.861081 2.348248
vt 1.861081 2.160388
vt 1.674410 2.348248
vt 1.674410 2.160388
vt 1.487739 2.348248
vt 1.487739 2.160388
vt 1.301068 2.348248
vt 1.301068 2.160388
vt 1.114396 2.348248
vt 1.114396 2.160388
vt 1.016679 2.331211
vt 1.043408 2.145533
vt 2.266795 3.316916
vt 2.234423 2.911828
vt 2.234423 2.723968
vt 2.047752 2.723968
vt 2.047752 2.536108
vt 1.861081 2.723968
vt 1.861081 2.536108
vt 1.674410 2.723968
vt 1.674410 2.536108
vt 1.487739 2.723968
vt 1.487739 2.536108
vt 1.301068 2.723968
vt 1.301068 2.536108
vt 1.114396 2.723968
vt 1.114396 2.536108
vt 0.927725 2.723968
vt 0.970138 2.509591
vt 0.905153 2.677557
vt 0.823446 2.832974
vt 0.927725 2.911828
vt 0.726909 2.974655
vt 0.927725 3.099687
vt 0.741054 3.099687
vt 0.741054 3.287547
vt 0.617452 3.102208
vt 0.554383 3.287547
vt 0.496899 3.215800
vt 0.366924 3.315942
vt 0.554383 3.475407
vt 0.367712 3.475407
vt 0.367712 3.663267
vt 0.181041 3.663267
vt 0.181041 3.851127
vt -0.005630 3.851127
vt -0.005630 4.038987
vt -0.192301 4.038987
vt -0.192301 4.226847
vt -0.378972 4.226847
vt -0.378972 4.414706
vt -0.565643 4.414706
vt -0.565643 4.602566
vt -0.752314 4.602566
vt -0.752314 4.790426
vt -0.938985 4.790426
vt -0.938985 4.978286
vt -1.125656 4.978286
vt -0.938985 5.165832
vt -1.125656 5.165861
vt -1.026280 5.301338
vt -1.204159 5.380596
vt 2.137069 3.658869
vt 2.234423 3.287547
vt 2.234423 3.099687
vt 2.047752 3.099687
vt 2.047752 2.911828
vt 1.861081 3.099687
vt 1.861081 2.911828
vt 1.674410 3.099687
vt 1.674410 2.911828
vt 1.487739 3.099687
vt 1.487739 2.911828
vt 1.301068 3.099687
vt 1.301068 2.911828
vt 1.114396 3.099687
vt 1.114396 2.911828
vt 1.989086 3.911130
vt 2.047752 3.663267
vt 2.047752 3.475407
vt 2.047752 3.287547
vt 1.861081 3.475407
vt 1.861081 3.287547
vt 1.674410 3.475407
vt 1.674410 3.287547
vt 1.487739 3.475407
vt 1.487739 3.287547
vt 1.301068 3.475407
vt 1.301068 3.287547
vt 1.114396 3.475407
vt 1.114396 3.287547
vt 0.927725 3.475407
vt 0.927725 3.287547
vt 0.741054 3.475407
vt 1.829828 4.101945
vt 1.861081 4.038987
vt 1.861081 3.851127
vt 1.861081 3.663267
vt 1.674410 3.851127
vt 1.674410 3.663267
vt 1.487739 3.851127
vt 1.487739 3.663267
vt 1.301068 3.851127
vt 1.301068 3.663267
vt 1.114396 3.851127
vt 1.114396 3.663267
vt 0.927725 3.851127
vt 0.927725 3.663267
vt 0.741054 3.851127
vt 0.741054 3.663267
vt 0.554383 3.851127
vt 0.554383 3.663267
vt 0.367712 3.851127
vt 1.663375 4.251148
vt 1.674410 4.226847
vt 1.674410 4.038987
vt 1.487739 4.226847
vt 1.492161 4.371771
vt 1.301068 4.226847
vt 1.317687 4.472364
vt 1.301068 4.414706
vt 1.140923 4.558654
vt 1.114396 4.414706
vt 0.962520 4.634595
vt 0.927725 4.414706
vt 0.927725 4.602566
vt 0.741054 4.602566
vt 0.782936 4.703013
vt 0.602504 4.766004
vt 0.554383 4.602566
vt 0.421481 4.825191
vt 0.367712 4.602566
vt 0.367712 4.790426
vt 0.181041 4.790426
vt 0.240072 4.881892
vt 0.058453 4.937236
vt -0.005630 4.790426
vt -0.123217 4.992256
vt -0.192301 4.790426
vt -0.192301 4.978286
vt -0.378972 4.978286
vt -0.304780 5.047961
vt -0.486073 5.105411
vt -0.565643 4.978286
vt -0.666911 5.165790
vt -0.752314 4.978286
vt -0.752314 5.165804
vt -0.847073 5.230510
vt -1.380194 5.471457
vt -1.312327 5.354006
vt -1.312327 5.165889
vt -1.312327 4.978286
vt -1.125656 4.790426
vt -0.938985 4.602566
vt -0.752314 4.414706
vt -0.565643 4.226847
vt -0.378972 4.038987
vt -0.192301 3.851127
vt -0.005630 3.663267
vt 0.084534 3.478550
vt 0.181041 3.475407
vt 0.229026 3.403299
vt -1.553639 5.578416
vt -1.498998 5.541865
vt -1.498998 5.354006
vt -1.498998 5.165918
vt -1.498998 4.978286
vt -1.312327 4.790426
vt -1.125656 4.602566
vt -0.938985 4.414706
vt -0.752314 4.226847
vt -0.565643 4.038987
vt -0.378972 3.851127
vt -0.192301 3.663267
vt -0.065383 3.542288
vt -1.685670 5.541865
vt -1.723366 5.708058
vt -1.872341 5.541865
vt -1.872341 5.729725
vt -2.059012 5.729725
vt -1.887598 5.870302
vt -2.059012 5.917585
vt -2.059012 -5.917585
vt -1.887598 -5.964868
vt -2.043422 -5.754850
vt -2.245683 -5.729725
vt -2.185898 -5.474258
vt -2.245683 -5.541865
vt -2.245683 -5.354006
vt -2.432354 -5.354006
vt -2.306607 -5.092468
vt -2.432354 -5.166146
vt -2.432354 -4.978286
vt -2.619025 -4.978286
vt -2.619025 -4.790426
vt -2.805696 -4.790426
vt -2.805696 -4.602566
vt -2.992367 -4.602566
vt -2.392231 -4.583563
vt -2.432354 -4.790426
vt -2.619025 -4.602566
vt -2.805696 -4.414706
vt -2.992367 -4.414706
vt -2.426586 -3.967510
vt -2.432354 -4.226847
vt -2.432354 -4.414706
vt -2.432354 -4.602566
vt -2.619025 -4.414706
vt -2.400665 -3.342643
vt -2.432354 -3.663267
vt -2.432354 -3.851127
vt -2.432354 -4.038987
vt -2.619025 -3.851127
vt -2.619025 -4.038987
vt -2.805696 -3.851127
vt -2.805696 -4.038987
vt -2.992367 -3.851127
vt -2.321423 -2.815347
vt -2.432354 -3.099687
vt -2.432354 -3.287547
vt -2.432354 -3.475407
vt -2.619025 -3.287547
vt -2.619025 -3.475407
vt -2.805696 -3.287547
vt -2.805696 -3.475407
vt -2.992367 -3.287547
vt -2.204810 -2.416435
vt -2.432354 -2.723968
vt -2.432354 -2.911828
vt -2.619025 -2.911828
vt -2.619025 -3.099687
vt -2.805696 -2.911828
vt -2.805696 -3.099687
vt -2.992367 -2.911828
vt -2.064836 -2.123334
vt -2.245683 -2.348248
vt -2.432354 -2.536108
vt -2.619025 -2.536108
vt -2.619025 -2.723968
vt -2.805696 -2.536108
vt -2.805696 -2.723968
vt -2.992367 -2.536108
vt -1.910561 -1.904796
vt -2.059012 -1.972528
vt -2.245683 -1.972528
vt -2.245683 -2.160388
vt -2.432354 -1.972528
vt -2.432354 -2.160388
vt -2.619025 -1.972528
vt -2.619025 -2.160388
vt -2.805696 -1.972528
vt -2.805696 -2.160388
vt -2.992367 -1.972528
vt -1.747321 -1.736782
vt -1.872341 -1.784669
vt -2.059012 -1.784669
vt -2.245683 -1.784669
vt -2.432354 -1.784669
vt -2.619025 -1.784669
vt -2.805696 -1.784669
vt -2.992367 -1.784669
vt -1.578253 -1.603170
vt -1.685670 -1.596809
vt -1.872341 -1.596809
vt -2.059012 -1.596809
vt -2.245683 -1.596809
vt -2.432354 -1.596809
vt -2.619025 -1.596809
vt -2.805696 -1.596809
vt -2.992367 -1.596809
vt -1.405261 -1.493423
vt -1.498998 -1.408949
vt -1.685670 -1.408949
vt -1.872341 -1.408949
vt -2.059012 -1.408949
vt -2.245683 -1.408949
vt -2.432354 -1.408949
vt -2.619025 -1.408949
vt -2.805696 -1.408949
vt -2.992367 -1.408949
vt -1.312327 -1.408949
vt -1.229545 -1.400568
vt -1.051894 -1.319864
vt 0.945066 1.410897
vt 0.872853 1.247985
vt -0.378972 0.297603
vt -0.444348 0.341273
vt -0.565643 0.281790
vt -0.565643 0.093930
vt -0.565643 -0.093930
vt -0.565643 -0.281790
vt -0.565643 -0.469650
vt -0.565643 -0.657509
vt -0.565643 -0.845369
vt -0.565643 0.297989
vt -0.605532 0.315113
vt -0.752314 0.281790
vt -0.752314 0.093930
vt -0.752314 -0.093930
vt -0.752314 -0.281790
vt -0.752314 -0.469650
vt -0.752314 -0.657509
vt -0.752314 -0.845369
vt -0.752314 0.298376
vt -0.768134 0.300590
vt -0.938985 0.281790
vt -0.938985 0.093930
vt -0.938985 -0.093930
vt -0.938985 -0.281790
vt -0.938985 -0.469650
vt -0.938985 -0.657509
vt -0.938985 -0.845369
vt -0.931306 0.298746
vt -1.094125 0.311231
vt -1.125656 0.281790
vt -1.255512 0.340496
vt -1.312327 0.281790
vt -1.414137 0.390073
vt -1.498998 0.281790
vt -1.568258 0.464939
vt -1.685670 0.281790
vt -1.685670 0.469650
vt -1.872341 0.469650
vt -1.715492 0.571942
vt -1.872341 0.657509
vt -1.852492 0.720089
vt -1.974514 0.920112
vt -2.075050 1.181907
vt -2.059012 1.033229
vt -2.059012 0.845369
vt -2.059012 0.657509
vt -2.245683 0.845369
vt -2.245683 0.657509
vt -2.432354 0.845369
vt -2.432354 0.657509
vt -2.619025 0.845369
vt -2.619025 0.657509
vt -2.805696 0.845369
vt -2.805696 0.657509
vt -2.992367 0.845369
vt -2.146013 1.507850
vt -2.245683 1.221089
vt -2.245683 1.033229
vt -2.179360 1.882806
vt -2.245683 1.596809
vt -2.245683 1.408949
vt -2.432354 1.408949
vt -2.432354 1.221089
vt -2.619025 1.408949
vt -2.619025 1.221089
vt -2.805696 1.408949
vt -2.805696 1.221089
vt -2.992367 1.408949
vt -2.170390 2.270579
vt -2.245683 2.160388
vt -2.245683 1.972528
vt -2.245683 1.784669
vt -2.432354 1.972528
vt -2.432354 1.784669
vt -2.619025 1.972528
vt -2.619025 1.784669
vt -2.805696 1.972528
vt -2.805696 1.784669
vt -2.992367 1.972528
vt -2.245683 2.348248
vt -2.120435 2.628303
vt -2.245683 2.536108
vt -2.245683 2.723968
vt -2.432354 2.723968
vt -2.432354 2.911828
vt -2.619025 2.911828
vt -2.619025 3.099687
vt -2.805696 3.099687
vt -2.805696 3.287547
vt -2.992367 3.287547
vt -2.059012 2.911828
vt -2.036042 2.927983
vt -2.059012 3.099687
vt -1.925595 3.162968
vt -2.059012 3.287547
vt -1.872341 3.287547
vt -2.059012 3.475407
vt -1.872341 3.475407
vt -2.059012 3.663267
vt -1.872341 3.663267
vt -2.059012 3.851127
vt -1.872341 3.851127
vt -2.059012 4.038987
vt -1.872341 4.038987
vt -2.059012 4.226847
vt -1.872341 4.226847
vt -2.059012 4.414706
vt -1.872341 4.414706
vt -2.059012 4.602566
vt -1.872341 4.602566
vt -2.059012 4.790426
vt -1.872341 4.790426
vt -2.059012 4.978286
vt -1.872341 4.978286
vt -1.872341 5.165975
vt -1.685670 5.165946
vt -1.685670 5.354006
vt -1.796614 3.339909
vt -1.685670 3.475407
vt -1.654840 3.469587
vt -1.685670 3.663267
vt -1.504377 3.562158
vt -1.498998 3.663267
vt -1.348123 3.625714
vt -1.312327 3.663267
vt -1.188157 3.666269
vt -1.312327 3.851127
vt -1.125656 3.851127
vt -1.312327 4.038987
vt -1.125656 4.038987
vt -1.312327 4.226847
vt -1.125656 4.226847
vt -1.312327 4.414706
vt -1.125656 4.414706
vt -1.312327 4.602566
vt -1.026025 3.688144
vt -0.938985 3.851127
vt -0.938985 4.038987
vt -0.938985 4.226847
vt -0.862938 3.694379
vt -0.752314 3.851127
vt -0.752314 4.038987
vt -0.699898 3.687062
vt -0.565643 3.851127
vt -0.537790 3.667567
vt -0.378972 3.663267
vt -0.377443 3.636725
vt -0.219687 3.594943
vt 1.114396 1.972528
vt 1.049477 1.956459
vt 1.114396 1.408949
vt -2.805696 5.917585
vt -2.992367 5.917585
vt -2.805696 5.729725
vt -2.992367 5.729725
vt -2.805696 5.541865
vt -2.992367 5.541865
vt -2.805696 5.354006
vt -2.992367 5.354006
vt -2.805696 5.166117
vt -2.805696 4.790426
vt -2.992367 4.790426
vt -2.805696 4.602566
vt -2.992367 4.602566
vt -2.805696 4.414706
vt -2.992367 4.414706
vt -2.805696 4.226847
vt -2.992367 4.226847
vt -2.805696 4.038987
vt -2.992367 4.038987
vt -2.805696 3.851127
vt -2.992367 3.851127
vt -2.805696 3.663267
vt -2.992367 3.663267
vt -2.805696 3.475407
vt -2.992367 3.475407
vt -2.992367 3.099687
vt -2.805696 2.911828
vt -2.992367 2.911828
vt -2.805696 2.723968
vt -2.992367 2.723968
vt -2.805696 2.536108
vt -2.992367 2.536108
vt -2.805696 2.348248
vt -2.992367 2.348248
vt -2.805696 2.160388
vt -2.992367 2.160388
vt -2.992367 1.784669
vt -2.805696 1.596809
vt -2.992367 1.596809
vt -2.992367 1.221089
vt -2.805696 1.033229
vt -2.992367 1.033229
vt -2.992367 0.657509
vt -2.805696 0.469650
vt -2.992367 0.469650
vt -2.805696 0.281790
vt -2.992367 0.281790
vt -2.805696 0.093930
vt -2.992367 0.093930
vt -2.805696 -0.093930
vt -2.992367 -0.093930
vt -2.805696 -0.281790
vt -2.992367 -0.281790
vt -2.805696 -0.469650
vt -2.992367 -0.469650
vt -2.805696 -0.657509
vt -2.992367 -0.657509
vt -2.805696 -0.845369
vt -2.992367 -0.845369
vt -2.992367 -1.221089
vt -2.992367 -2.160388
vt -2.805696 -2.348248
vt -2.992367 -2.348248
vt -2.992367 -2.723968
vt -2.992367 -3.099687
vt -2.992367 -3.475407
vt -2.805696 -3.663267
vt -2.992367 -3.663267
vt -2.992367 -4.038987
vt -2.805696 -4.226847
vt -2.992367 -4.226847
vt -2.992367 -4.790426
vt -2.805696 -4.978286
vt -2.992367 -4.978286
vt -2.805696 -5.166146
vt -2.992367 -5.166146
vt -2.805696 -5.354006
vt -2.992367 -5.354006
vt -2.805696 -5.541865
vt -2.992367 -5.541865
vt -2.805696 -5.729725
vt -2.992367 -5.729725
vt -2.805696 -5.917585
vt -2.245683 5.917585
vt -2.245683 5.729725
vt -2.059012 5.541865
vt -2.245683 5.541865
vt -2.059012 5.354006
vt -2.245683 5.354006
vt -2.245683 5.166032
vt -2.432354 5.166060
vt -2.432354 4.978286
vt -2.619025 4.978286
vt -2.432354 4.790426
vt -2.619025 4.790426
vt -2.432354 4.602566
vt -2.619025 4.602566
vt -2.432354 4.414706
vt -2.619025 4.414706
vt -2.432354 4.226847
vt -2.619025 4.226847
vt -2.432354 4.038987
vt -2.619025 4.038987
vt -2.432354 3.851127
vt -2.619025 3.851127
vt -2.432354 3.663267
vt -2.619025 3.663267
vt -2.432354 3.475407
vt -2.619025 3.475407
vt -2.432354 3.287547
vt -2.619025 3.287547
vt -2.432354 3.099687
vt -2.432354 5.917585
vt -2.432354 5.729725
vt -2.432354 5.541865
vt -2.432354 5.354006
vt -2.619025 5.166089
vt -2.805696 4.978286
vt -2.245683 -5.917585
vt -2.432354 -5.729725
vt -2.432354 -5.917585
vt -2.619025 -5.729725
vt -2.619025 -5.917585
vt -2.619025 5.917585
vt -2.619025 5.729725
vt -2.619025 5.541865
vt -2.619025 5.354006
vt -2.992367 4.978286
vt -2.619025 -4.226847
vt -2.619025 -3.663267
vt -2.432354 -2.348248
vt -2.619025 -2.348248
vt 2.047752 1.408949
vt 1.861081 1.408949
vt 1.674410 1.408949
vt 1.487739 1.408949
vt 1.301068 1.408949
vt -2.432354 1.596809
vt -2.619025 1.596809
vt 2.047752 1.972528
vt 1.861081 1.972528
vt 1.674410 1.972528
vt 1.487739 1.972528
vt 1.301068 1.972528
vt -1.125656 -0.845369
vt -1.125656 -0.657509
vt -1.125656 -0.469650
vt -1.125656 -0.281790
vt -1.125656 -0.093930
vt -1.125656 0.093930
vt -1.312327 -0.845369
vt -1.312327 -0.657509
vt -1.312327 -0.469650
vt -1.312327 -0.281790
vt -1.312327 -0.093930
vt -1.312327 0.093930
vt -1.498998 -0.845369
vt -1.498998 -0.657509
vt -1.498998 -0.469650
vt -1.498998 -0.281790
vt -1.498998 -0.093930
vt -1.498998 0.093930
vt -1.685670 -0.845369
vt -1.685670 -0.657509
vt -1.685670 -0.469650
vt -1.685670 -0.281790
vt -1.685670 -0.093930
vt -1.685670 0.093930
vt -1.872341 -0.845369
vt -1.872341 -0.657509
vt -1.872341 -0.469650
vt -1.872341 -0.281790
vt -1.872341 -0.093930
vt -1.872341 0.093930
vt -1.872341 0.281790
vt -2.059012 -0.845369
vt -2.059012 -0.657509
vt -2.059012 -0.469650
vt -2.059012 -0.281790
vt -2.059012 -0.093930
vt -2.059012 0.093930
vt -2.059012 0.281790
vt -2.059012 0.469650
vt -2.245683 -0.845369
vt -2.245683 -0.657509
vt -2.245683 -0.469650
vt -2.245683 -0.281790
vt -2.245683 -0.093930
vt -2.245683 0.093930
vt -2.245683 0.281790
vt -2.245683 0.469650
vt -2.432354 -0.845369
vt -2.432354 -0.657509
vt -2.432354 -0.469650
vt -2.432354 -0.281790
vt -2.432354 -0.093930
vt -2.432354 0.093930
vt -2.432354 0.281790
vt -2.432354 0.469650
vt -2.619025 -0.845369
vt -2.619025 -0.657509
vt -2.619025 -0.469650
vt -2.619025 -0.281790
vt -2.619025 -0.093930
vt -2.619025 0.093930
vt -2.619025 0.281790
vt -2.619025 0.469650
vt 0.554383 -0.469650
vt 0.741054 -0.469650
vt 0.554383 -0.281790
vt 0.741054 -0.281790
vt 0.554383 -0.093930
vt 0.741054 -0.093930
vt 0.554383 0.093930
vt 0.741054 0.093930
vt 0.554383 0.281790
vt 0.741054 0.281790
vt 0.741054 0.295285
vt 0.927725 0.294898
vt 0.927725 0.469650
vt 1.114396 0.469650
vt 1.114396 -0.281790
vt 1.114396 -0.093930
vt 1.114396 0.093930
vt 1.114396 0.281790
vt 1.301068 0.294126
vt 1.487739 0.469650
vt 0.927725 -0.281790
vt 0.927725 -0.093930
vt 0.927725 0.093930
vt 0.927725 0.281790
vt 1.114396 0.294512
vt 1.301068 0.469650
vt -2.245683 3.851127
vt -2.245683 4.038987
vt -2.245683 4.226847
vt -2.245683 4.414706
vt -2.245683 4.602566
vt -2.245683 4.790426
vt -2.245683 4.978286
vt -2.059012 5.166003
vt -1.872341 5.354006
vt -2.245683 3.663267
vt -2.245683 3.475407
vt -2.245683 3.287547
vt -2.245683 3.099687
vt -2.245683 2.911828
vt -1.685670 3.851127
vt -1.685670 4.038987
vt -1.685670 4.226847
vt -1.685670 4.414706
vt -1.685670 4.602566
vt -1.685670 4.790426
vt -1.685670 4.978286
vt -1.498998 3.851127
vt -1.498998 4.038987
vt -1.498998 4.226847
vt -1.498998 4.414706
vt -1.498998 4.602566
vt -1.498998 4.790426
vt 0.181041 4.038987
vt 0.367712 4.038987
vt 0.181041 4.226847
vt 0.367712 4.226847
vt 0.181041 4.414706
vt 0.367712 4.414706
vt 0.181041 4.602566
vt 0.554383 4.038987
vt 0.554383 4.226847
vt 0.554383 4.414706
vt 0.741054 4.038987
vt 0.741054 4.226847
vt 0.741054 4.414706
vt 0.927725 4.038987
vt 0.927725 4.226847
vt 1.114396 4.038987
vt 1.114396 4.226847
vt 1.301068 4.038987
vt 1.487739 4.038987
vt -0.005630 4.226847
vt -0.192301 4.414706
vt -0.378972 4.602566
vt -0.565643 4.790426
vt -0.005630 4.414706
vt -0.005630 4.602566
vt -0.192301 4.602566
vt -0.378972 4.790426
vt -2.432354 -5.541865
vt -2.619025 -5.541865
vt -2.619025 -5.354006
vt -2.619025 -5.166146
vt -2.432354 1.033229
vt -2.619025 1.033229
vt -2.432354 2.160388
vt -2.432354 2.348248
vt -2.432354 2.536108
vt -2.619025 2.160388
vt -2.619025 2.348248
vt -2.619025 2.536108
vt -2.619025 2.723968
vt -0.000000 0.189992
vt -0.399700 0.094996
vt -0.000000 0.000000
vt -0.399700 -0.094996
vt -0.000000 -0.189992
vt -0.399700 -0.284987
vt -0.000000 -0.379983
vt -0.399700 -0.474979
vt -0.000000 -0.569975
vt -0.399700 -0.664970
vt -0.000000 -0.759966
vt -0.399700 -0.854962
vt -0.000000 -0.949958
vt -0.399700 -1.044954
vt -0.000000 -1.139949
vt -0.399700 -1.234945
vt -0.000000 -1.329941
vt -0.399700 -1.424937
vt -0.000000 -1.519932
vt -0.399700 -1.614928
vt -0.000000 -1.709924
vt -0.399700 -1.804920
vt -0.000000 -1.899916
vt -0.399700 -1.994911
vt -0.000000 -2.089907
vt -0.399700 -2.184903
vt -0.000000 -2.279899
vt -0.399700 -2.374894
vt -0.000000 -2.469890
vt -0.399700 -2.564886
vt -0.000000 -2.659882
vt -0.399700 -2.754878
vt -0.000000 -2.849873
vt -0.399700 -2.944869
vt -0.000000 -3.039865
vt -0.399700 -3.134861
vt -0.000000 -3.229856
vt -0.399700 -3.324852
vt -0.000000 -3.419848
vt -0.399700 -3.514844
vt -0.000000 -3.609840
vt -0.399700 -3.704835
vt -0.000000 -3.799831
vt -0.399700 -3.894827
vt -0.000000 -3.989823
vt -0.399700 -4.084818
vt -0.000000 -4.179814
vt -0.399700 -4.274810
vt -0.000000 -4.369806
vt -0.399700 -4.464802
vt -0.000000 -4.559797
vt -0.399700 -4.654793
vt -0.000000 -4.749789
vt -0.399700 -4.844785
vt -0.000000 -4.939780
vt -0.399700 -5.034776
vt -0.000000 -5.129772
vt -0.399700 -5.224768
vt -0.000000 -5.319764
vt -0.399700 -5.414759
vt -0.000000 -5.509755
vt -0.399700 -5.604751
vt -0.000000 -5.699747
vt -0.399700 -5.794742
vt -0.000000 -5.889738
vt -0.399700 -5.984734
vt 0.000000 -6.079730
vt -0.000000 5.889738
vt -0.399700 5.984734
vt -0.399700 5.794742
vt -0.000000 5.699747
vt -0.399700 5.604751
vt -0.000000 5.509755
vt -0.399700 5.414759
vt -0.000000 5.319764
vt -0.399700 5.224768
vt -0.000000 5.129772
vt -0.399700 5.034776
vt -0.000000 4.939780
vt -0.399700 4.844785
vt -0.000000 4.749789
vt -0.399700 4.654793
vt -0.000000 4.559797
vt -0.399700 4.464802
vt -0.000000 4.369806
vt -0.399700 4.274810
vt -0.000000 4.179814
vt -0.399700 4.084818
vt -0.000000 3.989823
vt -0.399700 3.894827
vt -0.000000 3.799831
vt -0.399700 3.704835
vt -0.000000 3.609840
vt -0.399700 3.514844
vt -0.000000 3.419848
vt -0.399700 3.324852
vt -0.000000 3.229856
vt -0.399700 3.134861
vt -0.000000 3.039865
vt -0.399700 2.944869
vt -0.000000 2.849873
vt -0.399700 2.754878
vt -0.000000 2.659882
vt -0.399700 2.564886
vt -0.000000 2.469890
vt -0.399700 2.374894
vt -0.000000 2.279899
vt -0.399700 2.184903
vt -0.000000 2.089907
vt -0.399700 1.994911
vt -0.000000 1.899916
vt -0.399700 1.804920
vt -0.000000 1.709924
vt -0.399700 1.614928
vt -0.000000 1.519932
vt -0.399700 1.424937
vt -0.000000 1.329941
vt -0.399700 1.234945
vt -0.000000 1.139949
vt -0.399700 1.044954
vt -0.000000 0.949958
vt -0.399700 0.854962
vt -0.000000 0.759966
vt -0.399700 0.664970
vt -0.000000 0.569975
vt -0.399700 0.474979
vt -0.000000 0.379983
vt -0.399700 0.284987
vt 4.607925 3.256026
vt 4.780026 3.310634
vt 4.607925 3.378895
vt 4.780026 3.378895
vt 4.607925 -3.378895
vt 4.780026 -3.378895
vt 4.780026 -3.310634
vt 4.952127 -3.378895
vt 4.952127 -3.310634
vt 5.124229 -3.378895
vt 5.124229 -3.310634
vt 5.296330 -3.378895
vt 5.296330 -3.310634
vt 5.468431 -3.378895
vt 5.468431 -3.310634
vt 5.640532 -3.378895
vt 5.640532 -3.310634
vt 5.812633 -3.378895
vt 5.812633 -3.310634
vt 5.984734 -3.378895
vt 5.984734 -3.228722
vt 4.780026 3.242374
vt 4.607925 3.133157
vt 4.780026 3.174113
vt 4.780026 3.105853
vt 4.952127 3.105853
vt 4.952127 3.037592
vt 5.124229 3.037592
vt 5.124229 2.969332
vt 5.296330 2.969332
vt 5.296330 2.901071
vt 5.468431 2.901071
vt 5.468431 2.832811
vt 5.640532 2.832811
vt 5.640532 2.764550
vt 5.812633 2.764550
vt 5.812633 2.696290
vt 5.984734 2.778203
vt 5.984734 2.628029
vt 5.812633 2.628029
vt 5.812633 2.559769
vt 5.640532 2.628029
vt 5.640532 2.559769
vt 5.468431 2.628029
vt 5.468431 2.559769
vt 5.296330 2.628029
vt 5.296330 2.559769
vt 5.124229 2.628029
vt 5.124229 2.559769
vt 4.952127 2.628029
vt 4.952127 2.559769
vt 4.780026 2.628029
vt 4.780026 2.559769
vt 4.607925 2.518813
vt 4.780026 2.491508
vt 4.607925 2.395944
vt 4.780026 2.423248
vt 4.780026 2.354987
vt 4.952127 2.354987
vt 4.952127 2.286727
vt 5.124229 2.286727
vt 5.124229 2.218466
vt 5.296330 2.218466
vt 5.296330 2.150206
vt 5.468431 2.150206
vt 5.468431 2.081945
vt 5.640532 2.081945
vt 5.640532 2.013685
vt 5.812633 2.013685
vt 5.812633 1.945424
vt 5.984734 2.027337
vt 5.984734 1.877164
vt 5.812633 1.877164
vt 5.812633 1.808903
vt 5.640532 1.877164
vt 5.640532 1.808903
vt 5.468431 1.877164
vt 5.468431 1.808903
vt 5.296330 1.877164
vt 5.296330 1.808903
vt 5.124229 1.877164
vt 5.124229 1.808903
vt 4.952127 1.877164
vt 4.952127 1.808903
vt 4.780026 1.877164
vt 4.780026 1.808903
vt 4.607925 1.781599
vt 4.780026 1.740643
vt 4.607925 1.658730
vt 4.780026 1.672382
vt 4.780026 1.604122
vt 4.952127 1.604122
vt 4.952127 1.535861
vt 5.124229 1.535861
vt 5.124229 1.467601
vt 5.296330 1.467601
vt 5.296330 1.399340
vt 5.468431 1.399340
vt 5.468431 1.331080
vt 5.640532 1.331080
vt 5.640532 1.262819
vt 5.812633 1.262819
vt 5.812633 1.194559
vt 5.984734 1.276471
vt 5.984734 1.126298
vt 5.812633 1.126298
vt 5.812633 1.058038
vt 5.640532 1.126298
vt 5.640532 1.058038
vt 5.468431 1.126298
vt 5.468431 1.058038
vt 5.296330 1.126298
vt 5.296330 1.058038
vt 5.124229 1.126298
vt 5.124229 1.058038
vt 4.952127 1.126298
vt 4.952127 1.058038
vt 4.780026 1.126298
vt 4.780026 1.058038
vt 4.607925 1.044386
vt 4.780026 0.989777
vt 4.607925 0.921517
vt 4.780026 0.921517
vt 4.780026 0.853256
vt 4.952127 0.853256
vt 4.952127 0.784996
vt 5.124229 0.784996
vt 5.124229 0.716735
vt 5.296330 0.716735
vt 5.296330 0.648475
vt 5.468431 0.648475
vt 5.468431 0.580214
vt 5.640532 0.580214
vt 5.640532 0.511954
vt 5.812633 0.511954
vt 5.812633 0.443693
vt 5.984734 0.525606
vt 5.984734 0.375433
vt 5.812633 0.375433
vt 5.812633 0.307172
vt 5.640532 0.375433
vt 5.640532 0.307172
vt 5.468431 0.375433
vt 5.468431 0.307172
vt 5.296330 0.375433
vt 5.296330 0.307172
vt 5.124229 0.375433
vt 5.124229 0.307172
vt 4.952127 0.375433
vt 4.952127 0.307172
vt 4.780026 0.375433
vt 4.780026 0.307172
vt 4.607925 0.307172
vt 4.780026 0.238912
vt 4.607925 0.184303
vt 4.780026 0.170651
vt 4.607925 0.061434
vt 4.780026 0.102391
vt 4.780026 0.034130
vt 4.952127 0.034130
vt 4.952127 -0.034130
vt 5.124229 -0.034130
vt 5.124229 -0.102391
vt 5.296330 -0.102391
vt 5.296330 -0.170651
vt 5.468431 -0.170651
vt 5.468431 -0.238912
vt 5.640532 -0.238912
vt 5.640532 -0.307172
vt 5.812633 -0.307172
vt 5.812633 -0.375433
vt 5.984734 -0.375433
vt 5.812633 -0.443693
vt 5.812633 -0.511954
vt 5.640532 -0.443693
vt 5.640532 -0.511954
vt 5.468431 -0.443693
vt 5.468431 -0.511954
vt 5.296330 -0.443693
vt 5.296330 -0.511954
vt 5.124229 -0.443693
vt 5.124229 -0.511954
vt 4.952127 -0.443693
vt 4.952127 -0.511954
vt 4.780026 -0.443693
vt 4.780026 -0.511954
vt 4.607925 -0.552910
vt 4.780026 -0.580214
vt 4.607925 -0.675779
vt 4.780026 -0.648475
vt 4.780026 -0.716735
vt 4.952127 -0.716735
vt 4.952127 -0.784996
vt 5.124229 -0.784996
vt 5.124229 -0.853256
vt 5.296330 -0.853256
vt 5.296330 -0.921517
vt 5.468431 -0.921517
vt 5.468431 -0.989777
vt 5.640532 -0.989777
vt 5.640532 -1.058038
vt 5.812633 -1.058038
vt 5.812633 -1.126298
vt 5.984734 -1.126298
vt 5.812633 -1.194559
vt 5.812633 -1.262819
vt 5.640532 -1.194559
vt 5.640532 -1.262819
vt 5.468431 -1.194559
vt 5.468431 -1.262819
vt 5.296330 -1.194559
vt 5.296330 -1.262819
vt 5.124229 -1.194559
vt 5.124229 -1.262819
vt 4.952127 -1.194559
vt 4.952127 -1.262819
vt 4.780026 -1.194559
vt 4.780026 -1.262819
vt 4.607925 -1.290124
vt 4.780026 -1.331080
vt 4.607925 -1.412992
vt 4.780026 -1.399340
vt 4.780026 -1.467601
vt 4.952127 -1.467601
vt 4.952127 -1.535861
vt 5.124229 -1.535861
vt 5.124229 -1.604122
vt 5.296330 -1.604122
vt 5.296330 -1.672382
vt 5.468431 -1.672382
vt 5.468431 -1.740643
vt 5.640532 -1.740643
vt 5.640532 -1.808903
vt 5.812633 -1.808903
vt 5.812633 -1.877164
vt 5.984734 -1.877164
vt 5.812633 -1.945424
vt 5.812633 -2.013685
vt 5.640532 -1.945424
vt 5.640532 -2.013685
vt 5.468431 -1.945424
vt 5.468431 -2.013685
vt 5.296330 -1.945424
vt 5.296330 -2.013685
vt 5.124229 -1.945424
vt 5.124229 -2.013685
vt 4.952127 -1.945424
vt 4.952127 -2.013685
vt 4.780026 -1.945424
vt 4.780026 -2.013685
vt 4.607925 -2.027337
vt 4.780026 -2.081945
vt 4.607925 -2.150206
vt 4.780026 -2.150206
vt 4.780026 -2.218466
vt 4.952127 -2.218466
vt 4.952127 -2.286727
vt 5.124229 -2.286727
vt 5.124229 -2.354987
vt 5.296330 -2.354987
vt 5.296330 -2.423248
vt 5.468431 -2.423248
vt 5.468431 -2.491508
vt 5.640532 -2.491508
vt 5.640532 -2.559769
vt 5.812633 -2.559769
vt 5.812633 -2.628029
vt 5.984734 -2.628029
vt 5.812633 -2.696290
vt 5.812633 -2.764550
vt 5.640532 -2.696290
vt 5.640532 -2.764550
vt 5.468431 -2.696290
vt 5.468431 -2.764550
vt 5.296330 -2.696290
vt 5.296330 -2.764550
vt 5.124229 -2.696290
vt 5.124229 -2.764550
vt 4.952127 -2.696290
vt 4.952127 -2.764550
vt 4.780026 -2.696290
vt 4.780026 -2.764550
vt 4.607925 -2.764550
vt 4.780026 -2.832811
vt 4.607925 -2.887419
vt 4.780026 -2.901071
vt 4.607925 -3.010288
vt 4.780026 -2.969332
vt 4.780026 -3.037592
vt 4.952127 -3.037592
vt 4.952127 -3.105853
vt 5.124229 -3.105853
vt 5.124229 -3.174113
vt 5.296330 -3.174113
vt 5.296330 -3.242374
vt 5.468431 -3.242374
vt 4.607925 3.010288
vt 4.780026 3.037592
vt 4.952127 2.969332
vt 5.124229 2.901071
vt 5.296330 2.832811
vt 5.468431 2.764550
vt 5.640532 2.696290
vt 4.780026 2.969332
vt 4.607925 2.887419
vt 4.780026 2.901071
vt 4.780026 2.832811
vt 4.952127 2.832811
vt 4.952127 2.764550
vt 5.124229 2.764550
vt 5.124229 2.696290
vt 5.296330 2.696290
vt 4.607925 2.764550
vt 4.780026 2.764550
vt 4.952127 2.696290
vt 4.780026 2.696290
vt 4.607925 2.641682
vt 4.607925 2.273075
vt 4.780026 2.286727
vt 4.952127 2.218466
vt 5.124229 2.150206
vt 5.296330 2.081945
vt 5.468431 2.013685
vt 5.640532 1.945424
vt 4.780026 2.218466
vt 4.607925 2.150206
vt 4.780026 2.150206
vt 4.780026 2.081945
vt 4.952127 2.081945
vt 4.952127 2.013685
vt 5.124229 2.013685
vt 5.124229 1.945424
vt 5.296330 1.945424
vt 4.607925 2.027337
vt 4.780026 2.013685
vt 4.952127 1.945424
vt 4.607925 1.904468
vt 4.780026 1.945424
vt 4.607925 1.535861
vt 4.780026 1.535861
vt 4.952127 1.467601
vt 5.124229 1.399340
vt 5.296330 1.331080
vt 5.468431 1.262819
vt 5.640532 1.194559
vt 4.780026 1.467601
vt 4.607925 1.412992
vt 4.780026 1.399340
vt 4.607925 1.290124
vt 4.780026 1.331080
vt 4.780026 1.262819
vt 4.952127 1.262819
vt 4.952127 1.194559
vt 5.124229 1.194559
vt 4.607925 1.167255
vt 4.780026 1.194559
vt 4.607925 0.798648
vt 4.780026 0.784996
vt 4.952127 0.716735
vt 5.124229 0.648475
vt 5.296330 0.580214
vt 5.468431 0.511954
vt 5.640532 0.443693
vt 4.607925 0.675779
vt 4.780026 0.716735
vt 4.952127 0.648475
vt 5.124229 0.580214
vt 5.296330 0.511954
vt 5.468431 0.443693
vt 4.780026 0.648475
vt 4.607925 0.552910
vt 4.780026 0.580214
vt 4.780026 0.511954
vt 4.952127 0.511954
vt 4.952127 0.443693
vt 5.124229 0.443693
vt 4.607925 0.430041
vt 4.780026 0.443693
vt 4.607925 -0.061434
vt 4.780026 -0.034130
vt 4.952127 -0.102391
vt 5.124229 -0.170651
vt 5.296330 -0.238912
vt 5.468431 -0.307172
vt 5.640532 -0.375433
vt 4.780026 -0.102391
vt 4.607925 -0.184303
vt 4.780026 -0.170651
vt 4.780026 -0.238912
vt 4.952127 -0.238912
vt 4.952127 -0.307172
vt 5.124229 -0.307172
vt 5.124229 -0.375433
vt 5.296330 -0.375433
vt 4.607925 -0.307172
vt 4.780026 -0.307172
vt 4.952127 -0.375433
vt 4.780026 -0.375433
vt 4.607925 -0.430041
vt 4.607925 -0.798648
vt 4.780026 -0.784996
vt 4.952127 -0.853256
vt 5.124229 -0.921517
vt 5.296330 -0.989777
vt 5.468431 -1.058038
vt 5.640532 -1.126298
vt 4.780026 -0.853256
vt 4.607925 -0.921517
vt 4.780026 -0.921517
vt 4.780026 -0.989777
vt 4.952127 -0.989777
vt 4.952127 -1.058038
vt 5.124229 -1.058038
vt 5.124229 -1.126298
vt 5.296330 -1.126298
vt 4.607925 -1.044386
vt 4.780026 -1.058038
vt 4.952127 -1.126298
vt 4.607925 -1.167255
vt 4.780026 -1.126298
vt 4.607925 -1.535861
vt 4.780026 -1.535861
vt 4.952127 -1.604122
vt 5.124229 -1.672382
vt 5.296330 -1.740643
vt 5.468431 -1.808903
vt 5.640532 -1.877164
vt 4.780026 -1.604122
vt 4.607925 -1.658730
vt 4.780026 -1.672382
vt 4.607925 -1.781599
vt 4.780026 -1.740643
vt 4.780026 -1.808903
vt 4.952127 -1.808903
vt 4.952127 -1.877164
vt 5.124229 -1.877164
vt 4.607925 -1.904468
vt 4.780026 -1.877164
vt 4.607925 -2.273075
vt 4.780026 -2.286727
vt 4.952127 -2.354987
vt 5.124229 -2.423248
vt 5.296330 -2.491508
vt 5.468431 -2.559769
vt 5.640532 -2.628029
vt 4.607925 -2.395944
vt 4.780026 -2.354987
vt 4.952127 -2.423248
vt 5.124229 -2.491508
vt 5.296330 -2.559769
vt 5.468431 -2.628029
vt 4.780026 -2.423248
vt 4.607925 -2.518813
vt 4.780026 -2.491508
vt 4.780026 -2.559769
vt 4.952127 -2.559769
vt 4.952127 -2.628029
vt 5.124229 -2.628029
vt 4.607925 -2.641682
vt 4.780026 -2.628029
vt 4.607925 -3.133157
vt 4.780026 -3.105853
vt 4.952127 -3.174113
vt 5.124229 -3.242374
vt 4.780026 -3.174113
vt 4.607925 -3.256026
vt 4.780026 -3.242374
vt 5.984734 -3.078549
vt 5.812633 -3.174113
vt 5.812633 -3.242374
vt 5.640532 -3.242374
vt 5.984734 -2.928376
vt 5.812633 -3.037592
vt 5.812633 -3.105853
vt 5.640532 -3.105853
vt 5.640532 -3.174113
vt 5.468431 -3.105853
vt 5.468431 -3.174113
vt 5.296330 -3.105853
vt 5.984734 -2.778203
vt 5.812633 -2.901071
vt 5.812633 -2.969332
vt 5.640532 -2.969332
vt 5.640532 -3.037592
vt 5.468431 -2.969332
vt 5.468431 -3.037592
vt 5.296330 -2.969332
vt 5.296330 -3.037592
vt 5.124229 -2.969332
vt 5.124229 -3.037592
vt 4.952127 -2.969332
vt 5.812633 -2.832811
vt 5.640532 -2.832811
vt 5.640532 -2.901071
vt 5.468431 -2.832811
vt 5.468431 -2.901071
vt 5.296330 -2.832811
vt 5.296330 -2.901071
vt 5.124229 -2.832811
vt 5.124229 -2.901071
vt 4.952127 -2.832811
vt 4.952127 -2.901071
vt 5.984734 -2.477856
vt 5.812633 -2.491508
vt 5.640532 -2.423248
vt 5.468431 -2.354987
vt 5.296330 -2.286727
vt 5.124229 -2.218466
vt 4.952127 -2.150206
vt 5.812633 -2.423248
vt 5.984734 -2.327683
vt 5.812633 -2.354987
vt 5.812633 -2.286727
vt 5.640532 -2.286727
vt 5.640532 -2.218466
vt 5.468431 -2.218466
vt 5.468431 -2.150206
vt 5.296330 -2.150206
vt 5.296330 -2.081945
vt 5.124229 -2.081945
vt 5.984734 -2.177510
vt 5.812633 -2.218466
vt 5.640532 -2.150206
vt 5.468431 -2.081945
vt 5.812633 -2.150206
vt 5.984734 -2.027337
vt 5.812633 -2.081945
vt 5.984734 -1.726991
vt 5.812633 -1.740643
vt 5.640532 -1.672382
vt 5.468431 -1.604122
vt 5.296330 -1.535861
vt 5.124229 -1.467601
vt 4.952127 -1.399340
vt 5.812633 -1.672382
vt 5.984734 -1.576818
vt 5.812633 -1.604122
vt 5.812633 -1.535861
vt 5.640532 -1.535861
vt 5.640532 -1.467601
vt 5.468431 -1.467601
vt 5.468431 -1.399340
vt 5.296330 -1.399340
vt 5.296330 -1.331080
vt 5.124229 -1.331080
vt 5.984734 -1.426645
vt 5.812633 -1.467601
vt 5.640532 -1.399340
vt 5.468431 -1.331080
vt 5.812633 -1.399340
vt 5.984734 -1.276471
vt 5.812633 -1.331080
vt 5.984734 -0.976125
vt 5.812633 -0.989777
vt 5.640532 -0.921517
vt 5.468431 -0.853256
vt 5.296330 -0.784996
vt 5.124229 -0.716735
vt 4.952127 -0.648475
vt 5.812633 -0.921517
vt 5.984734 -0.825952
vt 5.812633 -0.853256
vt 5.812633 -0.784996
vt 5.640532 -0.784996
vt 5.640532 -0.716735
vt 5.468431 -0.716735
vt 5.468431 -0.648475
vt 5.296330 -0.648475
vt 5.296330 -0.580214
vt 5.124229 -0.580214
vt 5.984734 -0.675779
vt 5.812633 -0.716735
vt 5.640532 -0.648475
vt 5.468431 -0.580214
vt 5.812633 -0.648475
vt 5.984734 -0.525606
vt 5.812633 -0.580214
vt 5.984734 -0.225260
vt 5.812633 -0.238912
vt 5.640532 -0.170651
vt 5.468431 -0.102391
vt 5.296330 -0.034130
vt 5.124229 0.034130
vt 4.952127 0.102391
vt 5.812633 -0.170651
vt 5.984734 -0.075087
vt 5.812633 -0.102391
vt 5.812633 -0.034130
vt 5.640532 -0.034130
vt 5.640532 0.034130
vt 5.468431 0.034130
vt 5.468431 0.102391
vt 5.296330 0.102391
vt 5.296330 0.170651
vt 5.124229 0.170651
vt 5.124229 0.238912
vt 4.952127 0.238912
vt 5.984734 0.075087
vt 5.812633 0.034130
vt 5.640532 0.102391
vt 5.468431 0.170651
vt 5.296330 0.238912
vt 5.812633 0.102391
vt 5.984734 0.225260
vt 5.812633 0.170651
vt 5.812633 0.238912
vt 5.640532 0.238912
vt 5.812633 0.580214
vt 5.984734 0.675779
vt 5.812633 0.648475
vt 5.812633 0.716735
vt 5.640532 0.716735
vt 5.640532 0.784996
vt 5.468431 0.784996
vt 5.468431 0.853256
vt 5.296330 0.853256
vt 5.296330 0.921517
vt 5.124229 0.921517
vt 5.124229 0.989777
vt 4.952127 0.989777
vt 5.984734 0.825952
vt 5.812633 0.784996
vt 5.640532 0.853256
vt 5.468431 0.921517
vt 5.296330 0.989777
vt 5.812633 0.853256
vt 5.984734 0.976125
vt 5.812633 0.921517
vt 5.812633 0.989777
vt 5.640532 0.989777
vt 5.812633 1.331080
vt 5.984734 1.426645
vt 5.812633 1.399340
vt 5.812633 1.467601
vt 5.640532 1.467601
vt 5.640532 1.535861
vt 5.468431 1.535861
vt 5.468431 1.604122
vt 5.296330 1.604122
vt 5.296330 1.672382
vt 5.124229 1.672382
vt 5.124229 1.740643
vt 4.952127 1.740643
vt 5.984734 1.576818
vt 5.812633 1.535861
vt 5.640532 1.604122
vt 5.468431 1.672382
vt 5.296330 1.740643
vt 5.812633 1.604122
vt 5.984734 1.726991
vt 5.812633 1.672382
vt 5.812633 1.740643
vt 5.640532 1.740643
vt 5.812633 2.081945
vt 5.984734 2.177510
vt 5.812633 2.150206
vt 5.812633 2.218466
vt 5.640532 2.218466
vt 5.640532 2.286727
vt 5.468431 2.286727
vt 5.468431 2.354987
vt 5.296330 2.354987
vt 5.296330 2.423248
vt 5.124229 2.423248
vt 5.124229 2.491508
vt 4.952127 2.491508
vt 5.984734 2.327683
vt 5.812633 2.286727
vt 5.640532 2.354987
vt 5.468431 2.423248
vt 5.296330 2.491508
vt 5.812633 2.354987
vt 5.984734 2.477856
vt 5.812633 2.423248
vt 5.812633 2.491508
vt 5.640532 2.491508
vt 5.812633 2.832811
vt 5.984734 2.928376
vt 5.812633 2.901071
vt 5.812633 2.969332
vt 5.640532 2.969332
vt 5.640532 3.037592
vt 5.468431 3.037592
vt 5.468431 3.105853
vt 5.296330 3.105853
vt 5.296330 3.174113
vt 5.124229 3.174113
vt 5.124229 3.242374
vt 4.952127 3.242374
vt 4.952127 3.310634
vt 5.984734 3.078549
vt 5.812633 3.037592
vt 5.640532 3.105853
vt 5.468431 3.174113
vt 5.296330 3.242374
vt 5.124229 3.310634
vt 4.952127 3.378895
vt 5.812633 3.105853
vt 5.984734 3.228722
vt 5.812633 3.174113
vt 5.812633 3.242374
vt 5.640532 3.242374
vt 5.640532 3.310634
vt 5.468431 3.310634
vt 5.468431 3.378895
vt 5.296330 3.378895
vt 5.984734 3.378895
vt 5.812633 3.310634
vt 5.640532 3.378895
vt 5.812633 3.378895
vt 5.124229 3.378895
vt 5.296330 3.310634
vt 5.468431 3.242374
vt 4.952127 3.174113
vt 5.124229 3.105853
vt 5.296330 3.037592
vt 5.468431 2.969332
vt 5.640532 2.901071
vt 5.640532 3.174113
vt 4.952127 2.901071
vt 5.124229 2.832811
vt 5.296330 2.764550
vt 5.468431 2.696290
vt 4.952127 2.423248
vt 5.124229 2.354987
vt 5.296330 2.286727
vt 5.468431 2.218466
vt 5.640532 2.150206
vt 5.468431 2.491508
vt 5.640532 2.423248
vt 4.952127 2.150206
vt 5.124229 2.081945
vt 5.296330 2.013685
vt 5.468431 1.945424
vt 4.952127 1.672382
vt 5.124229 1.604122
vt 5.296330 1.535861
vt 5.468431 1.467601
vt 5.640532 1.399340
vt 5.468431 1.740643
vt 5.640532 1.672382
vt 4.952127 1.399340
vt 5.124229 1.331080
vt 5.296330 1.262819
vt 5.468431 1.194559
vt 4.952127 1.331080
vt 5.124229 1.262819
vt 5.296330 1.194559
vt 4.952127 0.921517
vt 5.124229 0.853256
vt 5.296330 0.784996
vt 5.468431 0.716735
vt 5.640532 0.648475
vt 5.468431 0.989777
vt 5.640532 0.921517
vt 4.952127 0.580214
vt 5.124229 0.511954
vt 5.296330 0.443693
vt 4.952127 0.170651
vt 5.124229 0.102391
vt 5.296330 0.034130
vt 5.468431 -0.034130
vt 5.640532 -0.102391
vt 5.468431 0.238912
vt 5.640532 0.170651
vt 4.952127 -0.170651
vt 5.124229 -0.238912
vt 5.296330 -0.307172
vt 5.468431 -0.375433
vt 4.952127 -0.580214
vt 5.124229 -0.648475
vt 5.296330 -0.716735
vt 5.468431 -0.784996
vt 5.640532 -0.853256
vt 5.640532 -0.580214
vt 4.952127 -0.921517
vt 5.124229 -0.989777
vt 5.296330 -1.058038
vt 5.468431 -1.126298
vt 4.952127 -1.331080
vt 5.124229 -1.399340
vt 5.296330 -1.467601
vt 5.468431 -1.535861
vt 5.640532 -1.604122
vt 5.640532 -1.331080
vt 4.952127 -1.672382
vt 5.124229 -1.740643
vt 5.296330 -1.808903
vt 5.468431 -1.877164
vt 4.952127 -1.740643
vt 5.124229 -1.808903
vt 5.296330 -1.877164
vt 4.952127 -2.081945
vt 5.124229 -2.150206
vt 5.296330 -2.218466
vt 5.468431 -2.286727
vt 5.640532 -2.354987
vt 5.640532 -2.081945
vt 4.952127 -2.491508
vt 5.124229 -2.559769
vt 5.296330 -2.628029
vt 4.952127 -3.242374
vt -7.620000 2.191249
vt -8.433116 2.191249
vt -5.917174 2.176267
vt -8.518874 2.107591
vt -5.917174 2.040250
vt -8.603305 2.023753
vt -8.683929 1.939235
vt -5.917174 1.904234
vt -8.757979 1.853521
vt -5.917174 1.768217
vt -8.821804 1.766381
vt -8.871587 1.677660
vt -5.917174 1.632437
vt -8.889979 1.632672
vt -8.903456 1.587365
vt -5.917174 1.496191
vt -8.911744 1.541841
vt -8.914569 1.496198
vt -8.911783 1.450548
vt -5.917174 1.359941
vt -2.919778 1.462935
vt -2.919778 1.329941
vt -5.917174 1.224150
vt -2.919778 1.196947
vt -5.917174 1.088133
vt -2.919778 1.063953
vt -5.917174 0.952117
vt -2.919778 0.930959
vt -5.917174 0.816100
vt -2.919778 0.797965
vt -5.917174 0.680083
vt -2.919778 0.664970
vt -5.917174 0.544067
vt -2.919778 0.531976
vt -5.917174 0.408050
vt -2.919778 0.398982
vt -5.917174 0.272033
vt -2.919778 0.265988
vt -6.730436 0.200279
vt -5.917174 0.136017
vt -6.702959 0.150210
vt -6.683278 0.100140
vt -8.903536 1.405017
vt -8.890015 1.359718
vt -8.871578 1.314736
vt -8.821769 1.225930
vt -8.757945 1.138809
vt -8.683961 1.053156
vt -8.603306 0.968623
vt -8.518806 0.884755
vt -8.433116 0.801118
vt -7.620000 0.801118
vt -7.510723 0.751048
vt -7.407011 0.700978
vt -7.309151 0.650908
vt -7.217411 0.600838
vt -7.132047 0.550769
vt -7.053294 0.500699
vt -6.981369 0.450629
vt -6.916471 0.400559
vt -6.858780 0.350489
vt -6.808454 0.300419
vt -6.765634 0.250349
vt -6.671447 0.050070
vt -5.917174 -0.000000
vt -2.919778 0.132994
vt -2.919778 -0.000000
vt -2.919778 -0.132994
vt -5.917174 -0.136017
vt -2.919778 -0.265988
vt -6.730436 -0.200279
vt -5.917174 -0.272033
vt -6.765634 -0.250349
vt -6.808454 -0.300419
vt -6.667500 0.000000
vt -6.671447 -0.050070
vt -6.683278 -0.100140
vt -6.702959 -0.150210
vt -6.858780 -0.350489
vt -5.917174 -0.408050
vt -2.919778 -0.398982
vt -2.919778 -0.531976
vt -5.917174 -0.544067
vt -2.919778 -0.664970
vt -5.917174 -0.680083
vt -2.919778 -0.797965
vt -5.917174 -0.816100
vt -2.919778 -0.930959
vt -5.917174 -0.952117
vt -2.919778 -1.063953
vt -5.917174 -1.088133
vt -2.919778 -1.196947
vt -5.917174 -1.224150
vt -2.919778 -1.329941
vt -5.917174 -1.359930
vt -2.919778 -1.462935
vt -5.917174 -1.496176
vt -2.919778 -1.595929
vt -5.917174 -1.632426
vt -2.919778 -1.728923
vt -5.917174 -1.768217
vt -2.919778 -1.861917
vt -5.917174 -1.904234
vt -2.919778 -1.994911
vt -5.917174 -2.040250
vt -2.919778 -2.127905
vt -5.917174 -2.176267
vt -2.919778 -2.260900
vt -5.917174 -2.312284
vt -2.919778 -2.393894
vt -5.917174 -2.448300
vt -2.919778 -2.526888
vt -5.917174 -2.584317
vt -2.919778 -2.659882
vt -5.917174 -2.720334
vt -2.919778 -2.792876
vt -6.730436 -2.792088
vt -5.917174 -2.856350
vt -6.702959 -2.842157
vt -6.683278 -2.892227
vt -6.916471 -0.400559
vt -6.981369 -0.450629
vt -7.053294 -0.500699
vt -7.132047 -0.550769
vt -7.217411 -0.600838
vt -7.309151 -0.650908
vt -7.407011 -0.700978
vt -7.510723 -0.751048
vt -7.620000 -0.801118
vt -8.433116 -0.801118
vt -8.518874 -0.884776
vt -8.603305 -0.968614
vt -8.683929 -1.053132
vt -8.757979 -1.138846
vt -8.821804 -1.225986
vt -8.871587 -1.314707
vt -8.889979 -1.359695
vt -8.903456 -1.405002
vt -8.911744 -1.450526
vt -8.914569 -1.496169
vt -8.911783 -1.541819
vt -8.903536 -1.587350
vt -8.890015 -1.632649
vt -8.871578 -1.677631
vt -8.821769 -1.766437
vt -8.757945 -1.853558
vt -8.683961 -1.939211
vt -8.603306 -2.023744
vt -8.518806 -2.107612
vt -8.433116 -2.191249
vt -7.620000 -2.191249
vt -7.510723 -2.241319
vt -7.407011 -2.291389
vt -7.309151 -2.341459
vt -7.217411 -2.391529
vt -7.132047 -2.441598
vt -7.053294 -2.491668
vt -6.981369 -2.541738
vt -6.916471 -2.591808
vt -6.858780 -2.641878
vt -6.808454 -2.691948
vt -6.765634 -2.742018
vt -2.919778 -2.925870
vt -6.671447 -2.942297
vt -5.917174 -2.992367
vt -6.667500 -2.992367
vt -5.917174 2.992367
vt -6.667500 2.992367
vt -6.671447 2.942297
vt -2.919778 2.925870
vt -6.683278 2.892227
vt -5.917174 2.856350
vt -6.702959 2.842157
vt -6.730436 2.792088
vt -6.765634 2.742018
vt -5.917174 2.720334
vt -2.919778 2.792876
vt -6.808454 2.691948
vt -6.858780 2.641878
vt -5.917174 2.584317
vt -6.916471 2.591808
vt -6.981369 2.541738
vt -5.917174 2.448300
vt -7.053294 2.491668
vt -7.132047 2.441598
vt -7.217411 2.391529
vt -5.917174 2.312284
vt -2.919778 2.393894
vt -2.919778 2.260900
vt -2.919778 2.127905
vt -2.919778 1.994911
vt -2.919778 1.861917
vt -2.919778 1.728923
vt -2.919778 1.595929
vt -7.309151 2.341459
vt -7.407011 2.291389
vt -7.510723 2.241319
vt -2.919778 2.526888
vt -2.919778 2.659882
vt -2.919778 -3.058864
vt 0.418490 12.707095
vt 0.362874 12.694347
vt 0.418502 12.572531
vt 0.377057 12.542075
vt 0.418502 12.437967
vt 0.377057 12.377056
vt 0.418502 12.303403
vt 0.377057 12.220897
vt 0.418502 12.168839
vt 0.377057 12.064739
vt 0.418502 12.034275
vt 0.377057 11.908580
vt 0.418502 11.899711
vt 0.418502 11.765147
vt 0.377057 11.752421
vt 0.418502 11.630583
vt 0.348753 11.630583
vt 0.335613 11.752421
vt 0.294168 11.752421
vt 0.294168 11.908580
vt 0.252724 11.908580
vt 0.252724 12.064739
vt 0.209251 12.064739
vt 0.209251 12.220897
vt 0.134672 12.220897
vt 0.134672 12.377056
vt 0.060093 12.377056
vt 0.101162 12.580304
vt 0.060093 12.542075
vt 0.050619 12.554843
vt 0.000007 12.417677
vt 0.000007 12.305235
vt 0.308481 12.676538
vt 0.335613 12.542075
vt 0.335613 12.377056
vt 0.335613 12.220897
vt 0.335613 12.064739
vt 0.335613 11.908580
vt 0.294168 12.542075
vt 0.255300 12.655051
vt 0.252724 12.542075
vt 0.209251 12.542075
vt 0.252724 12.377056
vt 0.209251 12.377056
vt 0.252724 12.220897
vt 0.203207 12.631176
vt 0.151925 12.605973
vt 0.134672 12.542075
vt 0.000002 12.530120
vt 0.060093 12.220897
vt 0.000004 12.192794
vt 0.060093 12.064739
vt 0.000001 12.080353
vt 0.000000 11.967911
vt 0.060093 11.908580
vt 0.000000 11.855468
vt 0.060093 11.752421
vt 0.000000 11.743026
vt 0.000000 11.630583
vt 0.069749 11.630583
vt 0.134672 11.752421
vt 0.134672 11.908580
vt 0.134672 12.064739
vt 0.139502 11.630583
vt 0.209251 11.752421
vt 0.209251 11.908580
vt 0.209251 11.630583
vt 0.252724 11.752421
vt 0.279000 11.630583
vt 0.294168 12.377056
vt 0.294168 12.220897
vt 0.294168 12.064739
vt 0.000004 10.682317
vt 0.050622 10.657630
vt 0.000000 10.794210
vt 0.060093 10.727709
vt 0.060093 10.838743
vt 0.134672 10.727709
vt 0.134672 10.838743
vt 0.209251 10.727709
vt 0.209251 10.838743
vt 0.252724 10.727709
vt 0.252724 10.838743
vt 0.294168 10.727709
vt 0.294168 10.838743
vt 0.335613 10.727709
vt 0.335613 10.838743
vt 0.377057 10.727709
vt 0.377057 10.838743
vt 0.418502 10.773631
vt 0.418502 10.907624
vt 0.101142 10.632212
vt 0.134672 10.616675
vt 0.151884 10.606587
vt 0.209251 10.616675
vt 0.203139 10.581435
vt 0.255176 10.557626
vt 0.308337 10.536185
vt 0.294168 10.616675
vt 0.252724 10.616675
vt 0.335613 10.616675
vt 0.362806 10.518386
vt 0.377057 10.616675
vt 0.418502 10.505641
vt 0.418502 10.639637
vt 0.377057 10.949777
vt 0.418502 11.041620
vt 0.377057 11.060812
vt 0.418502 11.175618
vt 0.377057 11.171846
vt 0.377057 11.282880
vt 0.335613 11.282880
vt 0.335613 11.393914
vt 0.294168 11.393914
vt 0.294168 11.485762
vt 0.252724 11.485762
vt 0.279000 11.577610
vt 0.209251 11.577610
vt 0.418502 11.309615
vt 0.377057 11.393914
vt 0.335613 11.485762
vt 0.348753 11.577610
vt 0.418502 11.443612
vt 0.377057 11.485762
vt 0.418502 11.577610
vt 0.209251 11.485762
vt 0.139502 11.577610
vt 0.134672 11.485762
vt 0.069749 11.577610
vt 0.060093 11.485762
vt 0.000000 11.577610
vt 0.000000 11.465679
vt 0.060093 11.393914
vt 0.000000 11.353749
vt 0.060093 11.282880
vt 0.000000 11.241819
vt 0.060093 11.171846
vt 0.000000 11.129889
vt 0.060093 11.060812
vt 0.000000 11.017958
vt 0.060093 10.949777
vt 0.000000 10.906069
vt 0.335613 10.949777
vt 0.335613 11.060812
vt 0.335613 11.171846
vt 0.294168 10.949777
vt 0.294168 11.060812
vt 0.294168 11.171846
vt 0.294168 11.282880
vt 0.252724 10.949777
vt 0.252724 11.060812
vt 0.252724 11.171846
vt 0.252724 11.282880
vt 0.252724 11.393914
vt 0.209251 10.949777
vt 0.209251 11.060812
vt 0.209251 11.171846
vt 0.209251 11.282880
vt 0.209251 11.393914
vt 0.134672 10.949777
vt 0.134672 11.060812
vt 0.134672 11.171846
vt 0.134672 11.282880
vt 0.134672 11.393914
vt -0.498728 2.408062
vt -0.427481 2.423800
vt -0.498728 2.596929
vt -0.427481 2.597188
vt -0.427481 2.770058
vt -0.356234 2.597448
vt -0.356234 2.770058
vt -0.284987 2.597707
vt -0.284987 2.770058
vt -0.213741 2.597966
vt -0.213741 2.770058
vt -0.142494 2.598226
vt -0.142494 2.770058
vt -0.080232 2.718019
vt -0.080238 2.837716
vt -0.427481 2.250672
vt -0.498728 2.219194
vt -0.427481 2.077543
vt -0.498728 2.030326
vt -0.427481 1.904415
vt -0.498728 1.841459
vt -0.427481 1.731286
vt -0.498728 1.652591
vt -0.427481 1.558157
vt -0.498728 1.463724
vt -0.427481 1.385029
vt -0.498728 1.274856
vt -0.427481 1.211900
vt -0.498728 1.085989
vt -0.427481 1.038772
vt -0.498728 0.897121
vt -0.427481 0.865643
vt -0.498728 0.708253
vt -0.427481 0.692514
vt -0.498728 0.519386
vt -0.427481 0.519386
vt -0.427481 0.346257
vt -0.356234 0.346257
vt -0.356234 0.173129
vt -0.284987 0.173129
vt -0.284987 -0.000000
vt -0.213741 -0.000000
vt -0.213741 -0.173129
vt -0.142494 -0.173129
vt -0.142494 -0.346257
vt -0.071247 -0.346257
vt -0.071247 -0.519386
vt 0.000000 -0.380662
vt 0.000000 -0.549310
vt -0.071247 -0.692514
vt 0.000000 -0.717958
vt -0.071247 -0.865643
vt 0.000000 -0.886607
vt -0.071247 -1.038772
vt 0.000000 -1.055255
vt -0.071247 -1.211900
vt 0.000000 -1.223903
vt -0.071247 -1.385029
vt 0.000000 -1.392551
vt -0.071247 -1.558157
vt 0.000000 -1.564605
vt -0.071247 -1.731286
vt 0.000000 -1.736659
vt -0.071247 -1.904415
vt 0.000000 -1.908713
vt -0.071247 -2.077543
vt 0.000000 -2.080767
vt -0.071247 -2.250672
vt 0.000000 -2.252821
vt -0.071247 -2.424722
vt 0.000000 -2.424875
vt -0.071247 -2.596929
vt 0.000000 -2.596929
vt -0.000000 -2.768983
vt -0.071247 -2.769137
vt -0.000000 -2.941037
vt -0.071247 -2.943186
vt -0.000000 -3.113091
vt -0.071247 -3.116315
vt -0.000000 -3.285145
vt -0.071247 -3.289444
vt -0.000000 -3.457199
vt -0.071247 -3.462572
vt -0.000000 -3.629254
vt -0.071247 -3.635701
vt -0.000000 -3.801308
vt -0.071247 -3.808829
vt -0.000000 -3.969956
vt -0.071247 -3.981958
vt -0.000000 -4.138604
vt -0.071247 -4.155087
vt -0.000000 -4.307252
vt -0.071247 -4.328215
vt -0.000000 -4.475900
vt -0.071247 -4.501344
vt -0.000000 -4.644548
vt -0.071247 -4.674472
vt -0.000000 -4.813196
vt -0.071247 -4.847601
vt -0.000000 -4.981844
vt -0.071247 -5.020730
vt -0.000000 -5.150492
vt -0.071247 -5.193858
vt 0.000000 -5.319140
vt -0.000000 5.068577
vt -0.071247 5.193858
vt -0.071247 5.020730
vt -0.000000 4.899929
vt -0.071247 4.847601
vt -0.000000 4.731281
vt -0.071247 4.674472
vt -0.000000 4.562633
vt -0.071247 4.501344
vt -0.000000 4.393985
vt -0.071247 4.328215
vt -0.000000 4.225337
vt -0.071247 4.155087
vt -0.000000 4.056689
vt -0.071247 3.981958
vt -0.000000 3.888041
vt -0.071247 3.808829
vt -0.000000 3.719393
vt -0.071247 3.635701
vt -0.000000 3.550745
vt -0.039533 3.552308
vt -0.080226 3.557000
vt -0.142494 3.635701
vt -0.142494 3.462572
vt -0.213741 3.635701
vt -0.213741 3.462572
vt -0.284987 3.635701
vt -0.284987 3.462572
vt -0.356234 3.635701
vt -0.356234 3.462572
vt -0.427481 3.635701
vt -0.427481 3.462572
vt -0.498728 3.541267
vt -0.498728 3.352399
vt -0.498728 0.330518
vt -0.427481 0.173129
vt -0.356234 -0.000000
vt -0.284987 -0.173129
vt -0.213741 -0.346257
vt -0.142494 -0.519386
vt -0.498728 0.141651
vt -0.427481 -0.000000
vt -0.356234 -0.173129
vt -0.284987 -0.346257
vt -0.213741 -0.519386
vt -0.142494 -0.692514
vt -0.498728 -0.047217
vt -0.427481 -0.173129
vt -0.356234 -0.346257
vt -0.284987 -0.519386
vt -0.213741 -0.692514
vt -0.142494 -0.865643
vt -0.498728 -0.236084
vt -0.427481 -0.346257
vt -0.356234 -0.519386
vt -0.284987 -0.692514
vt -0.213741 -0.865643
vt -0.142494 -1.038772
vt -0.498728 -0.424952
vt -0.427481 -0.519386
vt -0.356234 -0.692514
vt -0.284987 -0.865643
vt -0.213741 -1.038772
vt -0.142494 -1.211900
vt -0.498728 -0.613820
vt -0.427481 -0.692514
vt -0.356234 -0.865643
vt -0.284987 -1.038772
vt -0.213741 -1.211900
vt -0.142494 -1.385029
vt -0.498728 -0.802687
vt -0.427481 -0.865643
vt -0.356234 -1.038772
vt -0.284987 -1.211900
vt -0.213741 -1.385029
vt -0.142494 -1.558157
vt -0.498728 -0.991555
vt -0.427481 -1.038772
vt -0.356234 -1.211900
vt -0.284987 -1.385029
vt -0.213741 -1.558157
vt -0.142494 -1.731286
vt -0.498728 -1.180422
vt -0.427481 -1.211900
vt -0.356234 -1.385029
vt -0.284987 -1.558157
vt -0.213741 -1.731286
vt -0.142494 -1.904415
vt -0.498728 -1.369290
vt -0.427481 -1.385029
vt -0.356234 -1.558157
vt -0.284987 -1.731286
vt -0.213741 -1.904415
vt -0.142494 -2.077543
vt -0.498728 -1.558157
vt -0.427481 -1.558157
vt -0.356234 -1.731286
vt -0.284987 -1.904415
vt -0.213741 -2.077543
vt -0.142494 -2.250672
vt -0.142494 -2.424568
vt -0.142494 -2.596929
vt -0.427481 -1.731286
vt -0.498728 -1.747025
vt -0.427481 -1.904415
vt -0.498728 -1.935893
vt -0.427481 -2.077543
vt -0.498728 -2.124760
vt -0.427481 -2.250672
vt -0.498728 -2.313628
vt -0.427481 -2.423954
vt -0.498728 -2.502495
vt -0.427481 -2.596929
vt -0.498728 -2.691363
vt -0.427481 -2.769904
vt -0.498728 -2.880230
vt -0.427481 -2.943186
vt -0.498728 -3.069098
vt -0.427481 -3.116315
vt -0.498728 -3.257966
vt -0.427481 -3.289444
vt -0.498728 -3.446833
vt -0.427481 -3.462572
vt -0.498728 -3.635701
vt -0.427481 -3.635701
vt -0.427481 -3.808829
vt -0.356234 -3.808829
vt -0.356234 -3.981958
vt -0.284987 -3.981958
vt -0.284987 -4.155087
vt -0.213741 -4.155087
vt -0.213741 -4.328215
vt -0.142494 -4.328215
vt -0.142494 -4.501344
vt -0.498728 -3.824568
vt -0.427481 -3.981958
vt -0.356234 -4.155087
vt -0.284987 -4.328215
vt -0.213741 -4.501344
vt -0.142494 -4.674472
vt -0.498728 -4.013436
vt -0.427481 -4.155087
vt -0.356234 -4.328215
vt -0.284987 -4.501344
vt -0.213741 -4.674472
vt -0.142494 -4.847601
vt -0.498728 -4.202303
vt -0.427481 -4.328215
vt -0.356234 -4.501344
vt -0.284987 -4.674472
vt -0.213741 -4.847601
vt -0.142494 -5.020730
vt -0.498728 -4.391171
vt -0.427481 -4.501344
vt -0.356234 -4.674472
vt -0.284987 -4.847601
vt -0.213741 -5.020730
vt -0.142494 -5.193858
vt -0.142494 5.193858
vt -0.498728 -4.580039
vt -0.427481 -4.674472
vt -0.356234 -4.847601
vt -0.284987 -5.020730
vt -0.213741 -5.193858
vt -0.213741 5.193858
vt -0.142494 5.020730
vt -0.498728 -4.768906
vt -0.427481 -4.847601
vt -0.356234 -5.020730
vt -0.284987 -5.193858
vt -0.284987 5.193858
vt -0.213741 5.020730
vt -0.142494 4.847601
vt -0.498728 -4.957774
vt -0.427481 -5.020730
vt -0.356234 -5.193858
vt -0.356234 5.193858
vt -0.284987 5.020730
vt -0.213741 4.847601
vt -0.142494 4.674472
vt -0.498728 -5.146641
vt -0.427481 -5.193858
vt -0.427481 5.193858
vt -0.356234 5.020730
vt -0.284987 4.847601
vt -0.213741 4.674472
vt -0.142494 4.501344
vt -0.498728 5.241075
vt -0.498728 5.052207
vt -0.427481 5.020730
vt -0.356234 4.847601
vt -0.284987 4.674472
vt -0.213741 4.501344
vt -0.142494 4.328215
vt -0.498728 4.863340
vt -0.427481 4.847601
vt -0.356234 4.674472
vt -0.284987 4.501344
vt -0.213741 4.328215
vt -0.142494 4.155087
vt -0.498728 4.674472
vt -0.427481 4.674472
vt -0.356234 4.501344
vt -0.284987 4.328215
vt -0.213741 4.155087
vt -0.142494 3.981958
vt -0.427481 4.501344
vt -0.498728 4.485605
vt -0.427481 4.328215
vt -0.498728 4.296737
vt -0.427481 4.155087
vt -0.498728 4.107870
vt -0.427481 3.981958
vt -0.498728 3.919002
vt -0.427481 3.808829
vt -0.498728 3.730135
vt -0.427481 3.289444
vt -0.498728 3.163532
vt -0.427481 3.116315
vt -0.498728 2.974664
vt -0.427481 2.943186
vt -0.498728 2.785797
vt -0.000000 1.474466
vt -0.000000 1.643114
vt -0.071247 1.558157
vt -0.039533 1.641550
vt -0.080226 1.636858
vt -0.080226 1.757388
vt -0.142494 1.731286
vt -0.142494 1.558157
vt -0.071247 1.385029
vt -0.000000 1.305818
vt -0.071247 1.211900
vt -0.000000 1.137170
vt -0.071247 1.038772
vt -0.000000 0.968522
vt -0.071247 0.865643
vt -0.000000 0.799874
vt -0.071247 0.692514
vt -0.000000 0.631226
vt -0.071247 0.519386
vt -0.000000 0.462578
vt -0.071247 0.346257
vt -0.000000 0.293930
vt -0.071247 0.173129
vt -0.000000 0.125282
vt -0.071247 -0.000000
vt 0.000000 -0.043366
vt -0.071247 -0.173129
vt 0.000000 -0.212014
vt -0.080223 1.877599
vt -0.142494 1.904415
vt -0.213741 1.904415
vt -0.213741 2.077543
vt -0.284987 2.077543
vt -0.284987 2.250672
vt -0.356234 2.250672
vt -0.356234 2.423800
vt -0.080220 1.997567
vt -0.142494 2.077543
vt -0.213741 2.250672
vt -0.284987 2.423800
vt -0.080222 2.117538
vt -0.142494 2.250672
vt -0.213741 2.423800
vt -0.080226 2.237759
vt -0.080229 2.358304
vt -0.142494 2.423800
vt -0.080230 2.478646
vt -0.080226 2.598452
vt -0.142494 2.943186
vt -0.080233 2.957495
vt -0.080226 3.077312
vt -0.142494 3.116315
vt -0.080226 3.197091
vt -0.142494 3.289444
vt -0.080225 3.316852
vt -0.080226 3.436763
vt -0.356234 2.077543
vt -0.284987 1.904415
vt -0.213741 1.731286
vt -0.356234 1.904415
vt -0.284987 1.731286
vt -0.213741 1.558157
vt -0.142494 1.385029
vt -0.356234 1.731286
vt -0.284987 1.558157
vt -0.213741 1.385029
vt -0.142494 1.211900
vt -0.356234 1.558157
vt -0.284987 1.385029
vt -0.213741 1.211900
vt -0.142494 1.038772
vt -0.356234 1.385029
vt -0.284987 1.211900
vt -0.213741 1.038772
vt -0.142494 0.865643
vt -0.356234 1.211900
vt -0.284987 1.038772
vt -0.213741 0.865643
vt -0.142494 0.692514
vt -0.356234 1.038772
vt -0.284987 0.865643
vt -0.213741 0.692514
vt -0.142494 0.519386
vt -0.356234 0.865643
vt -0.284987 0.692514
vt -0.213741 0.519386
vt -0.142494 0.346257
vt -0.356234 0.692514
vt -0.284987 0.519386
vt -0.213741 0.346257
vt -0.142494 0.173129
vt -0.356234 0.519386
vt -0.284987 0.346257
vt -0.213741 0.173129
vt -0.142494 -0.000000
vt -0.356234 -1.904415
vt -0.284987 -2.077543
vt -0.213741 -2.250672
vt -0.213741 -2.424414
vt -0.213741 -2.596929
vt -0.142494 -2.769290
vt -0.356234 -2.077543
vt -0.284987 -2.250672
vt -0.284987 -2.424261
vt -0.284987 -2.596929
vt -0.213741 -2.769444
vt -0.142494 -2.943186
vt -0.356234 -2.250672
vt -0.356234 -2.424107
vt -0.356234 -2.596929
vt -0.284987 -2.769597
vt -0.213741 -2.943186
vt -0.142494 -3.116315
vt -0.356234 -2.769751
vt -0.284987 -2.943186
vt -0.213741 -3.116315
vt -0.142494 -3.289444
vt -0.356234 -2.943186
vt -0.284987 -3.116315
vt -0.213741 -3.289444
vt -0.142494 -3.462572
vt -0.356234 -3.116315
vt -0.284987 -3.289444
vt -0.213741 -3.462572
vt -0.142494 -3.635701
vt -0.356234 -3.289444
vt -0.284987 -3.462572
vt -0.213741 -3.635701
vt -0.142494 -3.808829
vt -0.356234 -3.462572
vt -0.284987 -3.635701
vt -0.213741 -3.808829
vt -0.142494 -3.981958
vt -0.356234 -3.635701
vt -0.284987 -3.808829
vt -0.213741 -3.981958
vt -0.142494 -4.155087
vt -0.356234 4.328215
vt -0.284987 4.155087
vt -0.213741 3.981958
vt -0.142494 3.808829
vt -0.356234 4.155087
vt -0.284987 3.981958
vt -0.213741 3.808829
vt -0.356234 3.981958
vt -0.284987 3.808829
vt -0.356234 3.808829
vt -0.356234 3.289444
vt -0.356234 3.116315
vt -0.356234 2.943186
vt -0.284987 3.289444
vt -0.284987 3.116315
vt -0.284987 2.943186
vt -0.213741 3.289444
vt -0.213741 3.116315
vt -0.213741 2.943186
vt 0.952500 4.478540
vt -1.079500 4.478540
vt 0.952500 4.300406
vt -1.079500 4.297625
vt 0.952500 4.122271
vt -1.079500 4.116710
vt 0.952500 3.944137
vt -1.079500 3.935796
vt 0.952500 3.766003
vt -1.079500 3.754881
vt 0.952500 3.587869
vt -1.079500 3.573967
vt 0.952500 3.409734
vt -1.079500 3.393052
vt 0.952500 3.231600
vt -1.079500 3.212137
vt 0.952500 3.053466
vt -1.079500 3.031223
vt 0.952500 2.875332
vt -1.079500 2.850308
vt 0.952500 2.697197
vt -1.079500 2.669393
vt 0.952500 2.519063
vt -1.079500 2.488479
vt 0.952500 2.340929
vt -1.079500 2.307564
vt 0.952500 2.162795
vt -1.079500 2.126649
vt 0.952500 1.984660
vt -1.079500 1.945735
vt 0.952500 1.806526
vt -1.079500 1.764820
vt 0.952500 1.628392
vt -1.079500 1.583905
vt 0.952500 1.450258
vt 0.000022 1.446571
vt 0.162997 1.441412
vt -0.162980 1.441451
vt -1.079500 1.402991
vt -0.324136 1.426342
vt -0.481869 1.401907
vt -0.635000 1.369083
vt -0.751495 1.338074
vt -0.864495 1.302961
vt -0.973855 1.264172
vt -1.079500 1.222076
vt 0.324167 1.426324
vt 0.481901 1.401909
vt 0.635000 1.369083
vt 0.797196 1.324475
vt 0.952500 1.272123
vt 0.482844 12.667003
vt 0.467033 12.666203
vt 0.482846 12.533631
vt 0.434938 12.505762
vt 0.482846 12.400259
vt 0.434938 12.344521
vt 0.482846 12.266887
vt 0.434938 12.188773
vt 0.482846 12.133515
vt 0.434938 12.033025
vt 0.482846 12.000143
vt 0.434938 11.877277
vt 0.482846 11.866771
vt 0.482846 11.733399
vt 0.434938 11.721529
vt 0.482846 11.600026
vt 0.413871 11.600026
vt 0.387029 11.721529
vt 0.344888 11.600026
vt 0.339120 11.721529
vt 0.291212 11.721529
vt 0.291212 11.877277
vt 0.241423 11.877277
vt 0.241423 12.033025
vt 0.198295 12.033025
vt 0.198295 12.188773
vt 0.155166 12.188773
vt 0.155166 12.344521
vt 0.112037 12.344521
vt 0.112037 12.505762
vt 0.068909 12.505762
vt 0.112177 12.542482
vt 0.056127 12.514881
vt 0.404852 12.657919
vt 0.387029 12.505762
vt 0.387029 12.344521
vt 0.387029 12.188773
vt 0.387029 12.033025
vt 0.387029 11.877277
vt 0.343632 12.642437
vt 0.339120 12.505762
vt 0.339120 12.344521
vt 0.339120 12.188773
vt 0.339120 12.033025
vt 0.339120 11.877277
vt 0.291212 12.505762
vt 0.284007 12.621524
vt 0.241423 12.505762
vt 0.225723 12.596903
vt 0.198295 12.505762
vt 0.168589 12.570147
vt 0.155166 12.505762
vt 0.000003 12.488068
vt 0.000009 12.377062
vt 0.068909 12.344521
vt 0.000009 12.266057
vt 0.068909 12.188773
vt 0.112037 12.188773
vt 0.112037 12.033025
vt 0.155166 12.033025
vt 0.155166 11.877277
vt 0.198295 11.877277
vt 0.198295 11.721529
vt 0.241423 11.721529
vt 0.206932 11.600026
vt 0.275914 11.600026
vt 0.000005 12.155053
vt 0.068909 12.033025
vt 0.112037 11.877277
vt 0.155166 11.721529
vt 0.000001 12.044049
vt 0.000000 11.933044
vt 0.068909 11.877277
vt 0.000000 11.822038
vt 0.068909 11.721529
vt 0.000000 11.711032
vt 0.068975 11.600026
vt 0.000000 11.600026
vt 0.112037 11.721529
vt 0.137958 11.600026
vt 0.198295 12.344521
vt 0.241423 12.344521
vt 0.291212 12.344521
vt 0.241423 12.188773
vt 0.291212 12.188773
vt 0.291212 12.033025
vt 0.000004 10.661980
vt 0.056135 10.635208
vt 0.000001 10.772430
vt 0.068909 10.703153
vt 0.068909 10.813048
vt 0.112037 10.703153
vt 0.112037 10.813048
vt 0.155166 10.703153
vt 0.155166 10.813048
vt 0.198295 10.703153
vt 0.198295 10.813048
vt 0.241423 10.703153
vt 0.241423 10.813048
vt 0.291212 10.703153
vt 0.291212 10.813048
vt 0.339120 10.703153
vt 0.339120 10.813048
vt 0.387029 10.703153
vt 0.387029 10.813048
vt 0.434938 10.703153
vt 0.434938 10.813048
vt 0.482846 10.748951
vt 0.482846 10.881743
vt 0.112193 10.607642
vt 0.155166 10.593258
vt 0.168617 10.580011
vt 0.198295 10.593258
vt 0.241423 10.593258
vt 0.291212 10.593258
vt 0.339120 10.593258
vt 0.387029 10.593258
vt 0.434938 10.593258
vt 0.482846 10.616159
vt 0.225749 10.553301
vt 0.284022 10.528735
vt 0.343661 10.507866
vt 0.404875 10.492429
vt 0.467037 10.484172
vt 0.482846 10.483364
vt 0.434938 10.922943
vt 0.482846 11.014539
vt 0.434938 11.032838
vt 0.482846 11.147336
vt 0.434938 11.142732
vt 0.434938 11.252627
vt 0.387029 11.252627
vt 0.387029 11.362522
vt 0.339120 11.362522
vt 0.339120 11.454125
vt 0.291212 11.454125
vt 0.344888 11.545728
vt 0.275914 11.545728
vt 0.482846 11.280133
vt 0.434938 11.362522
vt 0.387029 11.454125
vt 0.482846 11.412930
vt 0.434938 11.454125
vt 0.413871 11.545728
vt 0.482846 11.545728
vt 0.241423 11.454125
vt 0.206932 11.545728
vt 0.198295 11.454125
vt 0.155166 11.454125
vt 0.198295 11.362522
vt 0.155166 11.362522
vt 0.198295 11.252627
vt 0.155166 11.252627
vt 0.198295 11.142732
vt 0.155166 11.142732
vt 0.198295 11.032838
vt 0.155166 11.032838
vt 0.198295 10.922943
vt 0.155166 10.922943
vt 0.137958 11.545728
vt 0.112037 11.454125
vt 0.112037 11.362522
vt 0.112037 11.252627
vt 0.112037 11.142732
vt 0.112037 11.032838
vt 0.112037 10.922943
vt 0.068975 11.545728
vt 0.068909 11.454125
vt 0.068909 11.362522
vt 0.068909 11.252627
vt 0.068909 11.142732
vt 0.068909 11.032838
vt 0.068909 10.922943
vt 0.000000 11.545728
vt 0.000000 11.435241
vt 0.000000 11.324755
vt 0.000000 11.214269
vt 0.000000 11.103783
vt 0.000000 10.993297
vt 0.000000 10.882847
vt 0.387029 10.922943
vt 0.387029 11.032838
vt 0.387029 11.142732
vt 0.339120 10.922943
vt 0.339120 11.032838
vt 0.339120 11.142732
vt 0.339120 11.252627
vt 0.291212 10.922943
vt 0.291212 11.032838
vt 0.291212 11.142732
vt 0.291212 11.252627
vt 0.291212 11.362522
vt 0.241423 10.922943
vt 0.241423 11.032838
vt 0.241423 11.142732
vt 0.241423 11.252627
vt 0.241423 11.362522
vt -0.427481 2.597152
vt -0.356234 2.597374
vt -0.284987 2.597597
vt -0.213741 2.597820
vt -0.142494 2.598043
vt -0.071247 2.598265
vt -0.071247 2.770058
vt -0.015883 2.717261
vt -0.015884 2.836212
vt -0.000000 -0.412251
vt -0.000000 -0.583531
vt -0.000000 -0.754811
vt -0.000000 -0.926092
vt -0.000000 -1.097372
vt -0.000000 -1.268652
vt -0.000000 -1.439933
vt -0.000000 -1.605218
vt -0.000000 -1.770503
vt -0.000000 -1.935788
vt -0.000000 -2.101074
vt -0.000000 -2.266359
vt -0.071247 -2.423800
vt -0.000000 -2.431644
vt -0.000000 -2.762214
vt -0.071247 -2.770058
vt -0.000000 -2.927499
vt -0.000000 -3.092785
vt -0.000000 -3.258070
vt -0.000000 -3.423355
vt -0.000000 -3.588640
vt -0.000000 -3.753925
vt -0.000000 -3.925206
vt -0.000000 -4.096486
vt -0.000000 -4.267766
vt -0.000000 -4.439047
vt -0.000000 -4.610327
vt -0.000000 -4.781608
vt -0.000000 -4.952888
vt -0.000000 -5.124168
vt 0.000000 -5.295449
vt -0.000000 5.092268
vt -0.000000 4.920987
vt -0.000000 4.749707
vt -0.000000 4.578427
vt -0.000000 4.407146
vt -0.000000 4.235866
vt -0.000000 4.064586
vt -0.000000 3.893305
vt -0.000000 3.722025
vt -0.015882 3.550989
vt -0.071247 3.462572
vt -0.015882 3.431517
vt -0.071247 3.289444
vt -0.015881 3.312363
vt -0.015882 3.193353
vt -0.071247 3.116315
vt -0.015882 3.074317
vt -0.071247 2.943186
vt -0.015883 2.955246
vt -0.427481 -2.423800
vt -0.427481 -2.770058
vt -0.015882 1.642869
vt -0.000000 1.471833
vt -0.071247 1.731286
vt -0.015882 1.762638
vt -0.071247 1.904415
vt -0.015881 1.882083
vt -0.015880 2.001298
vt -0.071247 2.077543
vt -0.015881 2.120523
vt -0.071247 2.250672
vt -0.015882 2.240001
vt -0.015882 2.359795
vt -0.071247 2.423800
vt -0.015882 2.479382
vt -0.015882 2.598438
vt -0.000000 -0.240970
vt -0.000000 -0.069690
vt -0.000000 0.101590
vt -0.000000 0.272871
vt -0.000000 0.444151
vt -0.000000 0.615432
vt -0.000000 0.786712
vt -0.000000 0.957992
vt -0.000000 1.129273
vt -0.000000 1.300553
vt -0.142494 -2.423800
vt -0.213741 -2.423800
vt -0.284987 -2.423800
vt -0.142494 -2.770058
vt -0.356234 -2.423800
vt -0.213741 -2.770058
vt -0.284987 -2.770058
vt -0.356234 -2.770058
vt 1.746250 -0.282647
vt -0.224994 -0.267184
vt -0.285750 -0.282647
vt -0.285862 -0.281710
vt -0.301625 -0.283121
vt 1.785672 -0.285671
vt 1.773191 -0.272529
vt 1.725816 -0.240788
vt 1.684639 -0.201259
vt 1.825625 -0.294691
vt 1.650296 -0.155606
vt -0.076921 -0.153581
vt -0.118788 -0.200884
vt -0.168514 -0.239486
vt -0.043718 -0.099733
vt 1.623140 -0.105217
vt -0.019611 -0.041161
vt 1.603472 -0.051418
vt 1.591526 0.004611
vt -0.004948 0.020463
vt 1.587500 0.061784
vt 0.000000 0.083649
vt 1.587500 1.412875
vt -0.000000 1.412875
vt 1.074235 0.293691
vt 1.905000 1.412875
vt 0.950617 0.297335
vt 0.827253 0.293472
vt 0.704232 0.282148
vt 0.582031 0.263425
vt 0.461131 0.237362
vt 0.342011 0.204019
vt 0.225221 0.163547
vt 0.111136 0.116104
vt 0.000000 0.061784
vt 1.197910 0.282527
vt 1.320960 0.263843
vt 1.442587 0.237707
vt 1.562071 0.204325
vt 1.679141 0.163807
vt 1.793537 0.116258
vt 1.905000 0.061784
vt 1.074135 0.313101
vt 0.950617 0.316705
vt 0.827350 0.312883
vt 0.704416 0.301683
vt 0.582286 0.283163
vt 0.461427 0.257382
vt 0.342308 0.224398
vt 0.225467 0.184352
vt 0.111286 0.137405
vt 1.197716 0.302059
vt 1.320694 0.283581
vt 1.442292 0.257725
vt 1.561785 0.224696
vt 1.678903 0.184605
vt 1.793393 0.137555
vt 1.905000 0.083649
vt 1.873250 -0.282647
vt 1.812505 -0.267188
vt -0.158750 -0.282647
vt 1.756026 -0.239493
vt 1.706287 -0.200882
vt 1.889125 -0.283121
vt 1.873362 -0.281710
vt -0.097241 -0.201376
vt 1.664429 -0.153594
vt -0.062846 -0.155679
vt 1.631229 -0.099755
vt -0.035662 -0.105267
vt 1.607116 -0.041175
vt -0.015981 -0.051443
vt -0.004027 0.004610
vt 1.592449 0.020457
vt 1.587500 0.083649
vt -0.138451 -0.240897
vt -0.185768 -0.272572
vt -0.198172 -0.285671
vt -0.238125 -0.294691
vt 0.952500 0.793750
vt -0.952500 0.793750
vt 0.952500 -0.793750
vt -0.952500 -0.793750
vt -0.997456 -5.559025
vt -1.057152 -5.527579
vt -0.997456 -5.723317
vt -1.108284 -5.575553
vt -1.108284 -5.735713
vt -1.219112 -5.575553
vt -1.219112 -5.735713
vt -1.329941 -5.575553
vt -1.329941 -5.735713
vt -1.440769 -5.575553
vt -1.440769 -5.735713
vt -1.551598 -5.575553
vt -1.551598 -5.735713
vt -1.662426 -5.598433
vt -1.662426 -5.804354
vt -1.116161 -5.494734
vt -1.174712 -5.459746
vt -1.232656 -5.422041
vt -1.329941 -5.415393
vt -1.440769 -5.415393
vt -1.344075 -5.338254
vt -1.440769 -5.255232
vt -1.445935 -5.243485
vt -1.551598 -5.255232
vt -1.531683 -5.141806
vt -1.599534 -5.032060
vt -1.626026 -4.972133
vt -1.662426 -4.980672
vt -1.662426 -5.186592
vt -1.662426 -5.392513
vt -1.551598 -5.415393
vt -1.646039 -4.908678
vt -1.658349 -4.842511
vt -1.662426 -4.774751
vt -1.551598 -5.895874
vt -1.662426 -6.010274
vt -1.551598 -6.056034
vt -1.662426 -6.216194
vt -1.551598 -6.216194
vt -1.551598 -6.376355
vt -1.440769 -6.376355
vt -1.440769 -6.536515
vt -1.329941 -6.536515
vt -1.329941 -6.696675
vt -1.219112 -6.696675
vt -1.219112 -6.856836
vt -1.108284 -6.856836
vt -1.112959 -6.935766
vt -1.054809 -6.903515
vt -1.662426 -6.422115
vt -1.551598 -6.536515
vt -1.440769 -6.696675
vt -1.329941 -6.856836
vt -1.232349 -7.010138
vt -1.172084 -6.970991
vt -1.662426 -6.628035
vt -1.551598 -6.696675
vt -1.440769 -6.856836
vt -1.329941 -7.016996
vt -1.291492 -7.052511
vt -1.347372 -7.096924
vt -1.440769 -7.016996
vt -1.440769 -7.177156
vt -1.551598 -7.016996
vt -1.551598 -7.177156
vt -1.662426 -7.039876
vt -1.662426 -7.245797
vt -1.662426 -6.833956
vt -1.551598 -6.856836
vt -1.662426 -7.451717
vt -1.606699 -7.414982
vt -1.538045 -7.299371
vt -1.449675 -7.192811
vt -1.662426 -7.657638
vt -1.659136 -7.596539
vt -1.649019 -7.536117
vt -1.631656 -7.475694
vt -0.997456 -6.873364
vt -0.997456 -6.709072
vt -1.108284 -6.696675
vt -0.997456 -6.544779
vt -1.108284 -6.536515
vt -0.997456 -6.380487
vt -1.108284 -6.376355
vt -0.997456 -6.216194
vt -1.108284 -6.216194
vt -1.108284 -6.056034
vt -1.219112 -6.056034
vt -1.219112 -5.895874
vt -1.329941 -5.895874
vt -0.997456 -6.051902
vt -1.108284 -5.895874
vt -0.997456 -5.887610
vt -1.440769 -5.895874
vt -1.440769 -6.056034
vt -1.440769 -6.216194
vt -1.329941 -6.056034
vt -1.219112 -6.216194
vt -1.329941 -6.216194
vt -1.329941 -6.376355
vt -1.219112 -6.376355
vt -1.219112 -6.536515
vt -3.916943 -0.748676
vt -3.971557 -0.566068
vt -4.091775 -0.720267
vt -4.010838 -0.379560
vt -4.179690 -0.712610
vt -4.266884 -0.709952
vt -4.034515 -0.190436
vt -4.042426 -0.000000
vt -4.034515 0.190436
vt -4.266884 0.709952
vt -5.080000 -0.709952
vt -4.010838 0.379560
vt -4.179894 0.712597
vt -4.092067 0.720232
vt -3.971557 0.566068
vt -3.916943 0.748676
vt -5.080000 0.709952
vt -0.997456 -5.736725
vt -0.997456 -5.579359
vt -1.097953 -5.594117
vt -1.066533 -5.547673
vt -1.135246 -5.514630
vt -1.198450 -5.594117
vt -1.203789 -5.479320
vt -1.298947 -5.594117
vt -1.271382 -5.441476
vt -1.298947 -5.441422
vt -1.337979 -5.400678
vt -1.399444 -5.441226
vt -1.402497 -5.357273
vt -1.499941 -5.441029
vt -1.463954 -5.311910
vt -1.499941 -5.286763
vt -1.522483 -5.264506
vt -1.600438 -5.286763
vt -1.600438 -5.440833
vt -1.700935 -5.286763
vt -1.700935 -5.440636
vt -1.801431 -5.418486
vt -1.801431 -5.616071
vt -1.630206 -5.163459
vt -1.700935 -5.133086
vt -1.676969 -5.111526
vt -1.717392 -5.059571
vt -1.750939 -5.007185
vt -1.801431 -5.023317
vt -1.801431 -5.220901
vt -1.777906 -4.950750
vt -1.795506 -4.889780
vt -1.801431 -4.825732
vt -1.801431 -5.813655
vt -1.700935 -5.747794
vt -1.700935 -5.594117
vt -1.700935 -5.901471
vt -1.801431 -6.011240
vt -1.700935 -6.055148
vt -1.801431 -6.208825
vt -1.700935 -6.208825
vt -1.700935 -6.362502
vt -1.600438 -6.362502
vt -1.600438 -6.516179
vt -1.499941 -6.516179
vt -1.499941 -6.669856
vt -1.399444 -6.669856
vt -1.399444 -6.823533
vt -1.298947 -6.823533
vt -1.298947 -6.977210
vt -1.248840 -6.963173
vt -1.313722 -7.001634
vt -1.399444 -6.977210
vt -1.378381 -7.043610
vt -1.443065 -7.089824
vt -1.499941 -6.977210
vt -1.499941 -7.130887
vt -1.600438 -6.977210
vt -1.507900 -7.140954
vt -1.600438 -7.130887
vt -1.569231 -7.194484
vt -1.624749 -7.248466
vt -1.700935 -7.130887
vt -1.700935 -7.284564
vt -1.801431 -7.196748
vt -1.716474 -7.356781
vt -1.801431 -7.394333
vt -1.751136 -7.410814
vt -1.778120 -7.467453
vt -1.795636 -7.528554
vt -1.801431 -7.591918
vt -1.801431 -6.406410
vt -1.700935 -6.516179
vt -1.600438 -6.669856
vt -1.499941 -6.823533
vt -1.801431 -6.603994
vt -1.700935 -6.669856
vt -1.600438 -6.823533
vt -1.801431 -6.801579
vt -1.700935 -6.823533
vt -1.801431 -6.999164
vt -1.700935 -6.977210
vt -1.674052 -7.302630
vt -1.198450 -6.823533
vt -1.183934 -6.927811
vt -1.120461 -6.895724
vt -1.097953 -6.823533
vt -1.058359 -6.866145
vt -0.997456 -6.680924
vt -0.997456 -6.838291
vt -1.097953 -6.669856
vt -0.997456 -6.523558
vt -1.097953 -6.516179
vt -0.997456 -6.366191
vt -1.097953 -6.362502
vt -0.997456 -6.208825
vt -1.097953 -6.208825
vt -1.097953 -6.055148
vt -1.198450 -6.055148
vt -1.198450 -5.901471
vt -1.298947 -5.901471
vt -1.298947 -5.747794
vt -1.399444 -5.747794
vt -1.399444 -5.594117
vt -1.499941 -5.594117
vt -0.997456 -6.051458
vt -1.097953 -5.901471
vt -1.198450 -5.747794
vt -0.997456 -5.894092
vt -1.097953 -5.747794
vt -1.600438 -5.594117
vt -1.600438 -5.747794
vt -1.600438 -5.901471
vt -1.600438 -6.055148
vt -1.600438 -6.208825
vt -1.499941 -5.747794
vt -1.399444 -5.901471
vt -1.298947 -6.055148
vt -1.198450 -6.208825
vt -1.499941 -5.901471
vt -1.499941 -6.055148
vt -1.499941 -6.208825
vt -1.499941 -6.362502
vt -1.399444 -6.055148
vt -1.298947 -6.208825
vt -1.198450 -6.362502
vt -1.399444 -6.208825
vt -1.399444 -6.362502
vt -1.399444 -6.516179
vt -1.298947 -6.362502
vt -1.198450 -6.516179
vt -1.298947 -6.516179
vt -1.298947 -6.669856
vt -1.198450 -6.669856
vt -1.100041 0.736516
vt -1.048535 0.556510
vt -0.956287 0.716942
vt -0.813116 0.709952
vt -1.011510 0.372978
vt -0.989201 0.187082
vt -0.000000 0.709952
vt -0.981749 0.000000
vt -0.000000 -0.709952
vt -0.989201 -0.187082
vt -0.813116 -0.709952
vt -1.011510 -0.372978
vt -1.048535 -0.556510
vt -1.100041 -0.736516
vt -0.956107 -0.716924
vt 0.000000 8.952805
vt 0.042268 9.001398
vt 0.000000 9.100528
vt 0.085502 9.054106
vt 0.094286 9.069703
vt 0.176166 9.165566
vt 0.094286 9.186601
vt 0.188572 9.186601
vt 0.094286 9.281050
vt 0.188572 9.281050
vt 0.094286 9.375498
vt 0.188572 9.375498
vt 0.094286 9.469946
vt 0.188572 9.469946
vt 0.094286 9.564395
vt 0.188572 9.564395
vt 0.094286 9.658843
vt 0.188572 9.658843
vt 0.094286 9.753291
vt 0.188572 9.753291
vt 0.094286 9.847740
vt 0.188572 9.847740
vt 0.094286 9.942188
vt 0.188572 9.942188
vt 0.094286 10.038656
vt 0.188572 10.038656
vt 0.094286 10.115088
vt 0.188572 10.115088
vt 0.094286 10.191520
vt 0.188572 10.191520
vt 0.094286 10.260720
vt 0.188572 10.260720
vt 0.094286 10.329919
vt 0.188572 10.329919
vt 0.094286 10.468317
vt 0.188572 10.468317
vt 0.094286 10.621600
vt 0.188572 10.621600
vt 0.094286 10.774883
vt 0.188572 10.774883
vt 0.094286 10.928165
vt 0.188572 10.928165
vt 0.094286 11.081448
vt 0.188572 11.081448
vt 0.185885 11.100374
vt 0.233938 11.064780
vt 0.282858 10.928165
vt 0.282858 10.774883
vt 0.377144 10.774883
vt 0.377144 10.621600
vt 0.471430 10.621600
vt 0.471430 10.468317
vt 0.565716 10.468317
vt 0.565716 10.329919
vt 0.660002 10.329919
vt 0.660002 10.260720
vt 0.754287 10.260720
vt 0.754287 10.191520
vt 0.848573 10.191520
vt 0.848573 10.115088
vt 0.942859 10.135110
vt 0.848573 10.038656
vt 0.942859 10.021861
vt 0.848573 9.942188
vt 0.942859 9.908613
vt 0.848573 9.847740
vt 0.942859 9.795338
vt 0.848573 9.753291
vt 0.942859 9.681997
vt 0.848573 9.658843
vt 0.848573 9.564395
vt 0.754287 9.658843
vt 0.754287 9.564395
vt 0.660002 9.658843
vt 0.660002 9.564395
vt 0.565716 9.658843
vt 0.565716 9.564395
vt 0.471430 9.658843
vt 0.471430 9.564395
vt 0.377144 9.658843
vt 0.377144 9.564395
vt 0.282858 9.658843
vt 0.282858 9.564395
vt 0.213733 9.204782
vt 0.255867 9.238186
vt 0.282858 9.281050
vt 0.282858 9.375498
vt 0.282858 9.469946
vt 0.302532 9.266044
vt 0.353696 9.288683
vt 0.377144 9.375498
vt 0.377144 9.469946
vt 0.407152 9.305949
vt 0.460474 9.318469
vt 0.471430 9.375498
vt 0.565722 9.334854
vt 0.565716 9.375498
vt 0.660002 9.375498
vt 0.565716 9.469946
vt 0.660002 9.469946
vt 0.668451 9.347603
vt 0.754287 9.375498
vt 0.754287 9.469946
vt 0.766476 9.364905
vt 0.813571 9.377500
vt 0.848573 9.469946
vt 0.858116 9.392978
vt 0.900875 9.411417
vt 0.942859 9.432902
vt 0.942859 9.557447
vt 0.942859 10.248358
vt 0.848573 10.260720
vt 0.754287 10.329919
vt 0.660002 10.468317
vt 0.565716 10.621600
vt 0.471430 10.774883
vt 0.377144 10.928165
vt 0.341469 11.018259
vt 0.286266 11.037626
vt 0.848573 10.329919
vt 0.942859 10.361606
vt 0.848573 10.468317
vt 0.942859 10.474855
vt 0.942859 10.588107
vt 0.848573 10.621600
vt 0.942858 10.677049
vt 0.848573 10.774883
vt 0.942859 10.765990
vt 0.942857 10.854933
vt 0.848573 10.928165
vt 0.942841 10.943884
vt 0.900645 10.967831
vt 0.857361 10.984263
vt 0.813934 10.993732
vt 0.754287 10.928165
vt 0.770467 10.998163
vt 0.724234 10.999376
vt 0.660002 10.928165
vt 0.674761 10.998492
vt 0.568249 10.995345
vt 0.565716 10.928165
vt 0.512920 10.995485
vt 0.471430 10.928165
vt 0.456338 10.998415
vt 0.398701 11.005564
vt 0.142723 11.145264
vt 0.094286 11.199423
vt 0.000000 11.169611
vt 0.069921 11.235341
vt 0.000000 11.317398
vt 0.000000 11.021824
vt 0.000000 10.874037
vt 0.000000 10.726250
vt 0.000000 10.578463
vt 0.000000 10.430676
vt 0.000000 10.356782
vt 0.000000 10.282889
vt 0.000000 10.208995
vt 0.000000 10.135102
vt 0.000000 10.061208
vt 0.000000 9.987315
vt 0.000000 9.913421
vt 0.000000 9.839528
vt 0.000000 9.691740
vt 0.000000 9.543953
vt 0.000000 9.396166
vt 0.000000 9.248360
vt 0.471430 9.469946
vt 0.754287 9.753291
vt 0.754287 9.847740
vt 0.754287 9.942188
vt 0.754287 10.038656
vt 0.754287 10.115088
vt 0.660002 9.753291
vt 0.660002 9.847740
vt 0.660002 9.942188
vt 0.660002 10.038656
vt 0.660002 10.115088
vt 0.660002 10.191520
vt 0.565716 9.753291
vt 0.565716 9.847740
vt 0.565716 9.942188
vt 0.565716 10.038656
vt 0.565716 10.115088
vt 0.565716 10.191520
vt 0.565716 10.260720
vt 0.471430 9.753291
vt 0.471430 9.847740
vt 0.471430 9.942188
vt 0.471430 10.038656
vt 0.471430 10.115088
vt 0.471430 10.191520
vt 0.471430 10.260720
vt 0.471430 10.329919
vt 0.377144 9.753291
vt 0.377144 9.847740
vt 0.377144 9.942188
vt 0.377144 10.038656
vt 0.377144 10.115088
vt 0.377144 10.191520
vt 0.377144 10.260720
vt 0.377144 10.329919
vt 0.377144 10.468317
vt 0.282858 9.753291
vt 0.282858 9.847740
vt 0.282858 9.942188
vt 0.282858 10.038656
vt 0.282858 10.115088
vt 0.282858 10.191520
vt 0.282858 10.260720
vt 0.282858 10.329919
vt 0.282858 10.468317
vt 0.282858 10.621600
vt 0.754287 10.468317
vt 0.660002 10.621600
vt 0.565716 10.774883
vt 0.754287 10.621600
vt 0.754287 10.774883
vt 0.660002 10.774883
vt 0.952500 -4.478540
vt 0.952500 -4.300406
vt -1.079500 -4.478540
vt -1.079500 -4.297625
vt 0.952500 -4.122271
vt -1.079500 -4.116710
vt 0.952500 -3.944137
vt -1.079500 -3.935796
vt 0.952500 -3.766003
vt -1.079500 -3.754881
vt 0.952500 -3.587869
vt -1.079500 -3.573967
vt 0.952500 -3.409734
vt -1.079500 -3.393052
vt 0.952500 -3.231600
vt -1.079500 -3.212137
vt 0.952500 -3.053466
vt -1.079500 -3.031223
vt 0.952500 -2.875332
vt -1.079500 -2.850308
vt 0.952500 -2.697197
vt -1.079500 -2.669393
vt 0.952500 -2.519063
vt -1.079500 -2.488479
vt 0.952500 -2.340929
vt -1.079500 -2.307564
vt 0.952500 -2.162795
vt -1.079500 -2.126649
vt 0.952500 -1.984660
vt -1.079500 -1.945735
vt 0.952500 -1.806526
vt -1.079500 -1.764820
vt 0.952500 -1.628392
vt -1.079500 -1.583905
vt 0.952500 -1.450258
vt -0.000022 -1.446571
vt 0.162980 -1.441451
vt 0.324136 -1.426342
vt 0.481869 -1.401907
vt 0.635000 -1.369083
vt 0.797239 -1.324461
vt 0.952500 -1.272123
vt -0.162997 -1.441412
vt -0.324167 -1.426324
vt -1.079500 -1.402991
vt -0.481901 -1.401909
vt -0.635000 -1.369083
vt -0.751465 -1.338084
vt -0.864470 -1.302972
vt -0.973859 -1.264171
vt -1.079500 -1.222076
vt 0.069728 9.034663
vt 0.142612 9.124848
vt 0.180399 9.164918
vt 0.223122 9.198444
vt 0.270639 9.225503
vt 0.322658 9.246244
vt 0.377144 9.281050
vt 0.377518 9.260671
vt 0.434515 9.269620
vt 0.493479 9.274103
vt 0.471430 9.281050
vt 0.085759 11.215819
vt 0.176261 11.104568
vt 0.215429 11.063887
vt 0.258357 11.030304
vt 0.304725 11.003056
vt 0.353984 10.981445
vt 0.457240 10.952436
vt 0.561675 10.935881
vt 0.660467 10.923721
vt 0.554322 9.275084
vt 0.565716 9.281050
vt 0.613555 9.273785
vt 0.660002 9.281050
vt 0.669100 9.271869
vt 0.720998 9.270836
vt 0.769327 9.272006
vt 0.754287 9.281050
vt 0.814191 9.276557
vt 0.848573 9.375498
vt 0.857751 9.286106
vt 0.901102 9.302643
vt 0.942841 9.326369
vt 0.942859 9.415303
vt 0.942859 9.504200
vt 0.942859 9.593085
vt 0.942858 10.712716
vt 0.942859 10.837325
vt 0.896230 10.861011
vt 0.849128 10.880713
vt 0.801830 10.896233
vt 0.754693 10.907978
vt 0.042452 11.268612
vt 0.762000 -1.079500
vt 1.428167 -0.040799
vt 0.762000 1.079500
vt 1.423509 0.122265
vt 1.400293 0.283736
vt -0.762000 -1.079500
vt 0.081566 -1.426420
vt 0.243634 -1.407824
vt 0.402525 -1.370876
vt -0.762000 1.079500
vt -1.428167 -0.040799
vt -1.414207 -0.203332
vt -1.381811 -0.363214
vt 0.000000 1.428750
vt -0.162865 1.419437
vt -0.323607 1.391620
vt -0.480131 1.345660
vt -0.630395 1.282158
vt -0.772441 1.201941
vt -0.904417 1.106055
vt -1.024602 0.995750
vt -1.131430 0.872463
vt -1.223509 0.737803
vt -1.299637 0.593524
vt -1.358822 0.441508
vt -1.400293 0.283736
vt -1.423509 0.122265
vt -1.331401 -0.518362
vt -1.263634 -0.666751
vt -1.179393 -0.806448
vt -1.079777 -0.935632
vt -0.966085 -1.052619
vt -0.839798 -1.155883
vt -0.702563 -1.244078
vt -0.556170 -1.316055
vt -0.402525 -1.370876
vt -0.243634 -1.407824
vt -0.081566 -1.426420
vt 0.556170 -1.316055
vt 0.702563 -1.244078
vt 0.839798 -1.155883
vt 0.966085 -1.052619
vt 1.079777 -0.935632
vt 1.179393 -0.806448
vt 1.263634 -0.666751
vt 1.331401 -0.518362
vt 1.381811 -0.363214
vt 1.414207 -0.203332
vt 1.358822 0.441508
vt 1.299637 0.593524
vt 1.223509 0.737803
vt 1.131430 0.872463
vt 1.024602 0.995750
vt 0.904417 1.106055
vt 0.772441 1.201941
vt 0.630395 1.282158
vt 0.480131 1.345660
vt 0.323607 1.391620
vt 0.162865 1.419437
vt -1.004023 0.709952
vt -1.004023 -0.709952
vt -0.888835 0.675606
vt -0.888835 -0.675606
vt -0.779513 -0.639395
vt -0.779513 0.639395
vt -0.676359 -0.601417
vt -0.676359 0.601417
vt -0.579658 -0.561777
vt -0.579658 0.561777
vt -0.489676 -0.520586
vt -0.489676 0.520586
vt -0.406663 -0.477956
vt -0.406663 0.477956
vt -0.330847 -0.434006
vt -0.330847 0.434006
vt -0.262439 -0.388856
vt -0.262439 0.388856
vt -0.201627 -0.342633
vt -0.201627 0.342633
vt -0.148579 -0.295463
vt -0.148579 0.295463
vt -0.103442 -0.247477
vt -0.103442 0.247477
vt -0.066340 -0.198807
vt -0.066340 0.198807
vt -0.037377 -0.149588
vt -0.037377 0.149588
vt -0.016631 -0.099955
vt -0.016631 0.099955
vt -0.004161 -0.050047
vt -0.004161 0.050047
vt -0.115188 0.675606
vt -0.115188 -0.675606
vt -0.224510 -0.639395
vt -0.224510 0.639395
vt -0.327664 -0.601417
vt -0.327664 0.601417
vt -0.424366 -0.561777
vt -0.424366 0.561777
vt -0.514347 -0.520586
vt -0.514347 0.520586
vt -0.597361 -0.477956
vt -0.597361 0.477956
vt -0.673176 -0.434006
vt -0.673176 0.434006
vt -0.741584 -0.388856
vt -0.741584 0.388856
vt -0.802396 -0.342633
vt -0.802396 0.342633
vt -0.855444 -0.295463
vt -0.855444 0.295463
vt -0.900581 -0.247477
vt -0.900581 0.247477
vt -0.937683 -0.198807
vt -0.937683 0.198807
vt -0.966647 -0.149588
vt -0.966647 0.149588
vt -0.987392 -0.099955
vt -0.987392 0.099955
vt -0.999863 -0.050047
vt -0.999863 0.050047
vt -1.004023 -0.000000
vt 1.895534 0.189677
vt 1.867229 0.377468
vt 1.905000 0.000000
vt 1.820366 0.561509
vt 1.755412 0.739968
vt 1.673012 0.911074
vt 1.573985 1.073125
vt 1.459315 1.224510
vt 1.330141 1.363726
vt 1.187748 1.489389
vt 1.033551 1.600249
vt 0.869081 1.695206
vt 0.695975 1.773314
vt 0.515951 1.833799
vt 0.330800 1.876059
vt 0.142361 1.899673
vt -0.047493 1.904408
vt -0.236875 1.890216
vt -0.423902 1.857238
vt -0.606717 1.805802
vt -0.783502 1.736419
vt -0.952500 1.649778
vt -1.112032 1.546742
vt 1.895534 -0.189677
vt -1.260512 1.428333
vt -1.396464 1.295729
vt -1.518537 1.150247
vt -1.625519 0.993334
vt -1.716346 0.826549
vt -1.790114 0.651548
vt -1.846092 0.470073
vt -1.883723 0.283926
vt -1.902632 0.094956
vt -1.902632 -0.094956
vt -1.883723 -0.283926
vt 1.867229 -0.377468
vt -1.846092 -0.470073
vt 1.820366 -0.561509
vt -1.790114 -0.651548
vt 1.755412 -0.739968
vt -1.716346 -0.826549
vt 1.673012 -0.911074
vt -1.625519 -0.993334
vt 1.573985 -1.073125
vt -1.518537 -1.150247
vt 1.459315 -1.224510
vt -1.396464 -1.295729
vt 1.330141 -1.363726
vt -1.260512 -1.428333
vt 1.187748 -1.489389
vt -1.112032 -1.546742
vt 1.033551 -1.600249
vt -0.952500 -1.649778
vt 0.869081 -1.695206
vt -0.783502 -1.736419
vt 0.695975 -1.773314
vt -0.606717 -1.805802
vt 0.515951 -1.833799
vt -0.423902 -1.857238
vt 0.330800 -1.876059
vt -0.236875 -1.890216
vt 0.142361 -1.899673
vt -0.047493 -1.904408
s 1
usemtl 191,191,191
f 16/1/1 1/2/1 15/3/2
f 15/3/2 1/2/1 2/4/2
f 15/3/2 2/4/2 14/5/3
f 14/5/3 2/4/2 3/6/3
f 14/5/3 3/6/3 13/7/4
f 13/7/4 3/6/3 4/8/4
f 13/7/4 4/8/4 12/9/5
f 12/9/5 4/8/4 5/10/5
f 12/9/5 5/10/5 11/11/6
f 11/11/6 5/10/5 6/12/6
f 11/11/6 6/12/6 10/13/7
f 10/13/7 6/12/6 7/14/7
f 10/13/7 7/14/7 9/15/8
f 9/15/8 7/14/7 8/16/8
f 9/17/8 8/18/8 18/19/8
f 18/19/8 8/18/8 17/20/8
f 34/1/1 19/2/1 33/3/9
f 33/3/9 19/2/1 20/4/9
f 33/3/9 20/4/9 32/5/10
f 32/5/10 20/4/9 21/6/10
f 32/5/10 21/6/10 31/7/11
f 31/7/11 21/6/10 22/8/11
f 31/7/11 22/8/11 30/9/12
f 30/9/12 22/8/11 23/10/12
f 30/9/12 23/10/12 29/11/13
f 29/11/13 23/10/12 24/12/13
f 29/11/13 24/12/13 28/13/14
f 28/13/14 24/12/13 25/14/14
f 28/13/14 25/14/14 27/15/15
f 27/15/15 25/14/14 26/16/15
f 27/17/15 26/18/15 36/19/15
f 36/19/15 26/18/15 35/20/15
f 52/21/16 37/22/16 51/23/17
f 51/23/17 37/22/16 38/24/17
f 51/23/17 38/24/17 50/25/18
f 50/25/18 38/24/17 39/26/18
f 50/25/18 39/26/18 49/27/19
f 49/27/19 39/26/18 40/28/19
f 49/27/19 40/28/19 48/29/20
f 48/29/20 40/28/19 41/30/20
f 48/29/20 41/30/20 47/31/21
f 47/31/21 41/30/20 42/32/21
f 47/31/21 42/32/21 46/33/22
f 46/33/22 42/32/21 43/34/22
f 46/33/22 43/34/22 45/35/8
f 45/35/8 43/34/22 44/36/8
f 45/37/8 44/38/8 54/39/8
f 54/39/8 44/38/8 53/19/8
f 70/21/16 55/22/16 69/23/23
f 69/23/23 55/22/16 56/24/23
f 69/23/23 56/24/23 68/25/24
f 68/25/24 56/24/23 57/26/24
f 68/25/24 57/26/24 67/27/25
f 67/27/25 57/26/24 58/28/25
f 67/27/25 58/28/25 66/29/26
f 66/29/26 58/28/25 59/30/26
f 66/29/26 59/30/26 65/31/27
f 65/31/27 59/30/26 60/32/27
f 65/31/27 60/32/27 64/33/28
f 64/33/28 60/32/27 61/34/28
f 64/33/28 61/34/28 63/35/15
f 63/35/15 61/34/28 62/36/15
f 63/37/15 62/38/15 72/39/15
f 72/39/15 62/38/15 71/19/15
f 1/40/29 34/41/29 2/42/29
f 2/42/29 34/41/29 33/43/29
f 2/42/29 33/43/29 3/44/29
f 3/44/29 33/43/29 32/45/29
f 3/44/29 32/45/29 4/46/29
f 4/46/29 32/45/29 31/47/29
f 4/46/29 31/47/29 5/48/29
f 5/48/29 31/47/29 30/49/29
f 5/48/29 30/49/29 6/50/29
f 6/50/29 30/49/29 29/51/29
f 6/50/29 29/51/29 7/52/29
f 7/52/29 29/51/29 28/53/29
f 7/52/29 28/53/29 8/17/29
f 8/17/29 28/53/29 27/18/29
f 8/17/29 27/18/29 17/19/29
f 17/19/29 27/18/29 36/20/29
f 19/40/30 16/41/30 20/42/30
f 20/42/30 16/41/30 15/43/30
f 20/42/30 15/43/30 21/44/30
f 21/44/30 15/43/30 14/45/30
f 21/44/30 14/45/30 22/46/30
f 22/46/30 14/45/30 13/47/30
f 22/46/30 13/47/30 23/48/30
f 23/48/30 13/47/30 12/49/30
f 23/48/30 12/49/30 24/50/30
f 24/50/30 12/49/30 11/51/30
f 24/50/30 11/51/30 25/52/30
f 25/52/30 11/51/30 10/53/30
f 25/52/30 10/53/30 26/17/30
f 26/17/30 10/53/30 9/18/30
f 26/17/30 9/18/30 35/19/30
f 35/19/30 9/18/30 18/20/30
f 18/54/1 17/55/1 35/56/1
f 35/56/1 17/55/1 36/57/1
f 37/58/30 70/59/30 38/60/30
f 38/60/30 70/59/30 69/61/30
f 38/60/30 69/61/30 39/62/30
f 39/62/30 69/61/30 68/63/30
f 39/62/30 68/63/30 40/64/30
f 40/64/30 68/63/30 67/65/30
f 40/64/30 67/65/30 41/66/30
f 41/66/30 67/65/30 66/67/30
f 41/66/30 66/67/30 42/68/30
f 42/68/30 66/67/30 65/69/30
f 42/68/30 65/69/30 43/70/30
f 43/70/30 65/69/30 64/71/30
f 43/70/30 64/71/30 44/37/30
f 44/37/30 64/71/30 63/38/30
f 44/37/30 63/38/30 53/39/30
f 53/39/30 63/38/30 72/19/30
f 55/58/29 52/59/29 56/60/29
f 56/60/29 52/59/29 51/61/29
f 56/60/29 51/61/29 57/62/29
f 57/62/29 51/61/29 50/63/29
f 57/62/29 50/63/29 58/64/29
f 58/64/29 50/63/29 49/65/29
f 58/64/29 49/65/29 59/66/29
f 59/66/29 49/65/29 48/67/29
f 59/66/29 48/67/29 60/68/29
f 60/68/29 48/67/29 47/69/29
f 60/68/29 47/69/29 61/70/29
f 61/70/29 47/69/29 46/71/29
f 61/70/29 46/71/29 62/37/29
f 62/37/29 46/71/29 45/38/29
f 62/37/29 45/38/29 71/39/29
f 71/39/29 45/38/29 54/19/29
f 54/54/16 53/55/16 71/56/16
f 71/56/16 53/55/16 72/57/16
f 74/72/31 237/73/32 73/74/29
f 73/74/29 237/73/32 238/75/33
f 73/74/29 238/75/33 215/76/34
f 215/76/34 238/75/33 239/77/35
f 215/76/34 239/77/35 216/78/36
f 216/78/36 239/77/35 240/79/37
f 216/78/36 240/79/37 217/80/38
f 217/80/38 240/79/37 241/81/39
f 217/80/38 241/81/39 218/82/40
f 218/82/40 241/81/39 242/83/41
f 218/82/40 242/83/41 219/84/42
f 219/84/42 242/83/41 243/85/43
f 219/84/42 243/85/43 220/86/44
f 220/86/44 243/85/43 244/87/45
f 220/86/44 244/87/45 221/88/46
f 221/88/46 244/87/45 245/89/47
f 221/88/46 245/89/47 222/90/48
f 222/90/48 245/89/47 246/91/49
f 222/90/48 246/91/49 223/92/50
f 223/92/50 246/91/49 247/93/51
f 223/92/50 247/93/51 224/94/52
f 224/94/52 247/93/51 248/95/53
f 224/94/52 248/95/53 225/96/54
f 225/96/54 248/95/53 191/97/55
f 237/73/32 74/72/31 236/98/56
f 236/98/56 74/72/31 75/99/57
f 236/98/56 75/99/57 235/100/58
f 235/100/58 75/99/57 76/101/59
f 235/100/58 76/101/59 253/102/60
f 253/102/60 76/101/59 252/103/61
f 253/102/60 252/103/61 273/104/62
f 273/104/62 252/103/61 272/105/63
f 273/104/62 272/105/63 296/106/64
f 296/106/64 272/105/63 295/107/65
f 296/106/64 295/107/65 320/108/66
f 320/108/66 295/107/65 319/109/67
f 320/108/66 319/109/67 345/110/68
f 345/110/68 319/109/67 344/111/69
f 345/110/68 344/111/69 371/112/70
f 371/112/70 344/111/69 370/113/71
f 371/112/70 370/113/71 400/114/72
f 400/114/72 370/113/71 804/115/73
f 400/114/72 804/115/73 145/116/74
f 145/116/74 804/115/73 399/117/75
f 145/116/74 399/117/75 144/118/76
f 144/118/76 399/117/75 401/119/77
f 144/118/76 401/119/77 396/120/78
f 396/120/78 401/119/77 395/121/79
f 396/120/78 395/121/79 143/122/80
f 143/122/80 395/121/79 142/123/81
f 142/123/81 395/121/79 394/124/82
f 142/123/81 394/124/82 141/125/83
f 141/125/83 394/124/82 426/126/84
f 141/125/83 426/126/84 140/127/85
f 140/127/85 426/126/84 425/128/86
f 140/127/85 425/128/86 139/129/87
f 139/129/87 425/128/86 424/130/88
f 139/129/87 424/130/88 785/131/89
f 785/131/89 424/130/88 423/132/90
f 785/131/89 423/132/90 786/133/91
f 786/133/91 423/132/90 422/134/92
f 786/133/91 422/134/92 787/135/93
f 787/135/93 422/134/92 421/136/94
f 787/135/93 421/136/94 788/137/95
f 788/137/95 421/136/94 420/138/96
f 788/137/95 420/138/96 789/139/97
f 789/139/97 420/138/96 419/140/98
f 789/139/97 419/140/98 790/141/99
f 790/141/99 419/140/98 418/142/100
f 790/141/99 418/142/100 791/143/101
f 791/143/101 418/142/100 417/144/102
f 791/143/101 417/144/102 792/145/103
f 792/145/103 417/144/102 416/146/104
f 792/145/103 416/146/104 205/147/105
f 205/147/105 416/146/104 91/148/106
f 205/147/105 91/148/106 92/149/107
f 76/101/59 77/150/108 252/103/61
f 252/103/61 77/150/108 251/151/109
f 252/103/61 251/151/109 272/105/63
f 272/105/63 251/151/109 271/152/110
f 272/105/63 271/152/110 295/107/65
f 295/107/65 271/152/110 294/153/111
f 295/107/65 294/153/111 319/109/67
f 319/109/67 294/153/111 318/154/112
f 319/109/67 318/154/112 344/111/69
f 344/111/69 318/154/112 343/155/113
f 344/111/69 343/155/113 370/113/71
f 370/113/71 343/155/113 369/156/114
f 370/113/71 369/156/114 804/115/73
f 804/115/73 369/156/114 805/157/115
f 804/115/73 805/157/115 401/119/77
f 401/119/77 805/157/115 402/158/116
f 401/119/77 402/158/116 395/121/79
f 395/121/79 402/158/116 394/124/82
f 77/150/108 78/159/117 251/151/109
f 251/151/109 78/159/117 250/160/118
f 251/151/109 250/160/118 271/152/110
f 271/152/110 250/160/118 270/161/119
f 271/152/110 270/161/119 294/153/111
f 294/153/111 270/161/119 293/162/120
f 294/153/111 293/162/120 318/154/112
f 318/154/112 293/162/120 317/163/121
f 318/154/112 317/163/121 343/155/113
f 343/155/113 317/163/121 342/164/122
f 343/155/113 342/164/122 369/156/114
f 369/156/114 342/164/122 368/165/123
f 369/156/114 368/165/123 805/157/115
f 805/157/115 368/165/123 806/166/124
f 805/157/115 806/166/124 402/158/116
f 402/158/116 806/166/124 403/167/125
f 402/158/116 403/167/125 394/124/82
f 394/124/82 403/167/125 393/168/126
f 394/124/82 393/168/126 426/126/84
f 426/126/84 393/168/126 425/128/86
f 78/159/117 79/169/127 250/160/118
f 250/160/118 79/169/127 249/170/128
f 250/160/118 249/170/128 270/161/119
f 270/161/119 249/170/128 269/171/129
f 270/161/119 269/171/129 293/162/120
f 293/162/120 269/171/129 292/172/130
f 293/162/120 292/172/130 317/163/121
f 317/163/121 292/172/130 316/173/131
f 317/163/121 316/173/131 342/164/122
f 342/164/122 316/173/131 341/174/132
f 342/164/122 341/174/132 368/165/123
f 368/165/123 341/174/132 367/175/133
f 368/165/123 367/175/133 806/166/124
f 806/166/124 367/175/133 807/176/134
f 806/166/124 807/176/134 403/167/125
f 403/167/125 807/176/134 404/177/135
f 403/167/125 404/177/135 393/168/126
f 393/168/126 404/177/135 392/178/136
f 393/168/126 392/178/136 425/128/86
f 425/128/86 392/178/136 424/130/88
f 79/169/127 80/179/137 249/170/128
f 249/170/128 80/179/137 269/171/129
f 269/171/129 80/179/137 268/180/138
f 268/180/138 80/179/137 81/181/139
f 268/180/138 81/181/139 267/182/140
f 267/182/140 81/181/139 82/183/141
f 267/182/140 82/183/141 83/184/142
f 267/182/140 83/184/142 289/185/143
f 289/185/143 83/184/142 84/186/144
f 289/185/143 84/186/144 288/187/145
f 288/187/145 84/186/144 85/188/146
f 288/187/145 85/188/146 287/189/147
f 287/189/147 85/188/146 86/190/148
f 287/189/147 86/190/148 311/191/149
f 311/191/149 86/190/148 310/192/150
f 311/191/149 310/192/150 336/193/151
f 336/193/151 310/192/150 335/194/152
f 336/193/151 335/194/152 362/195/153
f 362/195/153 335/194/152 361/196/154
f 362/195/153 361/196/154 812/197/155
f 812/197/155 361/196/154 813/198/156
f 812/197/155 813/198/156 409/199/157
f 409/199/157 813/198/156 410/200/158
f 409/199/157 410/200/158 387/201/159
f 387/201/159 410/200/158 386/202/160
f 387/201/159 386/202/160 419/140/98
f 419/140/98 386/202/160 418/142/100
f 86/190/148 87/203/161 310/192/150
f 310/192/150 87/203/161 335/194/152
f 335/194/152 87/203/161 334/204/162
f 334/204/162 87/203/161 88/205/163
f 334/204/162 88/205/163 360/206/164
f 360/206/164 88/205/163 359/207/165
f 360/206/164 359/207/165 814/208/166
f 814/208/166 359/207/165 815/209/167
f 814/208/166 815/209/167 411/210/168
f 411/210/168 815/209/167 412/211/169
f 411/210/168 412/211/169 385/212/170
f 385/212/170 412/211/169 90/213/171
f 385/212/170 90/213/171 91/148/106
f 88/205/163 89/214/172 359/207/165
f 359/207/165 89/214/172 816/215/173
f 359/207/165 816/215/173 815/209/167
f 815/209/167 816/215/173 412/211/169
f 89/214/172 90/213/171 816/215/173
f 816/215/173 90/213/171 412/211/169
f 93/216/174 207/217/175 92/149/107
f 92/149/107 207/217/175 427/218/176
f 92/149/107 427/218/176 443/219/177
f 443/219/177 427/218/176 428/220/178
f 443/219/177 428/220/178 442/221/179
f 442/221/179 428/220/178 429/222/180
f 442/221/179 429/222/180 441/223/181
f 441/223/181 429/222/180 430/224/182
f 441/223/181 430/224/182 440/225/183
f 440/225/183 430/224/182 431/226/184
f 440/225/183 431/226/184 439/227/185
f 439/227/185 431/226/184 432/228/186
f 439/227/185 432/228/186 438/229/187
f 438/229/187 432/228/186 433/230/188
f 438/229/187 433/230/188 437/231/189
f 437/231/189 433/230/188 434/232/190
f 437/231/189 434/232/190 436/233/191
f 436/233/191 434/232/190 137/234/192
f 436/233/191 137/234/192 435/235/193
f 435/235/193 137/234/192 138/236/194
f 435/235/193 138/236/194 785/131/89
f 785/131/89 138/236/194 139/129/87
f 94/237/195 210/238/196 93/216/174
f 93/216/174 210/238/196 444/239/197
f 93/216/174 444/239/197 457/240/198
f 457/240/198 444/239/197 445/241/199
f 457/240/198 445/241/199 456/242/200
f 456/242/200 445/241/199 446/243/201
f 456/242/200 446/243/201 455/244/202
f 455/244/202 446/243/201 447/245/203
f 455/244/202 447/245/203 454/246/204
f 454/246/204 447/245/203 448/247/205
f 454/246/204 448/247/205 453/248/206
f 453/248/206 448/247/205 449/249/207
f 453/248/206 449/249/207 452/250/208
f 452/250/208 449/249/207 450/251/209
f 452/250/208 450/251/209 451/252/210
f 451/252/210 450/251/209 188/253/211
f 451/252/210 188/253/211 189/254/212
f 95/255/213 212/256/214 94/237/195
f 94/237/195 212/256/214 465/257/215
f 94/237/195 465/257/215 464/258/216
f 464/258/216 465/257/215 466/259/217
f 464/258/216 466/259/217 463/260/218
f 463/260/218 466/259/217 467/261/219
f 463/260/218 467/261/219 462/262/220
f 462/262/220 467/261/219 468/263/221
f 462/262/220 468/263/221 461/264/222
f 461/264/222 468/263/221 469/265/223
f 461/264/222 469/265/223 460/266/224
f 460/266/224 469/265/223 470/267/225
f 460/266/224 470/267/225 459/268/226
f 459/268/226 470/267/225 471/269/227
f 459/268/226 471/269/227 458/270/228
f 458/270/228 471/269/227 185/271/229
f 458/270/228 185/271/229 186/272/230
f 96/273/231 480/274/232 95/255/213
f 95/255/213 480/274/232 479/275/233
f 95/255/213 479/275/233 212/256/214
f 212/256/214 479/275/233 478/276/234
f 212/256/214 478/276/234 916/277/235
f 916/277/235 478/276/234 477/278/236
f 916/277/235 477/278/236 915/279/237
f 915/279/237 477/278/236 476/280/238
f 915/279/237 476/280/238 914/281/239
f 914/281/239 476/280/238 475/282/240
f 914/281/239 475/282/240 913/283/241
f 913/283/241 475/282/240 474/284/242
f 913/283/241 474/284/242 912/285/243
f 912/285/243 474/284/242 473/286/244
f 912/285/243 473/286/244 911/287/245
f 911/287/245 473/286/244 472/288/246
f 911/287/245 472/288/246 184/289/247
f 184/289/247 472/288/246 183/290/248
f 183/290/248 472/288/246 182/291/249
f 182/291/249 472/288/246 487/292/250
f 182/291/249 487/292/250 181/293/251
f 181/293/251 487/292/250 904/294/252
f 181/293/251 904/294/252 903/295/253
f 903/295/253 904/294/252 489/296/254
f 903/295/253 489/296/254 180/297/255
f 180/297/255 489/296/254 488/298/256
f 180/297/255 488/298/256 179/299/257
f 179/299/257 488/298/256 178/300/258
f 178/300/258 488/298/256 506/301/259
f 178/300/258 506/301/259 507/302/260
f 507/302/260 506/301/259 518/303/261
f 507/302/260 518/303/261 519/304/262
f 519/304/262 518/303/261 539/305/263
f 519/304/262 539/305/263 538/306/264
f 538/306/264 539/305/263 559/307/265
f 538/306/264 559/307/265 560/308/266
f 560/308/266 559/307/265 585/309/267
f 560/308/266 585/309/267 586/310/268
f 586/310/268 585/309/267 609/311/269
f 586/310/268 609/311/269 610/312/270
f 610/312/270 609/311/269 631/313/271
f 610/312/270 631/313/271 632/314/272
f 632/314/272 631/313/271 650/315/273
f 632/314/272 650/315/273 651/316/274
f 651/316/274 650/315/273 666/317/275
f 651/316/274 666/317/275 667/318/276
f 667/318/276 666/317/275 678/319/277
f 667/318/276 678/319/277 679/320/278
f 679/320/278 678/319/277 115/321/279
f 679/320/278 115/321/279 116/322/280
f 97/323/281 497/324/282 96/273/231
f 96/273/231 497/324/282 214/325/283
f 96/273/231 214/325/283 480/274/232
f 480/274/232 214/325/283 910/326/284
f 480/274/232 910/326/284 481/327/285
f 481/327/285 910/326/284 909/328/286
f 481/327/285 909/328/286 482/329/287
f 482/329/287 909/328/286 908/330/288
f 482/329/287 908/330/288 483/331/289
f 483/331/289 908/330/288 907/332/290
f 483/331/289 907/332/290 484/333/291
f 484/333/291 907/332/290 906/334/292
f 484/333/291 906/334/292 485/335/293
f 485/335/293 906/334/292 905/336/294
f 485/335/293 905/336/294 486/337/295
f 486/337/295 905/336/294 904/294/252
f 486/337/295 904/294/252 487/292/250
f 98/338/296 509/339/297 97/323/281
f 97/323/281 509/339/297 498/340/298
f 97/323/281 498/340/298 496/341/299
f 496/341/299 498/340/298 499/342/300
f 496/341/299 499/342/300 495/343/301
f 495/343/301 499/342/300 500/344/302
f 495/343/301 500/344/302 494/345/303
f 494/345/303 500/344/302 501/346/304
f 494/345/303 501/346/304 493/347/305
f 493/347/305 501/346/304 502/348/306
f 493/347/305 502/348/306 492/349/307
f 492/349/307 502/348/306 503/350/308
f 492/349/307 503/350/308 491/351/309
f 491/351/309 503/350/308 504/352/310
f 491/351/309 504/352/310 490/353/311
f 490/353/311 504/352/310 505/354/312
f 490/353/311 505/354/312 489/296/254
f 489/296/254 505/354/312 506/301/259
f 489/296/254 506/301/259 488/298/256
f 99/355/313 549/356/314 98/338/296
f 98/338/296 549/356/314 548/357/315
f 98/338/296 548/357/315 510/358/316
f 510/358/316 548/357/315 547/359/317
f 510/358/316 547/359/317 511/360/318
f 511/360/318 547/359/317 546/361/319
f 511/360/318 546/361/319 512/362/320
f 512/362/320 546/361/319 545/363/321
f 512/362/320 545/363/321 513/364/322
f 513/364/322 545/363/321 544/365/323
f 513/364/322 544/365/323 514/366/324
f 514/366/324 544/365/323 543/367/325
f 514/366/324 543/367/325 515/368/326
f 515/368/326 543/367/325 542/369/327
f 515/368/326 542/369/327 516/370/328
f 516/370/328 542/369/327 541/371/329
f 516/370/328 541/371/329 517/372/330
f 517/372/330 541/371/329 540/373/331
f 517/372/330 540/373/331 518/303/261
f 518/303/261 540/373/331 539/305/263
f 100/374/332 575/375/333 99/355/313
f 99/355/313 575/375/333 550/376/334
f 99/355/313 550/376/334 549/356/314
f 549/356/314 550/376/334 548/357/315
f 575/375/333 100/374/332 576/377/335
f 576/377/335 100/374/332 101/378/336
f 576/377/335 101/378/336 577/379/337
f 577/379/337 101/378/336 102/380/338
f 577/379/337 102/380/338 600/381/339
f 600/381/339 102/380/338 103/382/340
f 600/381/339 103/382/340 601/383/341
f 601/383/341 103/382/340 104/384/342
f 601/383/341 104/384/342 602/385/343
f 602/385/343 104/384/342 623/386/344
f 602/385/343 623/386/344 624/387/345
f 624/387/345 623/386/344 105/388/346
f 624/387/345 105/388/346 106/389/347
f 104/384/342 105/388/346 623/386/344
f 624/387/345 106/389/347 625/390/348
f 625/390/348 106/389/347 107/391/349
f 625/390/348 107/391/349 626/392/350
f 626/392/350 107/391/349 644/393/351
f 626/392/350 644/393/351 645/394/352
f 645/394/352 644/393/351 108/395/353
f 645/394/352 108/395/353 109/396/354
f 107/391/349 108/395/353 644/393/351
f 645/394/352 109/396/354 646/397/355
f 646/397/355 109/396/354 110/398/356
f 646/397/355 110/398/356 647/399/357
f 647/399/357 110/398/356 662/400/358
f 647/399/357 662/400/358 663/401/359
f 663/401/359 662/400/358 111/402/360
f 663/401/359 111/402/360 112/403/361
f 110/398/356 111/402/360 662/400/358
f 663/401/359 112/403/361 664/404/362
f 664/404/362 112/403/361 113/405/363
f 664/404/362 113/405/363 665/406/364
f 665/406/364 113/405/363 677/407/365
f 665/406/364 677/407/365 666/317/275
f 666/317/275 677/407/365 678/319/277
f 113/405/363 114/408/366 677/407/365
f 677/407/365 114/408/366 678/319/277
f 114/408/366 115/321/279 678/319/277
f 117/409/367 689/410/368 116/322/280
f 116/322/280 689/410/368 680/411/369
f 116/322/280 680/411/369 679/320/278
f 679/320/278 680/411/369 668/412/370
f 679/320/278 668/412/370 667/318/276
f 667/318/276 668/412/370 652/413/371
f 667/318/276 652/413/371 651/316/274
f 651/316/274 652/413/371 633/414/372
f 651/316/274 633/414/372 632/314/272
f 632/314/272 633/414/372 611/415/373
f 632/314/272 611/415/373 610/312/270
f 610/312/270 611/415/373 587/416/374
f 610/312/270 587/416/374 586/310/268
f 586/310/268 587/416/374 561/417/375
f 586/310/268 561/417/375 560/308/266
f 560/308/266 561/417/375 537/418/376
f 560/308/266 537/418/376 538/306/264
f 538/306/264 537/418/376 520/419/377
f 538/306/264 520/419/377 519/304/262
f 519/304/262 520/419/377 176/420/378
f 519/304/262 176/420/378 508/421/379
f 508/421/379 176/420/378 177/422/380
f 508/421/379 177/422/380 507/302/260
f 507/302/260 177/422/380 178/300/258
f 118/423/381 698/424/382 117/409/367
f 117/409/367 698/424/382 690/425/383
f 117/409/367 690/425/383 689/410/368
f 689/410/368 690/425/383 681/426/384
f 689/410/368 681/426/384 680/411/369
f 680/411/369 681/426/384 669/427/385
f 680/411/369 669/427/385 668/412/370
f 668/412/370 669/427/385 653/428/386
f 668/412/370 653/428/386 652/413/371
f 652/413/371 653/428/386 634/429/387
f 652/413/371 634/429/387 633/414/372
f 633/414/372 634/429/387 612/430/388
f 633/414/372 612/430/388 611/415/373
f 611/415/373 612/430/388 588/431/389
f 611/415/373 588/431/389 587/416/374
f 587/416/374 588/431/389 562/432/390
f 587/416/374 562/432/390 561/417/375
f 561/417/375 562/432/390 536/433/391
f 561/417/375 536/433/391 537/418/376
f 537/418/376 536/433/391 521/434/392
f 537/418/376 521/434/392 520/419/377
f 520/419/377 521/434/392 175/435/393
f 520/419/377 175/435/393 176/420/378
f 698/424/382 118/423/381 699/436/394
f 699/436/394 118/423/381 119/437/395
f 699/436/394 119/437/395 700/438/396
f 700/438/396 119/437/395 706/439/397
f 700/438/396 706/439/397 707/440/398
f 707/440/398 706/439/397 120/441/399
f 707/440/398 120/441/399 192/442/400
f 192/443/400 120/444/399 121/445/401
f 192/443/400 121/445/401 197/446/402
f 197/446/402 121/445/401 122/447/403
f 197/446/402 122/447/403 718/448/404
f 718/448/404 122/447/403 719/449/405
f 718/448/404 719/449/405 198/450/406
f 198/450/406 719/449/405 123/451/407
f 198/450/406 123/451/407 724/452/408
f 724/452/408 123/451/407 725/453/409
f 724/452/408 725/453/409 726/454/410
f 726/454/410 725/453/409 923/455/411
f 726/454/410 923/455/411 924/456/412
f 924/456/412 923/455/411 728/457/413
f 924/456/412 728/457/413 191/458/55
f 119/437/395 120/441/399 706/439/397
f 122/447/403 123/451/407 719/449/405
f 123/451/407 124/459/414 725/453/409
f 725/453/409 124/459/414 199/460/415
f 725/453/409 199/460/415 923/455/411
f 923/455/411 199/460/415 729/461/416
f 923/455/411 729/461/416 728/457/413
f 728/457/413 729/461/416 733/462/417
f 728/457/413 733/462/417 191/463/55
f 125/464/418 200/465/419 124/459/414
f 124/459/414 200/465/419 731/466/420
f 124/459/414 731/466/420 730/467/421
f 730/467/421 731/466/420 732/468/422
f 730/467/421 732/468/422 729/461/416
f 729/461/416 732/468/422 733/462/417
f 126/469/423 201/470/424 125/464/418
f 125/464/418 201/470/424 734/471/425
f 125/464/418 734/471/425 739/472/426
f 739/472/426 734/471/425 735/473/427
f 739/472/426 735/473/427 738/474/428
f 738/474/428 735/473/427 736/475/429
f 738/474/428 736/475/429 737/476/430
f 737/476/430 736/475/429 191/477/55
f 127/478/431 202/479/432 126/469/423
f 126/469/423 202/479/432 740/480/433
f 126/469/423 740/480/433 745/481/434
f 745/481/434 740/480/433 741/482/435
f 745/481/434 741/482/435 744/483/436
f 744/483/436 741/482/435 742/484/437
f 744/483/436 742/484/437 743/485/438
f 743/485/438 742/484/437 191/486/55
f 128/487/439 203/488/440 127/478/431
f 127/478/431 203/488/440 750/489/441
f 127/478/431 750/489/441 202/479/432
f 202/479/432 750/489/441 749/490/442
f 202/479/432 749/490/442 930/491/443
f 930/491/443 749/490/442 748/492/444
f 930/491/443 748/492/444 929/493/445
f 929/493/445 748/492/444 191/494/55
f 129/495/446 204/496/447 128/487/439
f 128/487/439 204/496/447 756/497/448
f 128/487/439 756/497/448 203/488/440
f 203/488/440 756/497/448 755/498/449
f 203/488/440 755/498/449 746/499/450
f 746/499/450 755/498/449 754/500/451
f 746/499/450 754/500/451 747/501/452
f 747/501/452 754/500/451 191/502/55
f 130/503/453 757/504/454 129/495/446
f 129/495/446 757/504/454 758/505/455
f 129/495/446 758/505/455 765/506/456
f 765/506/456 758/505/455 759/507/457
f 765/506/456 759/507/457 764/508/458
f 764/508/458 759/507/457 760/509/459
f 764/508/458 760/509/459 763/510/460
f 763/510/460 760/509/459 761/511/461
f 763/510/460 761/511/461 762/512/462
f 762/512/462 761/511/461 191/513/55
f 131/514/463 766/515/464 130/503/453
f 130/503/453 766/515/464 767/516/465
f 130/503/453 767/516/465 757/504/454
f 757/504/454 767/516/465 768/517/466
f 757/504/454 768/517/466 758/505/455
f 758/505/455 768/517/466 769/518/467
f 758/505/455 769/518/467 759/507/457
f 759/507/457 769/518/467 770/519/468
f 759/507/457 770/519/468 760/509/459
f 760/509/459 770/519/468 771/520/469
f 760/509/459 771/520/469 761/511/461
f 761/511/461 771/520/469 191/521/55
f 132/522/470 772/523/471 131/514/463
f 131/514/463 772/523/471 773/524/472
f 131/514/463 773/524/472 766/515/464
f 766/515/464 773/524/472 774/525/473
f 766/515/464 774/525/473 767/516/465
f 767/516/465 774/525/473 775/526/474
f 767/516/465 775/526/474 768/517/466
f 768/517/466 775/526/474 776/527/475
f 768/517/466 776/527/475 769/518/467
f 769/518/467 776/527/475 777/528/476
f 769/518/467 777/528/476 770/519/468
f 770/519/468 777/528/476 778/529/477
f 770/519/468 778/529/477 771/520/469
f 771/520/469 778/529/477 191/530/55
f 133/531/478 233/532/479 132/522/470
f 132/522/470 233/532/479 232/533/480
f 132/522/470 232/533/480 772/523/471
f 772/523/471 232/533/480 231/534/481
f 772/523/471 231/534/481 773/524/472
f 773/524/472 231/534/481 230/535/482
f 773/524/472 230/535/482 774/525/473
f 774/525/473 230/535/482 229/536/483
f 774/525/473 229/536/483 775/526/474
f 775/526/474 229/536/483 228/537/484
f 775/526/474 228/537/484 776/527/475
f 776/527/475 228/537/484 227/538/485
f 776/527/475 227/538/485 777/528/476
f 777/528/476 227/538/485 226/539/486
f 777/528/476 226/539/486 778/529/477
f 778/529/477 226/539/486 191/540/55
f 233/532/479 133/531/478 234/541/487
f 234/541/487 133/531/478 134/542/488
f 234/541/487 134/542/488 217/80/38
f 217/80/38 134/542/488 216/78/36
f 134/542/488 135/543/489 216/78/36
f 216/78/36 135/543/489 215/76/34
f 135/543/489 73/74/29 215/76/34
f 190/544/490 136/545/491 434/232/190
f 434/232/190 136/545/491 137/234/192
f 143/122/80 144/118/76 396/120/78
f 400/114/72 145/116/74 415/546/492
f 415/546/492 145/116/74 146/547/493
f 415/546/492 146/547/493 400/114/72
f 400/114/72 146/547/493 398/548/494
f 400/114/72 398/548/494 371/112/70
f 371/112/70 398/548/494 372/549/495
f 371/112/70 372/549/495 345/110/68
f 345/110/68 372/549/495 346/550/496
f 345/110/68 346/550/496 320/108/66
f 320/108/66 346/550/496 321/551/497
f 320/108/66 321/551/497 296/106/64
f 296/106/64 321/551/497 297/552/498
f 296/106/64 297/552/498 273/104/62
f 273/104/62 297/552/498 274/553/499
f 273/104/62 274/553/499 253/102/60
f 253/102/60 274/553/499 254/554/500
f 253/102/60 254/554/500 235/100/58
f 235/100/58 254/554/500 236/98/56
f 398/548/494 146/547/493 414/555/501
f 414/555/501 146/547/493 147/556/502
f 414/555/501 147/556/502 398/548/494
f 398/548/494 147/556/502 397/557/503
f 398/548/494 397/557/503 372/549/495
f 372/549/495 397/557/503 373/558/504
f 372/549/495 373/558/504 346/550/496
f 346/550/496 373/558/504 347/559/505
f 346/550/496 347/559/505 321/551/497
f 321/551/497 347/559/505 322/560/506
f 321/551/497 322/560/506 297/552/498
f 297/552/498 322/560/506 298/561/507
f 297/552/498 298/561/507 274/553/499
f 274/553/499 298/561/507 275/562/508
f 274/553/499 275/562/508 254/554/500
f 254/554/500 275/562/508 255/563/509
f 254/554/500 255/563/509 236/98/56
f 236/98/56 255/563/509 237/73/32
f 397/557/503 147/556/502 413/564/510
f 413/564/510 147/556/502 148/565/511
f 413/564/510 148/565/511 397/557/503
f 397/557/503 148/565/511 803/566/512
f 397/557/503 803/566/512 373/558/504
f 373/558/504 803/566/512 374/567/513
f 373/558/504 374/567/513 347/559/505
f 347/559/505 374/567/513 348/568/514
f 347/559/505 348/568/514 322/560/506
f 322/560/506 348/568/514 323/569/515
f 322/560/506 323/569/515 298/561/507
f 298/561/507 323/569/515 299/570/516
f 298/561/507 299/570/516 275/562/508
f 275/562/508 299/570/516 276/571/517
f 275/562/508 276/571/517 255/563/509
f 255/563/509 276/571/517 256/572/518
f 255/563/509 256/572/518 237/73/32
f 237/73/32 256/572/518 238/75/33
f 148/565/511 149/573/519 803/566/512
f 803/566/512 149/573/519 150/574/520
f 803/566/512 150/574/520 802/575/521
f 802/575/521 150/574/520 151/576/522
f 802/575/521 151/576/522 801/577/523
f 801/577/523 151/576/522 152/578/524
f 801/577/523 152/578/524 800/579/525
f 800/579/525 152/578/524 153/580/526
f 800/579/525 153/580/526 799/581/527
f 799/581/527 153/580/526 817/582/528
f 799/581/527 817/582/528 818/583/529
f 818/583/529 817/582/528 154/584/530
f 818/583/529 154/584/530 824/585/531
f 824/585/531 154/584/530 155/586/532
f 824/585/531 155/586/532 156/587/533
f 153/580/526 154/584/530 817/582/528
f 157/588/534 835/589/535 156/587/533
f 156/587/533 835/589/535 830/590/536
f 156/587/533 830/590/536 825/591/537
f 825/591/537 830/590/536 831/592/538
f 825/591/537 831/592/538 826/593/539
f 826/593/539 831/592/538 832/594/540
f 826/593/539 832/594/540 827/595/541
f 827/595/541 832/594/540 833/596/542
f 827/595/541 833/596/542 828/597/543
f 828/597/543 833/596/542 834/598/544
f 828/597/543 834/598/544 829/599/545
f 829/599/545 834/598/544 191/600/55
f 158/601/546 206/602/547 157/588/534
f 157/588/534 206/602/547 836/603/548
f 157/588/534 836/603/548 835/589/535
f 835/589/535 836/603/548 830/590/536
f 159/604/549 208/605/550 158/601/546
f 158/601/546 208/605/550 846/606/551
f 158/601/546 846/606/551 206/602/547
f 206/602/547 846/606/551 845/607/552
f 206/602/547 845/607/552 840/608/553
f 840/608/553 845/607/552 844/609/554
f 840/608/553 844/609/554 841/610/555
f 841/610/555 844/609/554 843/611/556
f 841/610/555 843/611/556 842/612/557
f 842/612/557 843/611/556 191/613/55
f 160/614/558 209/615/559 159/604/549
f 159/604/549 209/615/559 854/616/560
f 159/604/549 854/616/560 853/617/561
f 853/617/561 854/616/560 855/618/562
f 853/617/561 855/618/562 852/619/563
f 852/619/563 855/618/562 856/620/564
f 852/619/563 856/620/564 851/621/565
f 851/621/565 856/620/564 857/622/566
f 851/621/565 857/622/566 850/623/567
f 850/623/567 857/622/566 191/624/55
f 209/615/559 160/614/558 211/625/568
f 211/625/568 160/614/558 161/626/569
f 211/625/568 161/626/569 871/627/570
f 871/627/570 161/626/569 864/628/571
f 871/627/570 864/628/571 865/629/572
f 865/629/572 864/628/571 878/630/573
f 865/629/572 878/630/573 877/631/574
f 877/631/574 878/630/573 874/632/575
f 877/631/574 874/632/575 875/633/576
f 875/633/576 874/632/575 886/634/577
f 875/633/576 886/634/577 191/635/55
f 864/628/571 161/626/569 880/636/578
f 880/636/578 161/626/569 162/637/579
f 880/636/578 162/637/579 213/638/580
f 213/638/580 162/637/579 163/639/581
f 213/638/580 163/639/581 882/640/582
f 882/640/582 163/639/581 881/641/583
f 882/640/582 881/641/583 889/642/584
f 889/642/584 881/641/583 888/643/585
f 889/642/584 888/643/585 898/644/586
f 898/644/586 888/643/585 897/645/587
f 898/644/586 897/645/587 527/646/588
f 527/646/588 897/645/587 528/647/589
f 527/646/588 528/647/589 570/648/590
f 570/648/590 528/647/589 569/649/591
f 570/648/590 569/649/591 595/650/592
f 595/650/592 569/649/591 594/651/593
f 595/650/592 594/651/593 618/652/594
f 618/652/594 594/651/593 617/653/595
f 618/652/594 617/653/595 639/654/596
f 639/654/596 617/653/595 638/655/597
f 639/654/596 638/655/597 657/656/598
f 657/656/598 638/655/597 656/657/599
f 657/656/598 656/657/599 672/658/600
f 672/658/600 656/657/599 671/659/601
f 672/658/600 671/659/601 683/660/602
f 683/660/602 671/659/601 682/661/603
f 683/660/602 682/661/603 691/662/604
f 691/662/604 682/661/603 690/425/383
f 691/662/604 690/425/383 699/436/394
f 699/436/394 690/425/383 698/424/382
f 163/639/581 164/663/605 881/641/583
f 881/641/583 164/663/605 888/643/585
f 888/643/585 164/663/605 887/664/606
f 887/664/606 164/663/605 165/665/607
f 887/664/606 165/665/607 896/666/608
f 896/666/608 165/665/607 166/667/609
f 896/666/608 166/667/609 895/668/610
f 895/668/610 166/667/609 167/669/611
f 895/668/610 167/669/611 894/670/612
f 894/670/612 167/669/611 168/671/613
f 894/670/612 168/671/613 531/672/614
f 531/672/614 168/671/613 532/673/615
f 531/672/614 532/673/615 566/674/616
f 566/674/616 532/673/615 565/675/617
f 566/674/616 565/675/617 591/676/618
f 591/676/618 565/675/617 590/677/619
f 591/676/618 590/677/619 614/678/620
f 614/678/620 590/677/619 613/679/621
f 614/678/620 613/679/621 635/680/622
f 635/680/622 613/679/621 634/429/387
f 635/680/622 634/429/387 653/428/386
f 168/671/613 169/681/623 532/673/615
f 532/673/615 169/681/623 533/682/624
f 532/673/615 533/682/624 565/675/617
f 565/675/617 533/682/624 564/683/625
f 565/675/617 564/683/625 590/677/619
f 590/677/619 564/683/625 589/684/626
f 590/677/619 589/684/626 613/679/621
f 613/679/621 589/684/626 612/430/388
f 613/679/621 612/430/388 634/429/387
f 169/681/623 170/685/627 533/682/624
f 533/682/624 170/685/627 534/686/628
f 533/682/624 534/686/628 564/683/625
f 564/683/625 534/686/628 563/687/629
f 564/683/625 563/687/629 589/684/626
f 589/684/626 563/687/629 588/431/389
f 589/684/626 588/431/389 612/430/388
f 170/685/627 171/688/630 534/686/628
f 534/686/628 171/688/630 535/689/631
f 534/686/628 535/689/631 563/687/629
f 563/687/629 535/689/631 562/432/390
f 563/687/629 562/432/390 588/431/389
f 171/688/630 172/690/632 535/689/631
f 535/689/631 172/690/632 536/433/391
f 535/689/631 536/433/391 562/432/390
f 536/433/391 172/690/632 522/691/633
f 522/691/633 172/690/632 173/692/634
f 522/691/633 173/692/634 174/693/635
f 522/691/633 174/693/635 521/434/392
f 521/434/392 174/693/635 175/435/393
f 180/297/255 181/293/251 903/295/253
f 911/287/245 184/289/247 471/269/227
f 471/269/227 184/289/247 185/271/229
f 458/270/228 186/272/230 917/694/636
f 917/694/636 186/272/230 187/695/637
f 917/694/636 187/695/637 450/251/209
f 450/251/209 187/695/637 188/253/211
f 451/252/210 189/254/212 784/696/638
f 784/696/638 189/254/212 190/544/490
f 784/696/638 190/544/490 433/230/188
f 433/230/188 190/544/490 434/232/190
f 196/697/639 191/698/55 711/699/640
f 711/699/640 191/700/55 705/701/641
f 705/701/641 191/702/55 697/703/642
f 697/703/642 191/704/55 688/705/643
f 661/706/644 191/707/55 643/708/645
f 643/708/645 191/709/55 622/710/646
f 622/710/646 191/711/55 599/712/647
f 599/712/647 191/713/55 574/714/648
f 574/714/648 191/715/55 523/716/649
f 523/716/649 191/717/55 902/718/650
f 902/718/650 191/719/55 893/720/651
f 893/720/651 191/721/55 886/634/577
f 875/633/576 191/722/55 876/723/652
f 876/723/652 191/724/55 867/725/653
f 867/725/653 191/726/55 868/727/654
f 868/727/654 191/728/55 860/729/655
f 860/729/655 191/730/55 861/731/656
f 861/731/656 191/732/55 857/622/566
f 850/623/567 191/733/55 849/734/657
f 849/734/657 191/735/55 843/611/556
f 842/612/557 191/736/55 839/737/658
f 839/737/658 191/738/55 834/598/544
f 829/599/545 191/739/55 823/740/659
f 823/740/659 191/741/55 793/742/660
f 793/742/660 191/743/55 384/744/661
f 384/744/661 191/745/55 358/746/662
f 358/746/662 191/747/55 333/748/663
f 333/748/663 191/749/55 309/750/664
f 309/750/664 191/751/55 286/752/665
f 286/752/665 191/753/55 266/754/666
f 266/754/666 191/755/55 248/95/53
f 225/96/54 191/756/55 226/539/486
f 762/512/462 191/757/55 753/758/667
f 753/758/667 191/759/55 754/500/451
f 747/501/452 191/760/55 748/492/444
f 929/493/445 191/761/55 742/484/437
f 743/485/438 191/762/55 927/763/668
f 927/763/668 191/764/55 736/475/429
f 737/476/430 191/765/55 926/766/669
f 926/766/669 191/767/55 733/462/417
f 924/456/412 191/768/55 727/769/670
f 727/769/670 191/770/55 722/771/671
f 722/771/671 191/772/55 721/773/672
f 721/773/672 191/774/55 715/775/673
f 715/775/673 191/776/55 714/777/674
f 714/777/674 191/778/55 196/779/639
f 192/442/400 193/780/675 707/440/398
f 707/440/398 193/780/675 708/781/676
f 707/440/398 708/781/676 701/782/677
f 701/782/677 708/781/676 702/783/678
f 701/782/677 702/783/678 693/784/679
f 693/784/679 702/783/678 694/785/680
f 693/784/679 694/785/680 685/786/681
f 685/786/681 694/785/680 686/787/682
f 685/786/681 686/787/682 674/788/683
f 674/788/683 686/787/682 675/789/684
f 674/788/683 675/789/684 659/790/685
f 659/790/685 675/789/684 660/791/686
f 659/790/685 660/791/686 641/792/687
f 641/792/687 660/791/686 642/793/688
f 641/792/687 642/793/688 620/794/689
f 620/794/689 642/793/688 621/795/690
f 620/794/689 621/795/690 597/796/691
f 597/796/691 621/795/690 598/797/692
f 597/796/691 598/797/692 572/798/693
f 572/798/693 598/797/692 573/799/694
f 572/798/693 573/799/694 525/800/695
f 525/800/695 573/799/694 524/801/696
f 525/800/695 524/801/696 900/802/697
f 900/802/697 524/801/696 901/803/698
f 900/802/697 901/803/698 891/804/699
f 891/804/699 901/803/698 892/805/700
f 891/804/699 892/805/700 884/806/701
f 884/806/701 892/805/700 885/807/702
f 884/806/701 885/807/702 873/808/703
f 873/808/703 885/807/702 874/632/575
f 873/808/703 874/632/575 878/630/573
f 193/780/675 194/809/704 708/781/676
f 708/781/676 194/809/704 709/810/705
f 708/781/676 709/810/705 702/783/678
f 702/783/678 709/810/705 703/811/706
f 702/783/678 703/811/706 694/785/680
f 694/785/680 703/811/706 695/812/707
f 694/785/680 695/812/707 686/787/682
f 686/787/682 695/812/707 687/813/708
f 686/787/682 687/813/708 675/789/684
f 675/789/684 687/813/708 676/814/709
f 675/789/684 676/814/709 660/791/686
f 660/791/686 676/814/709 661/706/644
f 660/791/686 661/706/644 642/793/688
f 642/793/688 661/706/644 643/708/645
f 642/793/688 643/708/645 621/795/690
f 621/795/690 643/708/645 622/710/646
f 621/795/690 622/710/646 598/797/692
f 598/797/692 622/710/646 599/712/647
f 598/797/692 599/712/647 573/799/694
f 573/799/694 599/712/647 574/714/648
f 573/799/694 574/714/648 524/801/696
f 524/801/696 574/714/648 523/716/649
f 524/801/696 523/716/649 901/803/698
f 901/803/698 523/716/649 902/718/650
f 901/803/698 902/718/650 892/805/700
f 892/805/700 902/718/650 893/720/651
f 892/805/700 893/720/651 885/807/702
f 885/807/702 893/720/651 886/634/577
f 885/807/702 886/634/577 874/632/575
f 192/443/400 197/446/402 193/815/675
f 193/815/675 197/446/402 712/816/710
f 193/815/675 712/816/710 194/817/704
f 194/817/704 712/816/710 713/818/711
f 194/817/704 713/818/711 195/819/712
f 195/819/712 713/818/711 714/777/674
f 195/819/712 714/777/674 196/779/639
f 194/809/704 195/820/712 709/810/705
f 709/810/705 195/820/712 710/821/713
f 709/810/705 710/821/713 703/811/706
f 703/811/706 710/821/713 704/822/714
f 703/811/706 704/822/714 695/812/707
f 695/812/707 704/822/714 696/823/715
f 695/812/707 696/823/715 687/813/708
f 687/813/708 696/823/715 688/705/643
f 687/813/708 688/705/643 676/814/709
f 676/814/709 688/705/643 191/824/55
f 676/814/709 191/824/55 661/706/644
f 195/820/712 196/697/639 710/821/713
f 710/821/713 196/697/639 711/699/640
f 710/821/713 711/699/640 704/822/714
f 704/822/714 711/699/640 705/701/641
f 704/822/714 705/701/641 696/823/715
f 696/823/715 705/701/641 697/703/642
f 696/823/715 697/703/642 688/705/643
f 729/461/416 199/460/415 730/467/421
f 730/467/421 199/460/415 124/459/414
f 125/464/418 739/472/426 200/465/419
f 200/465/419 739/472/426 738/474/428
f 200/465/419 738/474/428 925/825/716
f 925/825/716 738/474/428 737/476/430
f 925/825/716 737/476/430 926/766/669
f 126/469/423 745/481/434 201/470/424
f 201/470/424 745/481/434 744/483/436
f 201/470/424 744/483/436 928/826/717
f 928/826/717 744/483/436 743/485/438
f 928/826/717 743/485/438 927/763/668
f 129/495/446 765/506/456 204/496/447
f 204/496/447 765/506/456 764/508/458
f 204/496/447 764/508/458 751/827/718
f 751/827/718 764/508/458 763/510/460
f 751/827/718 763/510/460 752/828/719
f 752/828/719 763/510/460 762/512/462
f 752/828/719 762/512/462 753/758/667
f 92/149/107 443/219/177 205/147/105
f 205/147/105 443/219/177 442/221/179
f 205/147/105 442/221/179 792/145/103
f 792/145/103 442/221/179 441/223/181
f 792/145/103 441/223/181 791/143/101
f 791/143/101 441/223/181 440/225/183
f 791/143/101 440/225/183 790/141/99
f 790/141/99 440/225/183 439/227/185
f 790/141/99 439/227/185 789/139/97
f 789/139/97 439/227/185 438/229/187
f 789/139/97 438/229/187 788/137/95
f 788/137/95 438/229/187 437/231/189
f 788/137/95 437/231/189 787/135/93
f 787/135/93 437/231/189 436/233/191
f 787/135/93 436/233/191 786/133/91
f 786/133/91 436/233/191 435/235/193
f 786/133/91 435/235/193 785/131/89
f 93/216/174 457/240/198 207/217/175
f 207/217/175 457/240/198 456/242/200
f 207/217/175 456/242/200 779/829/720
f 779/829/720 456/242/200 455/244/202
f 779/829/720 455/244/202 780/830/721
f 780/830/721 455/244/202 454/246/204
f 780/830/721 454/246/204 781/831/722
f 781/831/722 454/246/204 453/248/206
f 781/831/722 453/248/206 782/832/723
f 782/832/723 453/248/206 452/250/208
f 782/832/723 452/250/208 783/833/724
f 783/833/724 452/250/208 451/252/210
f 783/833/724 451/252/210 784/696/638
f 159/604/549 853/617/561 208/605/550
f 208/605/550 853/617/561 852/619/563
f 208/605/550 852/619/563 847/834/725
f 847/834/725 852/619/563 851/621/565
f 847/834/725 851/621/565 848/835/726
f 848/835/726 851/621/565 850/623/567
f 848/835/726 850/623/567 849/734/657
f 94/237/195 464/258/216 210/238/196
f 210/238/196 464/258/216 463/260/218
f 210/238/196 463/260/218 922/836/727
f 922/836/727 463/260/218 462/262/220
f 922/836/727 462/262/220 921/837/728
f 921/837/728 462/262/220 461/264/222
f 921/837/728 461/264/222 920/838/729
f 920/838/729 461/264/222 460/266/224
f 920/838/729 460/266/224 919/839/730
f 919/839/730 460/266/224 459/268/226
f 919/839/730 459/268/226 918/840/731
f 918/840/731 459/268/226 458/270/228
f 918/840/731 458/270/228 917/694/636
f 233/532/479 234/541/487 218/82/40
f 218/82/40 234/541/487 217/80/38
f 232/533/480 233/532/479 219/84/42
f 219/84/42 233/532/479 218/82/40
f 231/534/481 232/533/480 220/86/44
f 220/86/44 232/533/480 219/84/42
f 230/535/482 231/534/481 221/88/46
f 221/88/46 231/534/481 220/86/44
f 229/536/483 230/535/482 222/90/48
f 222/90/48 230/535/482 221/88/46
f 228/537/484 229/536/483 223/92/50
f 223/92/50 229/536/483 222/90/48
f 227/538/485 228/537/484 224/94/52
f 224/94/52 228/537/484 223/92/50
f 226/539/486 227/538/485 225/96/54
f 225/96/54 227/538/485 224/94/52
f 239/77/35 238/75/33 257/841/732
f 257/841/732 238/75/33 256/572/518
f 257/841/732 256/572/518 277/842/733
f 277/842/733 256/572/518 276/571/517
f 277/842/733 276/571/517 300/843/734
f 300/843/734 276/571/517 299/570/516
f 300/843/734 299/570/516 324/844/735
f 324/844/735 299/570/516 323/569/515
f 324/844/735 323/569/515 349/845/736
f 349/845/736 323/569/515 348/568/514
f 349/845/736 348/568/514 375/846/737
f 375/846/737 348/568/514 374/567/513
f 375/846/737 374/567/513 802/575/521
f 802/575/521 374/567/513 803/566/512
f 240/79/37 239/77/35 258/847/738
f 258/847/738 239/77/35 257/841/732
f 258/847/738 257/841/732 278/848/739
f 278/848/739 257/841/732 277/842/733
f 278/848/739 277/842/733 301/849/740
f 301/849/740 277/842/733 300/843/734
f 301/849/740 300/843/734 325/850/741
f 325/850/741 300/843/734 324/844/735
f 325/850/741 324/844/735 350/851/742
f 350/851/742 324/844/735 349/845/736
f 350/851/742 349/845/736 376/852/743
f 376/852/743 349/845/736 375/846/737
f 376/852/743 375/846/737 801/577/523
f 801/577/523 375/846/737 802/575/521
f 241/81/39 240/79/37 259/853/744
f 259/853/744 240/79/37 258/847/738
f 259/853/744 258/847/738 279/854/745
f 279/854/745 258/847/738 278/848/739
f 279/854/745 278/848/739 302/855/746
f 302/855/746 278/848/739 301/849/740
f 302/855/746 301/849/740 326/856/747
f 326/856/747 301/849/740 325/850/741
f 326/856/747 325/850/741 351/857/748
f 351/857/748 325/850/741 350/851/742
f 351/857/748 350/851/742 377/858/749
f 377/858/749 350/851/742 376/852/743
f 377/858/749 376/852/743 800/579/525
f 800/579/525 376/852/743 801/577/523
f 242/83/41 241/81/39 260/859/750
f 260/859/750 241/81/39 259/853/744
f 260/859/750 259/853/744 280/860/751
f 280/860/751 259/853/744 279/854/745
f 280/860/751 279/854/745 303/861/752
f 303/861/752 279/854/745 302/855/746
f 303/861/752 302/855/746 327/862/753
f 327/862/753 302/855/746 326/856/747
f 327/862/753 326/856/747 352/863/754
f 352/863/754 326/856/747 351/857/748
f 352/863/754 351/857/748 378/864/755
f 378/864/755 351/857/748 377/858/749
f 378/864/755 377/858/749 799/581/527
f 799/581/527 377/858/749 800/579/525
f 243/85/43 242/83/41 261/865/756
f 261/865/756 242/83/41 260/859/750
f 261/865/756 260/859/750 281/866/757
f 281/866/757 260/859/750 280/860/751
f 281/866/757 280/860/751 304/867/758
f 304/867/758 280/860/751 303/861/752
f 304/867/758 303/861/752 328/868/759
f 328/868/759 303/861/752 327/862/753
f 328/868/759 327/862/753 353/869/760
f 353/869/760 327/862/753 352/863/754
f 353/869/760 352/863/754 379/870/761
f 379/870/761 352/863/754 378/864/755
f 379/870/761 378/864/755 798/871/762
f 798/871/762 378/864/755 799/581/527
f 798/871/762 799/581/527 818/583/529
f 244/87/45 243/85/43 262/872/763
f 262/872/763 243/85/43 261/865/756
f 262/872/763 261/865/756 282/873/764
f 282/873/764 261/865/756 281/866/757
f 282/873/764 281/866/757 305/874/765
f 305/874/765 281/866/757 304/867/758
f 305/874/765 304/867/758 329/875/766
f 329/875/766 304/867/758 328/868/759
f 329/875/766 328/868/759 354/876/767
f 354/876/767 328/868/759 353/869/760
f 354/876/767 353/869/760 380/877/768
f 380/877/768 353/869/760 379/870/761
f 380/877/768 379/870/761 797/878/769
f 797/878/769 379/870/761 798/871/762
f 797/878/769 798/871/762 819/879/770
f 819/879/770 798/871/762 818/583/529
f 819/879/770 818/583/529 825/591/537
f 825/591/537 818/583/529 824/585/531
f 825/591/537 824/585/531 156/587/533
f 245/89/47 244/87/45 263/880/771
f 263/880/771 244/87/45 262/872/763
f 263/880/771 262/872/763 283/881/772
f 283/881/772 262/872/763 282/873/764
f 283/881/772 282/873/764 306/882/773
f 306/882/773 282/873/764 305/874/765
f 306/882/773 305/874/765 330/883/774
f 330/883/774 305/874/765 329/875/766
f 330/883/774 329/875/766 355/884/775
f 355/884/775 329/875/766 354/876/767
f 355/884/775 354/876/767 381/885/776
f 381/885/776 354/876/767 380/877/768
f 381/885/776 380/877/768 796/886/777
f 796/886/777 380/877/768 797/878/769
f 796/886/777 797/878/769 820/887/778
f 820/887/778 797/878/769 819/879/770
f 820/887/778 819/879/770 826/593/539
f 826/593/539 819/879/770 825/591/537
f 246/91/49 245/89/47 264/888/779
f 264/888/779 245/89/47 263/880/771
f 264/888/779 263/880/771 284/889/780
f 284/889/780 263/880/771 283/881/772
f 284/889/780 283/881/772 307/890/781
f 307/890/781 283/881/772 306/882/773
f 307/890/781 306/882/773 331/891/782
f 331/891/782 306/882/773 330/883/774
f 331/891/782 330/883/774 356/892/783
f 356/892/783 330/883/774 355/884/775
f 356/892/783 355/884/775 382/893/784
f 382/893/784 355/884/775 381/885/776
f 382/893/784 381/885/776 795/894/785
f 795/894/785 381/885/776 796/886/777
f 795/894/785 796/886/777 821/895/786
f 821/895/786 796/886/777 820/887/778
f 821/895/786 820/887/778 827/595/541
f 827/595/541 820/887/778 826/593/539
f 266/754/666 248/95/53 247/93/51
f 247/93/51 246/91/49 265/896/787
f 265/896/787 246/91/49 264/888/779
f 265/896/787 264/888/779 285/897/788
f 285/897/788 264/888/779 284/889/780
f 285/897/788 284/889/780 308/898/789
f 308/898/789 284/889/780 307/890/781
f 308/898/789 307/890/781 332/899/790
f 332/899/790 307/890/781 331/891/782
f 332/899/790 331/891/782 357/900/791
f 357/900/791 331/891/782 356/892/783
f 357/900/791 356/892/783 383/901/792
f 383/901/792 356/892/783 382/893/784
f 383/901/792 382/893/784 794/902/793
f 794/902/793 382/893/784 795/894/785
f 794/902/793 795/894/785 822/903/794
f 822/903/794 795/894/785 821/895/786
f 822/903/794 821/895/786 828/597/543
f 828/597/543 821/895/786 827/595/541
f 286/752/665 266/754/666 265/896/787
f 265/896/787 266/754/666 247/93/51
f 286/752/665 265/896/787 285/897/788
f 292/172/130 269/171/129 268/180/138
f 268/180/138 267/182/140 291/904/795
f 291/904/795 267/182/140 290/905/796
f 291/904/795 290/905/796 315/906/797
f 315/906/797 290/905/796 314/907/798
f 315/906/797 314/907/798 340/908/799
f 340/908/799 314/907/798 339/909/800
f 340/908/799 339/909/800 366/910/801
f 366/910/801 339/909/800 365/911/802
f 366/910/801 365/911/802 808/912/803
f 808/912/803 365/911/802 809/913/804
f 808/912/803 809/913/804 405/914/805
f 405/914/805 809/913/804 406/915/806
f 405/914/805 406/915/806 391/916/807
f 391/916/807 406/915/806 390/917/808
f 391/916/807 390/917/808 423/132/90
f 423/132/90 390/917/808 422/134/92
f 309/750/664 286/752/665 285/897/788
f 309/750/664 285/897/788 308/898/789
f 288/187/145 287/189/147 312/918/809
f 312/918/809 287/189/147 311/191/149
f 312/918/809 311/191/149 337/919/810
f 337/919/810 311/191/149 336/193/151
f 337/919/810 336/193/151 363/920/811
f 363/920/811 336/193/151 362/195/153
f 363/920/811 362/195/153 811/921/812
f 811/921/812 362/195/153 812/197/155
f 811/921/812 812/197/155 408/922/813
f 408/922/813 812/197/155 409/199/157
f 408/922/813 409/199/157 388/923/814
f 388/923/814 409/199/157 387/201/159
f 388/923/814 387/201/159 420/138/96
f 420/138/96 387/201/159 419/140/98
f 314/907/798 290/905/796 289/185/143
f 289/185/143 290/905/796 267/182/140
f 289/185/143 288/187/145 313/924/815
f 313/924/815 288/187/145 312/918/809
f 313/924/815 312/918/809 338/925/816
f 338/925/816 312/918/809 337/919/810
f 338/925/816 337/919/810 364/926/817
f 364/926/817 337/919/810 363/920/811
f 364/926/817 363/920/811 810/927/818
f 810/927/818 363/920/811 811/921/812
f 810/927/818 811/921/812 407/928/819
f 407/928/819 811/921/812 408/922/813
f 407/928/819 408/922/813 389/929/820
f 389/929/820 408/922/813 388/923/814
f 389/929/820 388/923/814 421/136/94
f 421/136/94 388/923/814 420/138/96
f 316/173/131 292/172/130 291/904/795
f 291/904/795 292/172/130 268/180/138
f 316/173/131 291/904/795 315/906/797
f 333/748/663 309/750/664 308/898/789
f 333/748/663 308/898/789 332/899/790
f 339/909/800 314/907/798 313/924/815
f 313/924/815 314/907/798 289/185/143
f 339/909/800 313/924/815 338/925/816
f 341/174/132 316/173/131 315/906/797
f 341/174/132 315/906/797 340/908/799
f 358/746/662 333/748/663 332/899/790
f 358/746/662 332/899/790 357/900/791
f 361/196/154 335/194/152 334/204/162
f 365/911/802 339/909/800 338/925/816
f 365/911/802 338/925/816 364/926/817
f 367/175/133 341/174/132 340/908/799
f 367/175/133 340/908/799 366/910/801
f 384/744/661 358/746/662 357/900/791
f 384/744/661 357/900/791 383/901/792
f 813/198/156 361/196/154 360/206/164
f 360/206/164 361/196/154 334/204/162
f 813/198/156 360/206/164 814/208/166
f 809/913/804 365/911/802 364/926/817
f 809/913/804 364/926/817 810/927/818
f 807/176/134 367/175/133 366/910/801
f 807/176/134 366/910/801 808/912/803
f 793/742/660 384/744/661 383/901/792
f 793/742/660 383/901/792 794/902/793
f 385/212/170 386/202/160 411/210/168
f 411/210/168 386/202/160 410/200/158
f 411/210/168 410/200/158 814/208/166
f 814/208/166 410/200/158 813/198/156
f 417/144/102 418/142/100 385/212/170
f 385/212/170 418/142/100 386/202/160
f 389/929/820 390/917/808 407/928/819
f 407/928/819 390/917/808 406/915/806
f 407/928/819 406/915/806 810/927/818
f 810/927/818 406/915/806 809/913/804
f 421/136/94 422/134/92 389/929/820
f 389/929/820 422/134/92 390/917/808
f 391/916/807 392/178/136 405/914/805
f 405/914/805 392/178/136 404/177/135
f 405/914/805 404/177/135 808/912/803
f 808/912/803 404/177/135 807/176/134
f 423/132/90 424/130/88 391/916/807
f 391/916/807 424/130/88 392/178/136
f 804/115/73 401/119/77 399/117/75
f 385/212/170 91/148/106 417/144/102
f 417/144/102 91/148/106 416/146/104
f 207/217/175 779/829/720 427/218/176
f 427/218/176 779/829/720 428/220/178
f 779/829/720 780/830/721 428/220/178
f 428/220/178 780/830/721 429/222/180
f 780/830/721 781/831/722 429/222/180
f 429/222/180 781/831/722 430/224/182
f 781/831/722 782/832/723 430/224/182
f 430/224/182 782/832/723 431/226/184
f 784/696/638 433/230/188 432/228/186
f 782/832/723 783/833/724 431/226/184
f 431/226/184 783/833/724 432/228/186
f 783/833/724 784/696/638 432/228/186
f 210/238/196 922/836/727 444/239/197
f 444/239/197 922/836/727 445/241/199
f 922/836/727 921/837/728 445/241/199
f 445/241/199 921/837/728 446/243/201
f 921/837/728 920/838/729 446/243/201
f 446/243/201 920/838/729 447/245/203
f 920/838/729 919/839/730 447/245/203
f 447/245/203 919/839/730 448/247/205
f 917/694/636 450/251/209 449/249/207
f 919/839/730 918/840/731 448/247/205
f 448/247/205 918/840/731 449/249/207
f 918/840/731 917/694/636 449/249/207
f 212/256/214 916/277/235 465/257/215
f 465/257/215 916/277/235 466/259/217
f 916/277/235 915/279/237 466/259/217
f 466/259/217 915/279/237 467/261/219
f 915/279/237 914/281/239 467/261/219
f 467/261/219 914/281/239 468/263/221
f 914/281/239 913/283/241 468/263/221
f 468/263/221 913/283/241 469/265/223
f 911/287/245 471/269/227 470/267/225
f 913/283/241 912/285/243 469/265/223
f 469/265/223 912/285/243 470/267/225
f 912/285/243 911/287/245 470/267/225
f 486/337/295 487/292/250 473/286/244
f 473/286/244 487/292/250 472/288/246
f 485/335/293 486/337/295 474/284/242
f 474/284/242 486/337/295 473/286/244
f 484/333/291 485/335/293 475/282/240
f 475/282/240 485/335/293 474/284/242
f 483/331/289 484/333/291 476/280/238
f 476/280/238 484/333/291 475/282/240
f 482/329/287 483/331/289 477/278/236
f 477/278/236 483/331/289 476/280/238
f 481/327/285 482/329/287 478/276/234
f 478/276/234 482/329/287 477/278/236
f 480/274/232 481/327/285 479/275/233
f 479/275/233 481/327/285 478/276/234
f 489/296/254 904/294/252 490/353/311
f 490/353/311 904/294/252 905/336/294
f 490/353/311 905/336/294 491/351/309
f 491/351/309 905/336/294 906/334/292
f 491/351/309 906/334/292 492/349/307
f 492/349/307 906/334/292 907/332/290
f 492/349/307 907/332/290 493/347/305
f 493/347/305 907/332/290 908/330/288
f 493/347/305 908/330/288 494/345/303
f 494/345/303 908/330/288 909/328/286
f 494/345/303 909/328/286 495/343/301
f 495/343/301 909/328/286 910/326/284
f 495/343/301 910/326/284 496/341/299
f 496/341/299 910/326/284 214/325/283
f 496/341/299 214/325/283 497/324/282
f 496/341/299 497/324/282 97/323/281
f 499/342/300 498/340/298 510/358/316
f 510/358/316 498/340/298 509/339/297
f 510/358/316 509/339/297 98/338/296
f 510/358/316 511/360/318 499/342/300
f 499/342/300 511/360/318 500/344/302
f 511/360/318 512/362/320 500/344/302
f 500/344/302 512/362/320 501/346/304
f 512/362/320 513/364/322 501/346/304
f 501/346/304 513/364/322 502/348/306
f 513/364/322 514/366/324 502/348/306
f 502/348/306 514/366/324 503/350/308
f 514/366/324 515/368/326 503/350/308
f 503/350/308 515/368/326 504/352/310
f 515/368/326 516/370/328 504/352/310
f 504/352/310 516/370/328 505/354/312
f 516/370/328 517/372/330 505/354/312
f 505/354/312 517/372/330 506/301/259
f 519/304/262 508/421/379 507/302/260
f 517/372/330 518/303/261 506/301/259
f 536/433/391 522/691/633 521/434/392
f 525/800/695 526/930/821 572/798/693
f 572/798/693 526/930/821 571/931/822
f 572/798/693 571/931/822 597/796/691
f 597/796/691 571/931/822 596/932/823
f 597/796/691 596/932/823 620/794/689
f 620/794/689 596/932/823 619/933/824
f 620/794/689 619/933/824 641/792/687
f 641/792/687 619/933/824 640/934/825
f 641/792/687 640/934/825 659/790/685
f 659/790/685 640/934/825 658/935/826
f 659/790/685 658/935/826 674/788/683
f 674/788/683 658/935/826 673/936/827
f 674/788/683 673/936/827 685/786/681
f 685/786/681 673/936/827 684/937/828
f 685/786/681 684/937/828 693/784/679
f 693/784/679 684/937/828 692/938/829
f 693/784/679 692/938/829 701/782/677
f 701/782/677 692/938/829 700/438/396
f 701/782/677 700/438/396 707/440/398
f 526/930/821 527/646/588 571/931/822
f 571/931/822 527/646/588 570/648/590
f 571/931/822 570/648/590 596/932/823
f 596/932/823 570/648/590 595/650/592
f 596/932/823 595/650/592 619/933/824
f 619/933/824 595/650/592 618/652/594
f 619/933/824 618/652/594 640/934/825
f 640/934/825 618/652/594 639/654/596
f 640/934/825 639/654/596 658/935/826
f 658/935/826 639/654/596 657/656/598
f 658/935/826 657/656/598 673/936/827
f 673/936/827 657/656/598 672/658/600
f 673/936/827 672/658/600 684/937/828
f 684/937/828 672/658/600 683/660/602
f 684/937/828 683/660/602 692/938/829
f 692/938/829 683/660/602 691/662/604
f 692/938/829 691/662/604 700/438/396
f 700/438/396 691/662/604 699/436/394
f 526/930/821 525/800/695 899/939/830
f 899/939/830 525/800/695 900/802/697
f 899/939/830 900/802/697 890/940/831
f 890/940/831 900/802/697 891/804/699
f 890/940/831 891/804/699 883/941/832
f 883/941/832 891/804/699 884/806/701
f 883/941/832 884/806/701 872/942/833
f 872/942/833 884/806/701 873/808/703
f 872/942/833 873/808/703 879/943/834
f 879/943/834 873/808/703 878/630/573
f 879/943/834 878/630/573 864/628/571
f 527/646/588 526/930/821 898/644/586
f 898/644/586 526/930/821 899/939/830
f 898/644/586 899/939/830 889/642/584
f 889/642/584 899/939/830 890/940/831
f 889/642/584 890/940/831 882/640/582
f 882/640/582 890/940/831 883/941/832
f 882/640/582 883/941/832 213/638/580
f 213/638/580 883/941/832 872/942/833
f 213/638/580 872/942/833 880/636/578
f 880/636/578 872/942/833 879/943/834
f 880/636/578 879/943/834 864/628/571
f 528/647/589 529/944/835 569/649/591
f 569/649/591 529/944/835 568/945/836
f 569/649/591 568/945/836 594/651/593
f 594/651/593 568/945/836 593/946/837
f 594/651/593 593/946/837 617/653/595
f 617/653/595 593/946/837 616/947/838
f 617/653/595 616/947/838 638/655/597
f 638/655/597 616/947/838 637/948/839
f 638/655/597 637/948/839 656/657/599
f 656/657/599 637/948/839 655/949/840
f 656/657/599 655/949/840 671/659/601
f 671/659/601 655/949/840 670/950/841
f 671/659/601 670/950/841 682/661/603
f 682/661/603 670/950/841 681/426/384
f 682/661/603 681/426/384 690/425/383
f 529/944/835 530/951/842 568/945/836
f 568/945/836 530/951/842 567/952/843
f 568/945/836 567/952/843 593/946/837
f 593/946/837 567/952/843 592/953/844
f 593/946/837 592/953/844 616/947/838
f 616/947/838 592/953/844 615/954/845
f 616/947/838 615/954/845 637/948/839
f 637/948/839 615/954/845 636/955/846
f 637/948/839 636/955/846 655/949/840
f 655/949/840 636/955/846 654/956/847
f 655/949/840 654/956/847 670/950/841
f 670/950/841 654/956/847 669/427/385
f 670/950/841 669/427/385 681/426/384
f 529/944/835 528/647/589 896/666/608
f 896/666/608 528/647/589 897/645/587
f 896/666/608 897/645/587 887/664/606
f 887/664/606 897/645/587 888/643/585
f 530/951/842 531/672/614 567/952/843
f 567/952/843 531/672/614 566/674/616
f 567/952/843 566/674/616 592/953/844
f 592/953/844 566/674/616 591/676/618
f 592/953/844 591/676/618 615/954/845
f 615/954/845 591/676/618 614/678/620
f 615/954/845 614/678/620 636/955/846
f 636/955/846 614/678/620 635/680/622
f 636/955/846 635/680/622 654/956/847
f 654/956/847 635/680/622 653/428/386
f 654/956/847 653/428/386 669/427/385
f 896/666/608 895/668/610 529/944/835
f 529/944/835 895/668/610 530/951/842
f 895/668/610 894/670/612 530/951/842
f 530/951/842 894/670/612 531/672/614
f 539/305/263 540/373/331 558/957/848
f 558/957/848 540/373/331 557/958/849
f 558/957/848 557/958/849 583/959/850
f 583/959/850 557/958/849 582/960/851
f 583/959/850 582/960/851 606/961/852
f 606/961/852 582/960/851 605/962/853
f 606/961/852 605/962/853 627/963/854
f 627/963/854 605/962/853 626/392/350
f 627/963/854 626/392/350 645/394/352
f 540/373/331 541/371/329 557/958/849
f 557/958/849 541/371/329 556/964/855
f 557/958/849 556/964/855 582/960/851
f 582/960/851 556/964/855 581/965/856
f 582/960/851 581/965/856 605/962/853
f 605/962/853 581/965/856 604/966/857
f 605/962/853 604/966/857 626/392/350
f 626/392/350 604/966/857 625/390/348
f 541/371/329 542/369/327 556/964/855
f 556/964/855 542/369/327 555/967/858
f 556/964/855 555/967/858 581/965/856
f 581/965/856 555/967/858 580/968/859
f 581/965/856 580/968/859 604/966/857
f 604/966/857 580/968/859 603/969/860
f 604/966/857 603/969/860 625/390/348
f 625/390/348 603/969/860 624/387/345
f 542/369/327 543/367/325 555/967/858
f 555/967/858 543/367/325 554/970/861
f 555/967/858 554/970/861 580/968/859
f 580/968/859 554/970/861 579/971/862
f 580/968/859 579/971/862 603/969/860
f 603/969/860 579/971/862 602/385/343
f 603/969/860 602/385/343 624/387/345
f 543/367/325 544/365/323 554/970/861
f 554/970/861 544/365/323 553/972/863
f 554/970/861 553/972/863 579/971/862
f 579/971/862 553/972/863 578/973/864
f 579/971/862 578/973/864 602/385/343
f 602/385/343 578/973/864 601/383/341
f 544/365/323 545/363/321 553/972/863
f 553/972/863 545/363/321 552/974/865
f 553/972/863 552/974/865 578/973/864
f 578/973/864 552/974/865 577/379/337
f 578/973/864 577/379/337 601/383/341
f 601/383/341 577/379/337 600/381/339
f 545/363/321 546/361/319 552/974/865
f 552/974/865 546/361/319 551/975/866
f 552/974/865 551/975/866 577/379/337
f 577/379/337 551/975/866 576/377/335
f 546/361/319 547/359/317 551/975/866
f 551/975/866 547/359/317 550/376/334
f 551/975/866 550/376/334 576/377/335
f 576/377/335 550/376/334 575/375/333
f 547/359/317 548/357/315 550/376/334
f 539/305/263 558/957/848 559/307/265
f 559/307/265 558/957/848 584/976/867
f 559/307/265 584/976/867 585/309/267
f 585/309/267 584/976/867 608/977/868
f 585/309/267 608/977/868 609/311/269
f 609/311/269 608/977/868 630/978/869
f 609/311/269 630/978/869 631/313/271
f 631/313/271 630/978/869 649/979/870
f 631/313/271 649/979/870 650/315/273
f 650/315/273 649/979/870 665/406/364
f 650/315/273 665/406/364 666/317/275
f 584/976/867 558/957/848 583/959/850
f 584/976/867 583/959/850 607/980/871
f 607/980/871 583/959/850 606/961/852
f 607/980/871 606/961/852 628/981/872
f 628/981/872 606/961/852 627/963/854
f 628/981/872 627/963/854 646/397/355
f 646/397/355 627/963/854 645/394/352
f 584/976/867 607/980/871 608/977/868
f 608/977/868 607/980/871 629/982/873
f 608/977/868 629/982/873 630/978/869
f 630/978/869 629/982/873 648/983/874
f 630/978/869 648/983/874 649/979/870
f 649/979/870 648/983/874 664/404/362
f 649/979/870 664/404/362 665/406/364
f 629/982/873 607/980/871 628/981/872
f 646/397/355 647/399/357 628/981/872
f 628/981/872 647/399/357 629/982/873
f 629/982/873 647/399/357 648/983/874
f 648/983/874 647/399/357 663/401/359
f 648/983/874 663/401/359 664/404/362
f 712/816/710 197/446/402 717/984/875
f 717/984/875 197/446/402 718/448/404
f 717/984/875 718/448/404 198/450/406
f 715/775/673 714/777/674 713/818/711
f 713/818/711 712/816/710 716/985/876
f 716/985/876 712/816/710 717/984/875
f 716/985/876 717/984/875 720/986/877
f 720/986/877 717/984/875 198/450/406
f 720/986/877 198/450/406 723/987/878
f 723/987/878 198/450/406 724/452/408
f 723/987/878 724/452/408 726/454/410
f 715/775/673 716/985/876 721/773/672
f 721/773/672 716/985/876 720/986/877
f 721/773/672 720/986/877 722/771/671
f 722/771/671 720/986/877 723/987/878
f 722/771/671 723/987/878 727/769/670
f 727/769/670 723/987/878 726/454/410
f 727/769/670 726/454/410 924/456/412
f 716/985/876 715/775/673 713/818/711
f 926/766/669 733/462/417 732/468/422
f 200/465/419 925/825/716 731/466/420
f 731/466/420 925/825/716 732/468/422
f 925/825/716 926/766/669 732/468/422
f 927/763/668 736/475/429 735/473/427
f 201/470/424 928/826/717 734/471/425
f 734/471/425 928/826/717 735/473/427
f 928/826/717 927/763/668 735/473/427
f 929/493/445 742/484/437 741/482/435
f 202/479/432 930/491/443 740/480/433
f 740/480/433 930/491/443 741/482/435
f 930/491/443 929/493/445 741/482/435
f 749/490/442 750/489/441 746/499/450
f 746/499/450 750/489/441 203/488/440
f 748/492/444 749/490/442 747/501/452
f 747/501/452 749/490/442 746/499/450
f 204/496/447 751/827/718 756/497/448
f 756/497/448 751/827/718 752/828/719
f 756/497/448 752/828/719 755/498/449
f 755/498/449 752/828/719 753/758/667
f 755/498/449 753/758/667 754/500/451
f 793/742/660 794/902/793 823/740/659
f 823/740/659 794/902/793 822/903/794
f 823/740/659 822/903/794 829/599/545
f 829/599/545 822/903/794 828/597/543
f 830/590/536 836/603/548 831/592/538
f 831/592/538 836/603/548 837/988/879
f 831/592/538 837/988/879 832/594/540
f 832/594/540 837/988/879 838/989/880
f 832/594/540 838/989/880 833/596/542
f 833/596/542 838/989/880 839/737/658
f 833/596/542 839/737/658 834/598/544
f 206/602/547 840/608/553 836/603/548
f 836/603/548 840/608/553 837/988/879
f 842/612/557 839/737/658 838/989/880
f 840/608/553 841/610/555 837/988/879
f 837/988/879 841/610/555 838/989/880
f 841/610/555 842/612/557 838/989/880
f 848/835/726 849/734/657 844/609/554
f 844/609/554 849/734/657 843/611/556
f 847/834/725 848/835/726 845/607/552
f 845/607/552 848/835/726 844/609/554
f 208/605/550 847/834/725 846/606/551
f 846/606/551 847/834/725 845/607/552
f 855/618/562 854/616/560 863/990/881
f 863/990/881 854/616/560 209/615/559
f 863/990/881 209/615/559 858/991/882
f 858/991/882 209/615/559 211/625/568
f 858/991/882 211/625/568 870/992/883
f 870/992/883 211/625/568 871/627/570
f 870/992/883 871/627/570 865/629/572
f 861/731/656 857/622/566 856/620/564
f 856/620/564 855/618/562 862/993/884
f 862/993/884 855/618/562 863/990/881
f 862/993/884 863/990/881 859/994/885
f 859/994/885 863/990/881 858/991/882
f 859/994/885 858/991/882 869/995/886
f 869/995/886 858/991/882 870/992/883
f 869/995/886 870/992/883 866/996/887
f 866/996/887 870/992/883 865/629/572
f 866/996/887 865/629/572 877/631/574
f 859/994/885 860/729/655 862/993/884
f 862/993/884 860/729/655 861/731/656
f 862/993/884 861/731/656 856/620/564
f 860/729/655 859/994/885 868/727/654
f 868/727/654 859/994/885 869/995/886
f 868/727/654 869/995/886 867/725/653
f 867/725/653 869/995/886 866/996/887
f 867/725/653 866/996/887 876/723/652
f 876/723/652 866/996/887 877/631/574
f 876/723/652 877/631/574 875/633/576
f 932/997/888 105/998/346 931/999/30
f 931/999/30 105/998/346 104/1000/342
f 931/999/30 104/1000/342 993/1001/889
f 993/1001/889 104/1000/342 103/1002/340
f 993/1001/889 103/1002/340 992/1003/890
f 992/1003/890 103/1002/340 102/1004/338
f 992/1003/890 102/1004/338 991/1005/891
f 991/1005/891 102/1004/338 101/1006/336
f 991/1005/891 101/1006/336 990/1007/892
f 990/1007/892 101/1006/336 100/1008/332
f 990/1007/892 100/1008/332 989/1009/893
f 989/1009/893 100/1008/332 99/1010/313
f 989/1009/893 99/1010/313 988/1011/894
f 988/1011/894 99/1010/313 98/1012/296
f 988/1011/894 98/1012/296 987/1013/895
f 987/1013/895 98/1012/296 97/1014/281
f 987/1013/895 97/1014/281 986/1015/896
f 986/1015/896 97/1014/281 96/1016/231
f 986/1015/896 96/1016/231 985/1017/897
f 985/1017/897 96/1016/231 95/1018/213
f 985/1017/897 95/1018/213 984/1019/898
f 984/1019/898 95/1018/213 94/1020/195
f 984/1019/898 94/1020/195 983/1021/899
f 983/1021/899 94/1020/195 93/1022/174
f 983/1021/899 93/1022/174 982/1023/900
f 982/1023/900 93/1022/174 92/1024/107
f 982/1023/900 92/1024/107 981/1025/901
f 981/1025/901 92/1024/107 91/1026/106
f 981/1025/901 91/1026/106 980/1027/902
f 980/1027/902 91/1026/106 90/1028/171
f 980/1027/902 90/1028/171 979/1029/903
f 979/1029/903 90/1028/171 89/1030/172
f 979/1029/903 89/1030/172 978/1031/904
f 978/1031/904 89/1030/172 88/1032/163
f 978/1031/904 88/1032/163 977/1033/905
f 977/1033/905 88/1032/163 87/1034/161
f 977/1033/905 87/1034/161 976/1035/906
f 976/1035/906 87/1034/161 86/1036/148
f 976/1035/906 86/1036/148 975/1037/907
f 975/1037/907 86/1036/148 85/1038/146
f 975/1037/907 85/1038/146 974/1039/908
f 974/1039/908 85/1038/146 84/1040/144
f 974/1039/908 84/1040/144 973/1041/909
f 973/1041/909 84/1040/144 83/1042/142
f 973/1041/909 83/1042/142 972/1043/910
f 972/1043/910 83/1042/142 82/1044/141
f 972/1043/910 82/1044/141 971/1045/911
f 971/1045/911 82/1044/141 81/1046/139
f 971/1045/911 81/1046/139 970/1047/912
f 970/1047/912 81/1046/139 80/1048/137
f 970/1047/912 80/1048/137 969/1049/913
f 969/1049/913 80/1048/137 79/1050/127
f 969/1049/913 79/1050/127 968/1051/914
f 968/1051/914 79/1050/127 78/1052/117
f 968/1051/914 78/1052/117 967/1053/915
f 967/1053/915 78/1052/117 77/1054/108
f 967/1053/915 77/1054/108 966/1055/916
f 966/1055/916 77/1054/108 76/1056/59
f 966/1055/916 76/1056/59 965/1057/917
f 965/1057/917 76/1056/59 75/1058/57
f 965/1057/917 75/1058/57 964/1059/918
f 964/1059/918 75/1058/57 74/1060/31
f 964/1059/918 74/1060/31 963/1061/919
f 963/1061/919 74/1060/31 73/1062/29
f 963/1061/919 73/1062/29 962/1063/920
f 962/1064/920 73/1065/29 135/1066/489
f 962/1064/920 135/1066/489 961/1067/921
f 961/1067/921 135/1066/489 134/1068/488
f 961/1067/921 134/1068/488 960/1069/922
f 960/1069/922 134/1068/488 133/1070/478
f 960/1069/922 133/1070/478 959/1071/923
f 959/1071/923 133/1070/478 132/1072/470
f 959/1071/923 132/1072/470 958/1073/924
f 958/1073/924 132/1072/470 131/1074/463
f 958/1073/924 131/1074/463 957/1075/925
f 957/1075/925 131/1074/463 130/1076/453
f 957/1075/925 130/1076/453 956/1077/926
f 956/1077/926 130/1076/453 129/1078/446
f 956/1077/926 129/1078/446 955/1079/927
f 955/1079/927 129/1078/446 128/1080/439
f 955/1079/927 128/1080/439 954/1081/928
f 954/1081/928 128/1080/439 127/1082/431
f 954/1081/928 127/1082/431 953/1083/929
f 953/1083/929 127/1082/431 126/1084/423
f 953/1083/929 126/1084/423 952/1085/930
f 952/1085/930 126/1084/423 125/1086/418
f 952/1085/930 125/1086/418 951/1087/931
f 951/1087/931 125/1086/418 124/1088/414
f 951/1087/931 124/1088/414 950/1089/932
f 950/1089/932 124/1088/414 123/1090/407
f 950/1089/932 123/1090/407 949/1091/933
f 949/1091/933 123/1090/407 122/1092/403
f 949/1091/933 122/1092/403 948/1093/934
f 948/1093/934 122/1092/403 121/1094/401
f 948/1093/934 121/1094/401 947/1095/935
f 947/1095/935 121/1094/401 120/1096/399
f 947/1095/935 120/1096/399 946/1097/936
f 946/1097/936 120/1096/399 119/1098/395
f 946/1097/936 119/1098/395 945/1099/937
f 945/1099/937 119/1098/395 118/1100/381
f 945/1099/937 118/1100/381 944/1101/938
f 944/1101/938 118/1100/381 117/1102/367
f 944/1101/938 117/1102/367 943/1103/939
f 943/1103/939 117/1102/367 116/1104/280
f 943/1103/939 116/1104/280 942/1105/940
f 942/1105/940 116/1104/280 115/1106/279
f 942/1105/940 115/1106/279 941/1107/941
f 941/1107/941 115/1106/279 114/1108/366
f 941/1107/941 114/1108/366 940/1109/942
f 940/1109/942 114/1108/366 113/1110/363
f 940/1109/942 113/1110/363 939/1111/943
f 939/1111/943 113/1110/363 112/1112/361
f 939/1111/943 112/1112/361 938/1113/944
f 938/1113/944 112/1112/361 111/1114/360
f 938/1113/944 111/1114/360 937/1115/945
f 937/1115/945 111/1114/360 110/1116/356
f 937/1115/945 110/1116/356 936/1117/946
f 936/1117/946 110/1116/356 109/1118/354
f 936/1117/946 109/1118/354 935/1119/947
f 935/1119/947 109/1118/354 108/1120/353
f 935/1119/947 108/1120/353 934/1121/948
f 934/1121/948 108/1120/353 107/1122/349
f 934/1121/948 107/1122/349 933/1123/949
f 933/1123/949 107/1122/349 106/1124/347
f 933/1123/949 106/1124/347 932/997/888
f 932/997/888 106/1124/347 105/998/346
f 190/1125/490 1124/1126/950 136/1127/491
f 136/1127/491 1124/1126/950 1039/1128/951
f 136/1129/491 1039/1130/951 1719/1131/952
f 1719/1131/952 1039/1130/951 1040/1132/953
f 1719/1131/952 1040/1132/953 1720/1133/954
f 1720/1133/954 1040/1132/953 1041/1134/955
f 1720/1133/954 1041/1134/955 1721/1135/956
f 1721/1135/956 1041/1134/955 1042/1136/957
f 1721/1135/956 1042/1136/957 1722/1137/958
f 1722/1137/958 1042/1136/957 1043/1138/959
f 1722/1137/958 1043/1138/959 1723/1139/960
f 1723/1139/960 1043/1138/959 1044/1140/961
f 1723/1139/960 1044/1140/961 1724/1141/962
f 1724/1141/962 1044/1140/961 1045/1142/963
f 1724/1141/962 1045/1142/963 1047/1143/964
f 1047/1143/964 1045/1142/963 994/1144/16
f 1047/1143/964 994/1144/16 995/1145/965
f 1124/1126/950 190/1125/490 1121/1146/966
f 1121/1146/966 190/1125/490 189/1147/212
f 1121/1146/966 189/1147/212 1147/1148/967
f 1147/1148/967 189/1147/212 1119/1149/968
f 1147/1148/967 1119/1149/968 1136/1150/969
f 1136/1150/969 1119/1149/968 1158/1151/970
f 1136/1150/969 1158/1151/970 1157/1152/971
f 1157/1152/971 1158/1151/970 1149/1153/972
f 1157/1152/971 1149/1153/972 1150/1154/973
f 1150/1154/973 1149/1153/972 1169/1155/974
f 1150/1154/973 1169/1155/974 1168/1156/975
f 1168/1156/975 1169/1155/974 1164/1157/976
f 1168/1156/975 1164/1157/976 1165/1158/977
f 1165/1158/977 1164/1157/976 1180/1159/978
f 1165/1158/977 1180/1159/978 1179/1160/979
f 1179/1160/979 1180/1159/978 1116/1161/980
f 1179/1160/979 1116/1161/980 1035/1162/981
f 1035/1162/981 1116/1161/980 1034/1163/982
f 1034/1163/982 1116/1161/980 1191/1164/983
f 1034/1163/982 1191/1164/983 1197/1165/984
f 1197/1165/984 1191/1164/983 1190/1166/985
f 1197/1165/984 1190/1166/985 1198/1167/986
f 1198/1167/986 1190/1166/985 1189/1168/987
f 1198/1167/986 1189/1168/987 1199/1169/988
f 1199/1169/988 1189/1168/987 1188/1170/989
f 1199/1169/988 1188/1170/989 1200/1171/990
f 1200/1171/990 1188/1170/989 1187/1172/991
f 1200/1171/990 1187/1172/991 1201/1173/992
f 1201/1173/992 1187/1172/991 1186/1174/993
f 1201/1173/992 1186/1174/993 1202/1175/994
f 1202/1175/994 1186/1174/993 1114/1176/995
f 1202/1175/994 1114/1176/995 1203/1177/996
f 1203/1177/996 1114/1176/995 184/1178/247
f 1203/1177/996 184/1178/247 1112/1179/997
f 1112/1179/997 184/1178/247 183/1180/248
f 1112/1179/997 183/1180/248 1215/1181/998
f 1215/1181/998 183/1180/248 1110/1182/999
f 1215/1181/998 1110/1182/999 1204/1183/1000
f 1204/1183/1000 1110/1182/999 1227/1184/1001
f 1204/1183/1000 1227/1184/1001 1226/1185/1002
f 1226/1185/1002 1227/1184/1001 1218/1186/1003
f 1226/1185/1002 1218/1186/1003 1219/1187/1004
f 1219/1187/1004 1218/1186/1003 1238/1188/1005
f 1219/1187/1004 1238/1188/1005 1237/1189/1006
f 1237/1189/1006 1238/1188/1005 1233/1190/1007
f 1237/1189/1006 1233/1190/1007 1234/1191/1008
f 1234/1191/1008 1233/1190/1007 1246/1192/1009
f 1234/1191/1008 1246/1192/1009 1247/1193/1010
f 1247/1193/1010 1246/1192/1009 1108/1194/1011
f 1247/1193/1010 1108/1194/1011 1030/1195/1012
f 1030/1195/1012 1108/1194/1011 1029/1196/1013
f 1029/1196/1013 1108/1194/1011 1253/1197/1014
f 1029/1196/1013 1253/1197/1014 1265/1198/1015
f 1265/1198/1015 1253/1197/1014 1252/1199/1016
f 1265/1198/1015 1252/1199/1016 1266/1200/1017
f 1266/1200/1017 1252/1199/1016 1251/1201/1018
f 1266/1200/1017 1251/1201/1018 1267/1202/1019
f 1267/1202/1019 1251/1201/1018 1250/1203/1020
f 1267/1202/1019 1250/1203/1020 1268/1204/1021
f 1268/1204/1021 1250/1203/1020 1249/1205/1022
f 1268/1204/1021 1249/1205/1022 1269/1206/1023
f 1269/1206/1023 1249/1205/1022 1248/1207/1024
f 1269/1206/1023 1248/1207/1024 1270/1208/1025
f 1270/1208/1025 1248/1207/1024 1105/1209/1026
f 1270/1208/1025 1105/1209/1026 1271/1210/1027
f 1271/1210/1027 1105/1209/1026 178/1211/258
f 1271/1210/1027 178/1211/258 1103/1212/1028
f 1103/1212/1028 178/1211/258 177/1213/380
f 1103/1212/1028 177/1213/380 1284/1214/1029
f 1284/1214/1029 177/1213/380 1272/1215/1030
f 1284/1214/1029 1272/1215/1030 1273/1216/1031
f 1273/1216/1031 1272/1215/1030 1296/1217/1032
f 1273/1216/1031 1296/1217/1032 1295/1218/1033
f 1295/1218/1033 1296/1217/1032 1287/1219/1034
f 1295/1218/1033 1287/1219/1034 1288/1220/1035
f 1288/1220/1035 1287/1219/1034 1300/1221/1036
f 1288/1220/1035 1300/1221/1036 1301/1222/1037
f 1301/1222/1037 1300/1221/1036 1311/1223/1038
f 1301/1222/1037 1311/1223/1038 1310/1224/1039
f 1310/1224/1039 1311/1223/1038 1308/1225/1040
f 1310/1224/1039 1308/1225/1040 1309/1226/1041
f 1309/1226/1041 1308/1225/1040 1099/1227/1042
f 1309/1226/1041 1099/1227/1042 1025/1228/1043
f 1025/1228/1043 1099/1227/1042 1024/1229/1044
f 1024/1229/1044 1099/1227/1042 1321/1230/1045
f 1024/1229/1044 1321/1230/1045 1334/1231/1046
f 1334/1231/1046 1321/1230/1045 1320/1232/1047
f 1334/1231/1046 1320/1232/1047 1335/1233/1048
f 1335/1233/1048 1320/1232/1047 1319/1234/1049
f 1335/1233/1048 1319/1234/1049 1336/1235/1050
f 1336/1235/1050 1319/1234/1049 1318/1236/1051
f 1336/1235/1050 1318/1236/1051 1337/1237/1052
f 1337/1237/1052 1318/1236/1051 1317/1238/1053
f 1337/1237/1052 1317/1238/1053 1338/1239/1054
f 1338/1239/1054 1317/1238/1053 1316/1240/1055
f 1338/1239/1054 1316/1240/1055 1339/1241/1056
f 1339/1241/1056 1316/1240/1055 1096/1242/1057
f 1339/1241/1056 1096/1242/1057 1340/1243/1058
f 1340/1243/1058 1096/1242/1057 172/1244/632
f 1340/1243/1058 172/1244/632 1328/1245/1059
f 1328/1245/1059 172/1244/632 171/1246/630
f 1328/1245/1059 171/1246/630 1353/1247/1060
f 1353/1247/1060 171/1246/630 1341/1248/1061
f 1353/1247/1060 1341/1248/1061 1342/1249/1062
f 1342/1249/1062 1341/1248/1061 1354/1250/1063
f 1342/1249/1062 1354/1250/1063 1355/1251/1064
f 1355/1251/1064 1354/1250/1063 1369/1252/1065
f 1355/1251/1064 1369/1252/1065 1368/1253/1066
f 1368/1253/1066 1369/1252/1065 1362/1254/1067
f 1368/1253/1066 1362/1254/1067 1363/1255/1068
f 1363/1255/1068 1362/1254/1067 1379/1256/1069
f 1363/1255/1068 1379/1256/1069 1378/1257/1070
f 1378/1257/1070 1379/1256/1069 1376/1258/1071
f 1378/1257/1070 1376/1258/1071 1377/1259/1072
f 1377/1259/1072 1376/1258/1071 1090/1260/1073
f 1377/1259/1072 1090/1260/1073 1020/1261/1074
f 1020/1261/1074 1090/1260/1073 1019/1262/1075
f 1019/1262/1075 1090/1260/1073 1390/1263/1076
f 1019/1262/1075 1390/1263/1076 1403/1264/1077
f 1403/1264/1077 1390/1263/1076 1389/1265/1078
f 1403/1264/1077 1389/1265/1078 1404/1266/1079
f 1404/1266/1079 1389/1265/1078 1388/1267/1080
f 1404/1266/1079 1388/1267/1080 1405/1268/1081
f 1405/1268/1081 1388/1267/1080 1387/1269/1082
f 1405/1268/1081 1387/1269/1082 1406/1270/1083
f 1406/1270/1083 1387/1269/1082 1386/1271/1084
f 1406/1270/1083 1386/1271/1084 1407/1272/1085
f 1407/1272/1085 1386/1271/1084 1385/1273/1086
f 1407/1272/1085 1385/1273/1086 1408/1274/1087
f 1408/1274/1087 1385/1273/1086 1384/1275/1088
f 1408/1274/1087 1384/1275/1088 1409/1276/1089
f 1409/1276/1089 1384/1275/1088 166/1277/609
f 1409/1276/1089 166/1277/609 1397/1278/1090
f 1397/1278/1090 166/1277/609 165/1279/607
f 1397/1278/1090 165/1279/607 1086/1280/1091
f 1086/1280/1091 165/1279/607 164/1281/605
f 1086/1280/1091 164/1281/605 1427/1282/1092
f 1427/1282/1092 164/1281/605 1084/1283/1093
f 1427/1282/1092 1084/1283/1093 1416/1284/1094
f 1416/1284/1094 1084/1283/1093 1438/1285/1095
f 1416/1284/1094 1438/1285/1095 1437/1286/1096
f 1437/1286/1096 1438/1285/1095 1429/1287/1097
f 1437/1286/1096 1429/1287/1097 1430/1288/1098
f 1430/1288/1098 1429/1287/1097 1449/1289/1099
f 1430/1288/1098 1449/1289/1099 1448/1290/1100
f 1448/1290/1100 1449/1289/1099 1444/1291/1101
f 1448/1290/1100 1444/1291/1101 1445/1292/1102
f 1445/1292/1102 1444/1291/1101 1460/1293/1103
f 1445/1292/1102 1460/1293/1103 1081/1294/1104
f 1081/1294/1104 1460/1293/1103 1459/1295/1105
f 1081/1294/1104 1459/1295/1105 1014/1296/1106
f 1014/1296/1106 1459/1295/1105 1471/1297/1107
f 1014/1296/1106 1471/1297/1107 1080/1298/1108
f 1080/1298/1108 1471/1297/1107 1470/1299/1109
f 1080/1298/1108 1470/1299/1109 1478/1300/1110
f 1478/1300/1110 1470/1299/1109 1469/1301/1111
f 1478/1300/1110 1469/1301/1111 1479/1302/1112
f 1479/1302/1112 1469/1301/1111 1468/1303/1113
f 1479/1302/1112 1468/1303/1113 1480/1304/1114
f 1480/1304/1114 1468/1303/1113 1467/1305/1115
f 1480/1304/1114 1467/1305/1115 1481/1306/1116
f 1481/1306/1116 1467/1305/1115 1466/1307/1117
f 1481/1306/1116 1466/1307/1117 1482/1308/1118
f 1482/1308/1118 1466/1307/1117 1079/1309/1119
f 1482/1308/1118 1079/1309/1119 1483/1310/1120
f 1483/1310/1120 1079/1309/1119 159/1311/549
f 1483/1310/1120 159/1311/549 1077/1312/1121
f 1077/1312/1121 159/1311/549 158/1313/546
f 1077/1312/1121 158/1313/546 1495/1314/1122
f 1495/1314/1122 158/1313/546 1075/1315/1123
f 1495/1314/1122 1075/1315/1123 1484/1316/1124
f 1484/1316/1124 1075/1315/1123 1507/1317/1125
f 1484/1316/1124 1507/1317/1125 1506/1318/1126
f 1506/1318/1126 1507/1317/1125 1498/1319/1127
f 1506/1318/1126 1498/1319/1127 1499/1320/1128
f 1499/1320/1128 1498/1319/1127 1518/1321/1129
f 1499/1320/1128 1518/1321/1129 1517/1322/1130
f 1517/1322/1130 1518/1321/1129 1513/1323/1131
f 1517/1322/1130 1513/1323/1131 1514/1324/1132
f 1514/1324/1132 1513/1323/1131 1526/1325/1133
f 1514/1324/1132 1526/1325/1133 1073/1326/1134
f 1073/1326/1134 1526/1325/1133 1533/1327/1135
f 1073/1326/1134 1533/1327/1135 1009/1328/1136
f 1009/1328/1136 1533/1327/1135 1532/1329/1137
f 1009/1328/1136 1532/1329/1137 1071/1330/1138
f 1071/1330/1138 1532/1329/1137 1531/1331/1139
f 1071/1330/1138 1531/1331/1139 1546/1332/1140
f 1546/1332/1140 1531/1331/1139 1530/1333/1141
f 1546/1332/1140 1530/1333/1141 1547/1334/1142
f 1547/1334/1142 1530/1333/1141 1529/1335/1143
f 1547/1334/1142 1529/1335/1143 1548/1336/1144
f 1548/1336/1144 1529/1335/1143 1528/1337/1145
f 1548/1336/1144 1528/1337/1145 1549/1338/1146
f 1549/1338/1146 1528/1337/1145 1527/1339/1147
f 1549/1338/1146 1527/1339/1147 1550/1340/1148
f 1550/1340/1148 1527/1339/1147 1070/1341/1149
f 1550/1340/1148 1070/1341/1149 1551/1342/1150
f 1551/1342/1150 1070/1341/1149 153/1343/526
f 1551/1342/1150 153/1343/526 1068/1344/1151
f 1068/1344/1151 153/1343/526 152/1345/524
f 1068/1344/1151 152/1345/524 1564/1346/1152
f 1564/1346/1152 152/1345/524 1552/1347/1153
f 1564/1346/1152 1552/1347/1153 1553/1348/1154
f 1553/1348/1154 1552/1347/1153 1576/1349/1155
f 1553/1348/1154 1576/1349/1155 1575/1350/1156
f 1575/1350/1156 1576/1349/1155 1567/1351/1157
f 1575/1350/1156 1567/1351/1157 1568/1352/1158
f 1568/1352/1158 1567/1351/1157 1580/1353/1159
f 1568/1352/1158 1580/1353/1159 1581/1354/1160
f 1581/1354/1160 1580/1353/1159 1590/1355/1161
f 1581/1354/1160 1590/1355/1161 1589/1356/1162
f 1589/1356/1162 1590/1355/1161 1587/1357/1163
f 1589/1356/1162 1587/1357/1163 1065/1358/1164
f 1065/1358/1164 1587/1357/1163 1601/1359/1165
f 1065/1358/1164 1601/1359/1165 1004/1360/1166
f 1004/1360/1166 1601/1359/1165 1600/1361/1167
f 1004/1360/1166 1600/1361/1167 1062/1362/1168
f 1062/1362/1168 1600/1361/1167 1599/1363/1169
f 1062/1362/1168 1599/1363/1169 1615/1364/1170
f 1615/1364/1170 1599/1363/1169 1598/1365/1171
f 1615/1364/1170 1598/1365/1171 1616/1366/1172
f 1616/1366/1172 1598/1365/1171 1597/1367/1173
f 1616/1366/1172 1597/1367/1173 1617/1368/1174
f 1617/1368/1174 1597/1367/1173 1596/1369/1175
f 1617/1368/1174 1596/1369/1175 1618/1370/1176
f 1618/1370/1176 1596/1369/1175 1595/1371/1177
f 1618/1370/1176 1595/1371/1177 1619/1372/1178
f 1619/1372/1178 1595/1371/1177 1061/1373/1179
f 1619/1372/1178 1061/1373/1179 1620/1374/1180
f 1620/1374/1180 1061/1373/1179 147/1375/502
f 1620/1374/1180 147/1375/502 1608/1376/1181
f 1608/1376/1181 147/1375/502 146/1377/493
f 1608/1376/1181 146/1377/493 1633/1378/1182
f 1633/1378/1182 146/1377/493 1621/1379/1183
f 1633/1378/1182 1621/1379/1183 1622/1380/1184
f 1622/1380/1184 1621/1379/1183 1634/1381/1185
f 1622/1380/1184 1634/1381/1185 1635/1382/1186
f 1635/1382/1186 1634/1381/1185 1648/1383/1187
f 1635/1382/1186 1648/1383/1187 1647/1384/1188
f 1647/1384/1188 1648/1383/1187 1641/1385/1189
f 1647/1384/1188 1641/1385/1189 1642/1386/1190
f 1642/1386/1190 1641/1385/1189 1658/1387/1191
f 1642/1386/1190 1658/1387/1191 1657/1388/1192
f 1657/1388/1192 1658/1387/1191 1655/1389/1193
f 1657/1388/1192 1655/1389/1193 1056/1390/1194
f 1056/1390/1194 1655/1389/1193 1670/1391/1195
f 1056/1390/1194 1670/1391/1195 999/1392/1196
f 999/1392/1196 1670/1391/1195 1669/1393/1197
f 999/1392/1196 1669/1393/1197 1053/1394/1198
f 1053/1394/1198 1669/1393/1197 1668/1395/1199
f 1053/1394/1198 1668/1395/1199 1684/1396/1200
f 1684/1396/1200 1668/1395/1199 1667/1397/1201
f 1684/1396/1200 1667/1397/1201 1685/1398/1202
f 1685/1398/1202 1667/1397/1201 1666/1399/1203
f 1685/1398/1202 1666/1399/1203 1686/1400/1204
f 1686/1400/1204 1666/1399/1203 1665/1401/1205
f 1686/1400/1204 1665/1401/1205 1687/1402/1206
f 1687/1402/1206 1665/1401/1205 1664/1403/1207
f 1687/1402/1206 1664/1403/1207 1688/1404/1208
f 1688/1404/1208 1664/1403/1207 1663/1405/1209
f 1688/1404/1208 1663/1405/1209 1689/1406/1210
f 1689/1406/1210 1663/1405/1209 141/1407/83
f 1689/1406/1210 141/1407/83 1677/1408/1211
f 1677/1408/1211 141/1407/83 140/1409/85
f 1677/1408/1211 140/1409/85 1050/1410/1212
f 1050/1410/1212 140/1409/85 139/1411/87
f 1050/1410/1212 139/1411/87 1706/1412/1213
f 1706/1412/1213 139/1411/87 1048/1413/1214
f 1706/1412/1213 1048/1413/1214 1695/1414/1215
f 1695/1414/1215 1048/1413/1214 1717/1415/1216
f 1695/1414/1215 1717/1415/1216 1716/1416/1217
f 1716/1416/1217 1717/1415/1216 1708/1417/1218
f 1716/1416/1217 1708/1417/1218 1709/1418/1219
f 1709/1418/1219 1708/1417/1218 1728/1419/1220
f 1709/1418/1219 1728/1419/1220 1727/1420/1221
f 1727/1420/1221 1728/1419/1220 1723/1139/960
f 1727/1420/1221 1723/1139/960 1724/1141/962
f 189/1147/212 188/1421/211 1119/1149/968
f 1119/1149/968 188/1421/211 1159/1422/1222
f 1119/1149/968 1159/1422/1222 1158/1151/970
f 1158/1151/970 1159/1422/1222 1148/1423/1223
f 1158/1151/970 1148/1423/1223 1149/1153/972
f 1149/1153/972 1148/1423/1223 1170/1424/1224
f 1149/1153/972 1170/1424/1224 1169/1155/974
f 1169/1155/974 1170/1424/1224 1163/1425/1225
f 1169/1155/974 1163/1425/1225 1164/1157/976
f 1164/1157/976 1163/1425/1225 1181/1426/1226
f 1164/1157/976 1181/1426/1226 1180/1159/978
f 1180/1159/978 1181/1426/1226 1178/1427/1227
f 1180/1159/978 1178/1427/1227 1116/1161/980
f 1116/1161/980 1178/1427/1227 1191/1164/983
f 1159/1422/1222 188/1421/211 1117/1428/1228
f 1117/1428/1228 188/1421/211 187/1429/637
f 1117/1428/1228 187/1429/637 1172/1430/1229
f 1172/1430/1229 187/1429/637 1160/1431/1230
f 1172/1430/1229 1160/1431/1230 1161/1432/1231
f 1161/1432/1231 1160/1431/1230 1184/1433/1232
f 1161/1432/1231 1184/1433/1232 1183/1434/1233
f 1183/1434/1233 1184/1433/1232 1175/1435/1234
f 1183/1434/1233 1175/1435/1234 1176/1436/1235
f 1176/1436/1235 1175/1435/1234 1188/1170/989
f 1176/1436/1235 1188/1170/989 1189/1168/987
f 187/1429/637 186/1437/230 1160/1431/1230
f 1160/1431/1230 186/1437/230 1185/1438/1236
f 1160/1431/1230 1185/1438/1236 1184/1433/1232
f 1184/1433/1232 1185/1438/1236 1174/1439/1237
f 1184/1433/1232 1174/1439/1237 1175/1435/1234
f 1175/1435/1234 1174/1439/1237 1187/1172/991
f 1175/1435/1234 1187/1172/991 1188/1170/989
f 1185/1438/1236 186/1437/230 1173/1440/1238
f 1173/1440/1238 186/1437/230 185/1441/229
f 1173/1440/1238 185/1441/229 1114/1176/995
f 1114/1176/995 185/1441/229 184/1178/247
f 183/1180/248 182/1442/249 1110/1182/999
f 1110/1182/999 182/1442/249 1228/1443/1239
f 1110/1182/999 1228/1443/1239 1227/1184/1001
f 1227/1184/1001 1228/1443/1239 1217/1444/1240
f 1227/1184/1001 1217/1444/1240 1218/1186/1003
f 1218/1186/1003 1217/1444/1240 1239/1445/1241
f 1218/1186/1003 1239/1445/1241 1238/1188/1005
f 1238/1188/1005 1239/1445/1241 1232/1446/1242
f 1238/1188/1005 1232/1446/1242 1233/1190/1007
f 1233/1190/1007 1232/1446/1242 1245/1447/1243
f 1233/1190/1007 1245/1447/1243 1246/1192/1009
f 1246/1192/1009 1245/1447/1243 1254/1448/1244
f 1246/1192/1009 1254/1448/1244 1108/1194/1011
f 1108/1194/1011 1254/1448/1244 1253/1197/1014
f 1228/1443/1239 182/1442/249 1216/1449/1245
f 1216/1449/1245 182/1442/249 181/1450/251
f 1216/1449/1245 181/1450/251 1241/1451/1246
f 1241/1451/1246 181/1450/251 1229/1452/1247
f 1241/1451/1246 1229/1452/1247 1230/1453/1248
f 1230/1453/1248 1229/1452/1247 1242/1454/1249
f 1230/1453/1248 1242/1454/1249 1243/1455/1250
f 1243/1455/1250 1242/1454/1249 1257/1456/1251
f 1243/1455/1250 1257/1456/1251 1256/1457/1252
f 1256/1457/1252 1257/1456/1251 1250/1203/1020
f 1256/1457/1252 1250/1203/1020 1251/1201/1018
f 181/1450/251 180/1458/255 1229/1452/1247
f 1229/1452/1247 180/1458/255 1107/1459/1253
f 1229/1452/1247 1107/1459/1253 1242/1454/1249
f 1242/1454/1249 1107/1459/1253 1258/1460/1254
f 1242/1454/1249 1258/1460/1254 1257/1456/1251
f 1257/1456/1251 1258/1460/1254 1249/1205/1022
f 1257/1456/1251 1249/1205/1022 1250/1203/1020
f 180/1458/255 179/1461/257 1107/1459/1253
f 1107/1459/1253 179/1461/257 1259/1462/1255
f 1107/1459/1253 1259/1462/1255 1258/1460/1254
f 1258/1460/1254 1259/1462/1255 1248/1207/1024
f 1258/1460/1254 1248/1207/1024 1249/1205/1022
f 1259/1462/1255 179/1461/257 1105/1209/1026
f 1105/1209/1026 179/1461/257 178/1211/258
f 177/1213/380 176/1463/378 1272/1215/1030
f 1272/1215/1030 176/1463/378 1297/1464/1256
f 1272/1215/1030 1297/1464/1256 1296/1217/1032
f 1296/1217/1032 1297/1464/1256 1286/1465/1257
f 1296/1217/1032 1286/1465/1257 1287/1219/1034
f 1287/1219/1034 1286/1465/1257 1299/1466/1258
f 1287/1219/1034 1299/1466/1258 1300/1221/1036
f 1300/1221/1036 1299/1466/1258 1312/1467/1259
f 1300/1221/1036 1312/1467/1259 1311/1223/1038
f 1311/1223/1038 1312/1467/1259 1307/1468/1260
f 1311/1223/1038 1307/1468/1260 1308/1225/1040
f 1308/1225/1040 1307/1468/1260 1322/1469/1261
f 1308/1225/1040 1322/1469/1261 1099/1227/1042
f 1099/1227/1042 1322/1469/1261 1321/1230/1045
f 1297/1464/1256 176/1463/378 1285/1470/1262
f 1285/1470/1262 176/1463/378 175/1471/393
f 1285/1470/1262 175/1471/393 1100/1472/1263
f 1100/1472/1263 175/1471/393 174/1473/635
f 1100/1472/1263 174/1473/635 1315/1474/1264
f 1315/1474/1264 174/1473/635 1098/1475/1265
f 1315/1474/1264 1098/1475/1265 1304/1476/1266
f 1304/1476/1266 1098/1475/1265 1326/1477/1267
f 1304/1476/1266 1326/1477/1267 1325/1478/1268
f 1325/1478/1268 1326/1477/1267 1317/1238/1053
f 1325/1478/1268 1317/1238/1053 1318/1236/1051
f 174/1473/635 173/1479/634 1098/1475/1265
f 1098/1475/1265 173/1479/634 1327/1480/1269
f 1098/1475/1265 1327/1480/1269 1326/1477/1267
f 1326/1477/1267 1327/1480/1269 1316/1240/1055
f 1326/1477/1267 1316/1240/1055 1317/1238/1053
f 1327/1480/1269 173/1479/634 1096/1242/1057
f 1096/1242/1057 173/1479/634 172/1244/632
f 171/1246/630 170/1481/627 1341/1248/1061
f 1341/1248/1061 170/1481/627 1093/1482/1270
f 1341/1248/1061 1093/1482/1270 1354/1250/1063
f 1354/1250/1063 1093/1482/1270 1370/1483/1271
f 1354/1250/1063 1370/1483/1271 1369/1252/1065
f 1369/1252/1065 1370/1483/1271 1361/1484/1272
f 1369/1252/1065 1361/1484/1272 1362/1254/1067
f 1362/1254/1067 1361/1484/1272 1380/1485/1273
f 1362/1254/1067 1380/1485/1273 1379/1256/1069
f 1379/1256/1069 1380/1485/1273 1375/1486/1274
f 1379/1256/1069 1375/1486/1274 1376/1258/1071
f 1376/1258/1071 1375/1486/1274 1391/1487/1275
f 1376/1258/1071 1391/1487/1275 1090/1260/1073
f 1090/1260/1073 1391/1487/1275 1390/1263/1076
f 170/1481/627 169/1488/623 1093/1482/1270
f 1093/1482/1270 169/1488/623 1371/1489/1276
f 1093/1482/1270 1371/1489/1276 1370/1483/1271
f 1370/1483/1271 1371/1489/1276 1360/1490/1277
f 1370/1483/1271 1360/1490/1277 1361/1484/1272
f 1361/1484/1272 1360/1490/1277 1381/1491/1278
f 1361/1484/1272 1381/1491/1278 1380/1485/1273
f 1380/1485/1273 1381/1491/1278 1374/1492/1279
f 1380/1485/1273 1374/1492/1279 1375/1486/1274
f 1375/1486/1274 1374/1492/1279 1392/1493/1280
f 1375/1486/1274 1392/1493/1280 1391/1487/1275
f 1391/1487/1275 1392/1493/1280 1389/1265/1078
f 1391/1487/1275 1389/1265/1078 1390/1263/1076
f 1371/1489/1276 169/1488/623 1091/1494/1281
f 1091/1494/1281 169/1488/623 168/1495/613
f 1091/1494/1281 168/1495/613 1383/1496/1282
f 1383/1496/1282 168/1495/613 1089/1497/1283
f 1383/1496/1282 1089/1497/1283 1372/1498/1284
f 1372/1498/1284 1089/1497/1283 1395/1499/1285
f 1372/1498/1284 1395/1499/1285 1394/1500/1286
f 1394/1500/1286 1395/1499/1285 1386/1271/1084
f 1394/1500/1286 1386/1271/1084 1387/1269/1082
f 168/1495/613 167/1501/611 1089/1497/1283
f 1089/1497/1283 167/1501/611 1396/1502/1287
f 1089/1497/1283 1396/1502/1287 1395/1499/1285
f 1395/1499/1285 1396/1502/1287 1385/1273/1086
f 1395/1499/1285 1385/1273/1086 1386/1271/1084
f 1396/1502/1287 167/1501/611 1384/1275/1088
f 1384/1275/1088 167/1501/611 166/1277/609
f 164/1281/605 163/1503/581 1084/1283/1093
f 1084/1283/1093 163/1503/581 1439/1504/1288
f 1084/1283/1093 1439/1504/1288 1438/1285/1095
f 1438/1285/1095 1439/1504/1288 1428/1505/1289
f 1438/1285/1095 1428/1505/1289 1429/1287/1097
f 1429/1287/1097 1428/1505/1289 1450/1506/1290
f 1429/1287/1097 1450/1506/1290 1449/1289/1099
f 1449/1289/1099 1450/1506/1290 1443/1507/1291
f 1449/1289/1099 1443/1507/1291 1444/1291/1101
f 1444/1291/1101 1443/1507/1291 1461/1508/1292
f 1444/1291/1101 1461/1508/1292 1460/1293/1103
f 1460/1293/1103 1461/1508/1292 1458/1509/1293
f 1460/1293/1103 1458/1509/1293 1459/1295/1105
f 1459/1295/1105 1458/1509/1293 1471/1297/1107
f 1439/1504/1288 163/1503/581 1082/1510/1294
f 1082/1510/1294 163/1503/581 162/1511/579
f 1082/1510/1294 162/1511/579 1452/1512/1295
f 1452/1512/1295 162/1511/579 1440/1513/1296
f 1452/1512/1295 1440/1513/1296 1441/1514/1297
f 1441/1514/1297 1440/1513/1296 1464/1515/1298
f 1441/1514/1297 1464/1515/1298 1463/1516/1299
f 1463/1516/1299 1464/1515/1298 1455/1517/1300
f 1463/1516/1299 1455/1517/1300 1456/1518/1301
f 1456/1518/1301 1455/1517/1300 1468/1303/1113
f 1456/1518/1301 1468/1303/1113 1469/1301/1111
f 162/1511/579 161/1519/569 1440/1513/1296
f 1440/1513/1296 161/1519/569 1465/1520/1302
f 1440/1513/1296 1465/1520/1302 1464/1515/1298
f 1464/1515/1298 1465/1520/1302 1454/1521/1303
f 1464/1515/1298 1454/1521/1303 1455/1517/1300
f 1455/1517/1300 1454/1521/1303 1467/1305/1115
f 1455/1517/1300 1467/1305/1115 1468/1303/1113
f 1465/1520/1302 161/1519/569 1453/1522/1304
f 1453/1522/1304 161/1519/569 160/1523/558
f 1453/1522/1304 160/1523/558 1079/1309/1119
f 1079/1309/1119 160/1523/558 159/1311/549
f 158/1313/546 157/1524/534 1075/1315/1123
f 1075/1315/1123 157/1524/534 1508/1525/1305
f 1075/1315/1123 1508/1525/1305 1507/1317/1125
f 1507/1317/1125 1508/1525/1305 1497/1526/1306
f 1507/1317/1125 1497/1526/1306 1498/1319/1127
f 1498/1319/1127 1497/1526/1306 1519/1527/1307
f 1498/1319/1127 1519/1527/1307 1518/1321/1129
f 1518/1321/1129 1519/1527/1307 1512/1528/1308
f 1518/1321/1129 1512/1528/1308 1513/1323/1131
f 1513/1323/1131 1512/1528/1308 1525/1529/1309
f 1513/1323/1131 1525/1529/1309 1526/1325/1133
f 1526/1325/1133 1525/1529/1309 1534/1530/1310
f 1526/1325/1133 1534/1530/1310 1533/1327/1135
f 1533/1327/1135 1534/1530/1310 1532/1329/1137
f 1508/1525/1305 157/1524/534 1496/1531/1311
f 1496/1531/1311 157/1524/534 156/1532/533
f 1496/1531/1311 156/1532/533 1521/1533/1312
f 1521/1533/1312 156/1532/533 1509/1534/1313
f 1521/1533/1312 1509/1534/1313 1510/1535/1314
f 1510/1535/1314 1509/1534/1313 1522/1536/1315
f 1510/1535/1314 1522/1536/1315 1523/1537/1316
f 1523/1537/1316 1522/1536/1315 1537/1538/1317
f 1523/1537/1316 1537/1538/1317 1536/1539/1318
f 1536/1539/1318 1537/1538/1317 1529/1335/1143
f 1536/1539/1318 1529/1335/1143 1530/1333/1141
f 156/1532/533 155/1540/532 1509/1534/1313
f 1509/1534/1313 155/1540/532 1072/1541/1319
f 1509/1534/1313 1072/1541/1319 1522/1536/1315
f 1522/1536/1315 1072/1541/1319 1538/1542/1320
f 1522/1536/1315 1538/1542/1320 1537/1538/1317
f 1537/1538/1317 1538/1542/1320 1528/1337/1145
f 1537/1538/1317 1528/1337/1145 1529/1335/1143
f 155/1540/532 154/1543/530 1072/1541/1319
f 1072/1541/1319 154/1543/530 1539/1544/1321
f 1072/1541/1319 1539/1544/1321 1538/1542/1320
f 1538/1542/1320 1539/1544/1321 1527/1339/1147
f 1538/1542/1320 1527/1339/1147 1528/1337/1145
f 1539/1544/1321 154/1543/530 1070/1341/1149
f 1070/1341/1149 154/1543/530 153/1343/526
f 152/1345/524 151/1545/522 1552/1347/1153
f 1552/1347/1153 151/1545/522 1577/1546/1322
f 1552/1347/1153 1577/1546/1322 1576/1349/1155
f 1576/1349/1155 1577/1546/1322 1566/1547/1323
f 1576/1349/1155 1566/1547/1323 1567/1351/1157
f 1567/1351/1157 1566/1547/1323 1579/1548/1324
f 1567/1351/1157 1579/1548/1324 1580/1353/1159
f 1580/1353/1159 1579/1548/1324 1591/1549/1325
f 1580/1353/1159 1591/1549/1325 1590/1355/1161
f 1590/1355/1161 1591/1549/1325 1586/1550/1326
f 1590/1355/1161 1586/1550/1326 1587/1357/1163
f 1587/1357/1163 1586/1550/1326 1602/1551/1327
f 1587/1357/1163 1602/1551/1327 1601/1359/1165
f 1601/1359/1165 1602/1551/1327 1600/1361/1167
f 1577/1546/1322 151/1545/522 1565/1552/1328
f 1565/1552/1328 151/1545/522 150/1553/520
f 1565/1552/1328 150/1553/520 1064/1554/1329
f 1064/1554/1329 150/1553/520 149/1555/519
f 1064/1554/1329 149/1555/519 1594/1556/1330
f 1594/1556/1330 149/1555/519 1063/1557/1331
f 1594/1556/1330 1063/1557/1331 1583/1558/1332
f 1583/1558/1332 1063/1557/1331 1606/1559/1333
f 1583/1558/1332 1606/1559/1333 1605/1560/1334
f 1605/1560/1334 1606/1559/1333 1596/1369/1175
f 1605/1560/1334 1596/1369/1175 1597/1367/1173
f 149/1555/519 148/1561/511 1063/1557/1331
f 1063/1557/1331 148/1561/511 1607/1562/1335
f 1063/1557/1331 1607/1562/1335 1606/1559/1333
f 1606/1559/1333 1607/1562/1335 1595/1371/1177
f 1606/1559/1333 1595/1371/1177 1596/1369/1175
f 1607/1562/1335 148/1561/511 1061/1373/1179
f 1061/1373/1179 148/1561/511 147/1375/502
f 146/1377/493 145/1563/74 1621/1379/1183
f 1621/1379/1183 145/1563/74 1057/1564/1336
f 1621/1379/1183 1057/1564/1336 1634/1381/1185
f 1634/1381/1185 1057/1564/1336 1649/1565/1337
f 1634/1381/1185 1649/1565/1337 1648/1383/1187
f 1648/1383/1187 1649/1565/1337 1640/1566/1338
f 1648/1383/1187 1640/1566/1338 1641/1385/1189
f 1641/1385/1189 1640/1566/1338 1659/1567/1339
f 1641/1385/1189 1659/1567/1339 1658/1387/1191
f 1658/1387/1191 1659/1567/1339 1654/1568/1340
f 1658/1387/1191 1654/1568/1340 1655/1389/1193
f 1655/1389/1193 1654/1568/1340 1671/1569/1341
f 1655/1389/1193 1671/1569/1341 1670/1391/1195
f 1670/1391/1195 1671/1569/1341 1669/1393/1197
f 145/1563/74 144/1570/76 1057/1564/1336
f 1057/1564/1336 144/1570/76 1650/1571/1342
f 1057/1564/1336 1650/1571/1342 1649/1565/1337
f 1649/1565/1337 1650/1571/1342 1639/1572/1343
f 1649/1565/1337 1639/1572/1343 1640/1566/1338
f 1640/1566/1338 1639/1572/1343 1660/1573/1344
f 1640/1566/1338 1660/1573/1344 1659/1567/1339
f 1659/1567/1339 1660/1573/1344 1653/1574/1345
f 1659/1567/1339 1653/1574/1345 1654/1568/1340
f 1654/1568/1340 1653/1574/1345 1672/1575/1346
f 1654/1568/1340 1672/1575/1346 1671/1569/1341
f 1671/1569/1341 1672/1575/1346 1668/1395/1199
f 1671/1569/1341 1668/1395/1199 1669/1393/1197
f 1650/1571/1342 144/1570/76 1055/1576/1347
f 1055/1576/1347 144/1570/76 143/1577/80
f 1055/1576/1347 143/1577/80 1662/1578/1348
f 1662/1578/1348 143/1577/80 1054/1579/1349
f 1662/1578/1348 1054/1579/1349 1651/1580/1350
f 1651/1580/1350 1054/1579/1349 1675/1581/1351
f 1651/1580/1350 1675/1581/1351 1674/1582/1352
f 1674/1582/1352 1675/1581/1351 1665/1401/1205
f 1674/1582/1352 1665/1401/1205 1666/1399/1203
f 143/1577/80 142/1583/81 1054/1579/1349
f 1054/1579/1349 142/1583/81 1676/1584/1353
f 1054/1579/1349 1676/1584/1353 1675/1581/1351
f 1675/1581/1351 1676/1584/1353 1664/1403/1207
f 1675/1581/1351 1664/1403/1207 1665/1401/1205
f 1676/1584/1353 142/1583/81 1663/1405/1209
f 1663/1405/1209 142/1583/81 141/1407/83
f 139/1411/87 138/1585/194 1048/1413/1214
f 1048/1413/1214 138/1585/194 1718/1586/1354
f 1048/1413/1214 1718/1586/1354 1717/1415/1216
f 1717/1415/1216 1718/1586/1354 1707/1587/1355
f 1717/1415/1216 1707/1587/1355 1708/1417/1218
f 1708/1417/1218 1707/1587/1355 1729/1588/1356
f 1708/1417/1218 1729/1588/1356 1728/1419/1220
f 1728/1419/1220 1729/1588/1356 1722/1137/958
f 1728/1419/1220 1722/1137/958 1723/1139/960
f 1718/1586/1354 138/1585/194 1046/1589/1357
f 1046/1589/1357 138/1585/194 137/1590/192
f 1046/1589/1357 137/1590/192 1731/1591/1358
f 1731/1591/1358 137/1590/192 1719/1131/952
f 1731/1591/1358 1719/1131/952 1720/1133/954
f 137/1590/192 136/1129/491 1719/1131/952
f 996/1592/1359 1049/1593/1360 995/1145/965
f 995/1145/965 1049/1593/1360 1725/1594/1361
f 995/1145/965 1725/1594/1361 1047/1143/964
f 1047/1143/964 1725/1594/1361 1726/1595/1362
f 1047/1143/964 1726/1595/1362 1724/1141/962
f 1724/1141/962 1726/1595/1362 1727/1420/1221
f 997/1596/1363 1051/1597/1364 996/1592/1359
f 996/1592/1359 1051/1597/1364 1712/1598/1365
f 996/1592/1359 1712/1598/1365 1049/1593/1360
f 1049/1593/1360 1712/1598/1365 1713/1599/1366
f 1049/1593/1360 1713/1599/1366 1711/1600/1367
f 1711/1600/1367 1713/1599/1366 1714/1601/1368
f 1711/1600/1367 1714/1601/1368 1710/1602/1369
f 1710/1602/1369 1714/1601/1368 1715/1603/1370
f 1710/1602/1369 1715/1603/1370 1709/1418/1219
f 1709/1418/1219 1715/1603/1370 1716/1416/1217
f 998/1604/1371 1052/1605/1372 997/1596/1363
f 997/1596/1363 1052/1605/1372 1700/1606/1373
f 997/1596/1363 1700/1606/1373 1051/1597/1364
f 1051/1597/1364 1700/1606/1373 1701/1607/1374
f 1051/1597/1364 1701/1607/1374 1699/1608/1375
f 1699/1608/1375 1701/1607/1374 1702/1609/1376
f 1699/1608/1375 1702/1609/1376 1698/1610/1377
f 1698/1610/1377 1702/1609/1376 1703/1611/1378
f 1698/1610/1377 1703/1611/1378 1697/1612/1379
f 1697/1612/1379 1703/1611/1378 1704/1613/1380
f 1697/1612/1379 1704/1613/1380 1696/1614/1381
f 1696/1614/1381 1704/1613/1380 1705/1615/1382
f 1696/1614/1381 1705/1615/1382 1695/1414/1215
f 1695/1414/1215 1705/1615/1382 1706/1412/1213
f 999/1392/1196 1053/1394/1198 998/1604/1371
f 998/1604/1371 1053/1394/1198 1683/1616/1383
f 998/1604/1371 1683/1616/1383 1052/1605/1372
f 1052/1605/1372 1683/1616/1383 1682/1617/1384
f 1052/1605/1372 1682/1617/1384 1694/1618/1385
f 1694/1618/1385 1682/1617/1384 1681/1619/1386
f 1694/1618/1385 1681/1619/1386 1693/1620/1387
f 1693/1620/1387 1681/1619/1386 1680/1621/1388
f 1693/1620/1387 1680/1621/1388 1692/1622/1389
f 1692/1622/1389 1680/1621/1388 1679/1623/1390
f 1692/1622/1389 1679/1623/1390 1691/1624/1391
f 1691/1624/1391 1679/1623/1390 1678/1625/1392
f 1691/1624/1391 1678/1625/1392 1690/1626/1393
f 1690/1626/1393 1678/1625/1392 1677/1408/1211
f 1690/1626/1393 1677/1408/1211 1050/1410/1212
f 999/1392/1196 1000/1627/1394 1056/1390/1194
f 1056/1390/1194 1000/1627/1394 1656/1628/1395
f 1056/1390/1194 1656/1628/1395 1657/1388/1192
f 1657/1388/1192 1656/1628/1395 1643/1629/1396
f 1657/1388/1192 1643/1629/1396 1642/1386/1190
f 1642/1386/1190 1643/1629/1396 1646/1630/1397
f 1642/1386/1190 1646/1630/1397 1647/1384/1188
f 1647/1384/1188 1646/1630/1397 1636/1631/1398
f 1647/1384/1188 1636/1631/1398 1635/1382/1186
f 1635/1382/1186 1636/1631/1398 1623/1632/1399
f 1635/1382/1186 1623/1632/1399 1622/1380/1184
f 1622/1380/1184 1623/1632/1399 1632/1633/1400
f 1622/1380/1184 1632/1633/1400 1633/1378/1182
f 1633/1378/1182 1632/1633/1400 1608/1376/1181
f 1656/1628/1395 1000/1627/1394 1058/1634/1401
f 1058/1634/1401 1000/1627/1394 1001/1635/1402
f 1058/1634/1401 1001/1635/1402 1644/1636/1403
f 1644/1636/1403 1001/1635/1402 1059/1637/1404
f 1644/1636/1403 1059/1637/1404 1638/1638/1405
f 1638/1638/1405 1059/1637/1404 1626/1639/1406
f 1638/1638/1405 1626/1639/1406 1625/1640/1407
f 1625/1640/1407 1626/1639/1406 1629/1641/1408
f 1625/1640/1407 1629/1641/1408 1630/1642/1409
f 1630/1642/1409 1629/1641/1408 1611/1643/1410
f 1630/1642/1409 1611/1643/1410 1610/1644/1411
f 1610/1644/1411 1611/1643/1410 1618/1370/1176
f 1610/1644/1411 1618/1370/1176 1619/1372/1178
f 1001/1635/1402 1002/1645/1412 1059/1637/1404
f 1059/1637/1404 1002/1645/1412 1627/1646/1413
f 1059/1637/1404 1627/1646/1413 1626/1639/1406
f 1626/1639/1406 1627/1646/1413 1628/1647/1414
f 1626/1639/1406 1628/1647/1414 1629/1641/1408
f 1629/1641/1408 1628/1647/1414 1612/1648/1415
f 1629/1641/1408 1612/1648/1415 1611/1643/1410
f 1611/1643/1410 1612/1648/1415 1617/1368/1174
f 1611/1643/1410 1617/1368/1174 1618/1370/1176
f 1627/1646/1413 1002/1645/1412 1060/1649/1416
f 1060/1649/1416 1002/1645/1412 1003/1650/1417
f 1060/1649/1416 1003/1650/1417 1614/1651/1418
f 1614/1651/1418 1003/1650/1417 1062/1362/1168
f 1614/1651/1418 1062/1362/1168 1615/1364/1170
f 1003/1650/1417 1004/1360/1166 1062/1362/1168
f 1004/1360/1166 1005/1652/1419 1065/1358/1164
f 1065/1358/1164 1005/1652/1419 1588/1653/1420
f 1065/1358/1164 1588/1653/1420 1589/1356/1162
f 1589/1356/1162 1588/1653/1420 1582/1654/1421
f 1589/1356/1162 1582/1654/1421 1581/1354/1160
f 1581/1354/1160 1582/1654/1421 1569/1655/1422
f 1581/1354/1160 1569/1655/1422 1568/1352/1158
f 1568/1352/1158 1569/1655/1422 1574/1656/1423
f 1568/1352/1158 1574/1656/1423 1575/1350/1156
f 1575/1350/1156 1574/1656/1423 1554/1657/1424
f 1575/1350/1156 1554/1657/1424 1553/1348/1154
f 1553/1348/1154 1554/1657/1424 1563/1658/1425
f 1553/1348/1154 1563/1658/1425 1564/1346/1152
f 1564/1346/1152 1563/1658/1425 1068/1344/1151
f 1588/1653/1420 1005/1652/1419 1066/1659/1426
f 1066/1659/1426 1005/1652/1419 1006/1660/1427
f 1066/1659/1426 1006/1660/1427 1571/1661/1428
f 1571/1661/1428 1006/1660/1427 1067/1662/1429
f 1571/1661/1428 1067/1662/1429 1572/1663/1430
f 1572/1663/1430 1067/1662/1429 1557/1664/1431
f 1572/1663/1430 1557/1664/1431 1556/1665/1432
f 1556/1665/1432 1557/1664/1431 1560/1666/1433
f 1556/1665/1432 1560/1666/1433 1561/1667/1434
f 1561/1667/1434 1560/1666/1433 1542/1668/1435
f 1561/1667/1434 1542/1668/1435 1541/1669/1436
f 1541/1669/1436 1542/1668/1435 1549/1338/1146
f 1541/1669/1436 1549/1338/1146 1550/1340/1148
f 1006/1660/1427 1007/1670/1437 1067/1662/1429
f 1067/1662/1429 1007/1670/1437 1558/1671/1438
f 1067/1662/1429 1558/1671/1438 1557/1664/1431
f 1557/1664/1431 1558/1671/1438 1559/1672/1439
f 1557/1664/1431 1559/1672/1439 1560/1666/1433
f 1560/1666/1433 1559/1672/1439 1543/1673/1440
f 1560/1666/1433 1543/1673/1440 1542/1668/1435
f 1542/1668/1435 1543/1673/1440 1548/1336/1144
f 1542/1668/1435 1548/1336/1144 1549/1338/1146
f 1558/1671/1438 1007/1670/1437 1069/1674/1441
f 1069/1674/1441 1007/1670/1437 1008/1675/1442
f 1069/1674/1441 1008/1675/1442 1545/1676/1443
f 1545/1676/1443 1008/1675/1442 1071/1330/1138
f 1545/1676/1443 1071/1330/1138 1546/1332/1140
f 1008/1675/1442 1009/1328/1136 1071/1330/1138
f 1009/1328/1136 1010/1677/1444 1073/1326/1134
f 1073/1326/1134 1010/1677/1444 1515/1678/1445
f 1073/1326/1134 1515/1678/1445 1514/1324/1132
f 1514/1324/1132 1515/1678/1445 1516/1679/1446
f 1514/1324/1132 1516/1679/1446 1517/1322/1130
f 1517/1322/1130 1516/1679/1446 1500/1680/1447
f 1517/1322/1130 1500/1680/1447 1499/1320/1128
f 1499/1320/1128 1500/1680/1447 1505/1681/1448
f 1499/1320/1128 1505/1681/1448 1506/1318/1126
f 1506/1318/1126 1505/1681/1448 1485/1682/1449
f 1506/1318/1126 1485/1682/1449 1484/1316/1124
f 1484/1316/1124 1485/1682/1449 1494/1683/1450
f 1484/1316/1124 1494/1683/1450 1495/1314/1122
f 1495/1314/1122 1494/1683/1450 1077/1312/1121
f 1515/1678/1445 1010/1677/1444 1074/1684/1451
f 1074/1684/1451 1010/1677/1444 1011/1685/1452
f 1074/1684/1451 1011/1685/1452 1502/1686/1453
f 1502/1686/1453 1011/1685/1452 1076/1687/1454
f 1502/1686/1453 1076/1687/1454 1503/1688/1455
f 1503/1688/1455 1076/1687/1454 1488/1689/1456
f 1503/1688/1455 1488/1689/1456 1487/1690/1457
f 1487/1690/1457 1488/1689/1456 1491/1691/1458
f 1487/1690/1457 1491/1691/1458 1492/1692/1459
f 1492/1692/1459 1491/1691/1458 1474/1693/1460
f 1492/1692/1459 1474/1693/1460 1473/1694/1461
f 1473/1694/1461 1474/1693/1460 1481/1306/1116
f 1473/1694/1461 1481/1306/1116 1482/1308/1118
f 1011/1685/1452 1012/1695/1462 1076/1687/1454
f 1076/1687/1454 1012/1695/1462 1489/1696/1463
f 1076/1687/1454 1489/1696/1463 1488/1689/1456
f 1488/1689/1456 1489/1696/1463 1490/1697/1464
f 1488/1689/1456 1490/1697/1464 1491/1691/1458
f 1491/1691/1458 1490/1697/1464 1475/1698/1465
f 1491/1691/1458 1475/1698/1465 1474/1693/1460
f 1474/1693/1460 1475/1698/1465 1480/1304/1114
f 1474/1693/1460 1480/1304/1114 1481/1306/1116
f 1489/1696/1463 1012/1695/1462 1078/1699/1466
f 1078/1699/1466 1012/1695/1462 1013/1700/1467
f 1078/1699/1466 1013/1700/1467 1477/1701/1468
f 1477/1701/1468 1013/1700/1467 1080/1298/1108
f 1477/1701/1468 1080/1298/1108 1478/1300/1110
f 1013/1700/1467 1014/1296/1106 1080/1298/1108
f 1014/1296/1106 1015/1702/1469 1081/1294/1104
f 1081/1294/1104 1015/1702/1469 1446/1703/1470
f 1081/1294/1104 1446/1703/1470 1445/1292/1102
f 1445/1292/1102 1446/1703/1470 1447/1704/1471
f 1445/1292/1102 1447/1704/1471 1448/1290/1100
f 1448/1290/1100 1447/1704/1471 1431/1705/1472
f 1448/1290/1100 1431/1705/1472 1430/1288/1098
f 1430/1288/1098 1431/1705/1472 1436/1706/1473
f 1430/1288/1098 1436/1706/1473 1437/1286/1096
f 1437/1286/1096 1436/1706/1473 1417/1707/1474
f 1437/1286/1096 1417/1707/1474 1416/1284/1094
f 1416/1284/1094 1417/1707/1474 1426/1708/1475
f 1416/1284/1094 1426/1708/1475 1427/1282/1092
f 1427/1282/1092 1426/1708/1475 1086/1280/1091
f 1446/1703/1470 1015/1702/1469 1083/1709/1476
f 1083/1709/1476 1015/1702/1469 1016/1710/1477
f 1083/1709/1476 1016/1710/1477 1433/1711/1478
f 1433/1711/1478 1016/1710/1477 1085/1712/1479
f 1433/1711/1478 1085/1712/1479 1434/1713/1480
f 1434/1713/1480 1085/1712/1479 1420/1714/1481
f 1434/1713/1480 1420/1714/1481 1419/1715/1482
f 1419/1715/1482 1420/1714/1481 1423/1716/1483
f 1419/1715/1482 1423/1716/1483 1424/1717/1484
f 1424/1717/1484 1423/1716/1483 1412/1718/1485
f 1424/1717/1484 1412/1718/1485 1411/1719/1486
f 1411/1719/1486 1412/1718/1485 1399/1720/1487
f 1411/1719/1486 1399/1720/1487 1398/1721/1488
f 1398/1721/1488 1399/1720/1487 1408/1274/1087
f 1398/1721/1488 1408/1274/1087 1409/1276/1089
f 1016/1710/1477 1017/1722/1489 1085/1712/1479
f 1085/1712/1479 1017/1722/1489 1421/1723/1490
f 1085/1712/1479 1421/1723/1490 1420/1714/1481
f 1420/1714/1481 1421/1723/1490 1422/1724/1491
f 1420/1714/1481 1422/1724/1491 1423/1716/1483
f 1423/1716/1483 1422/1724/1491 1413/1725/1492
f 1423/1716/1483 1413/1725/1492 1412/1718/1485
f 1412/1718/1485 1413/1725/1492 1400/1726/1493
f 1412/1718/1485 1400/1726/1493 1399/1720/1487
f 1399/1720/1487 1400/1726/1493 1407/1272/1085
f 1399/1720/1487 1407/1272/1085 1408/1274/1087
f 1421/1723/1490 1017/1722/1489 1087/1727/1494
f 1087/1727/1494 1017/1722/1489 1018/1728/1495
f 1087/1727/1494 1018/1728/1495 1415/1729/1496
f 1415/1729/1496 1018/1728/1495 1088/1730/1497
f 1415/1729/1496 1088/1730/1497 1402/1731/1498
f 1402/1731/1498 1088/1730/1497 1404/1266/1079
f 1402/1731/1498 1404/1266/1079 1405/1268/1081
f 1018/1728/1495 1019/1262/1075 1088/1730/1497
f 1088/1730/1497 1019/1262/1075 1403/1264/1077
f 1088/1730/1497 1403/1264/1077 1404/1266/1079
f 1377/1259/1072 1020/1261/1074 1092/1732/1499
f 1092/1732/1499 1020/1261/1074 1021/1733/1500
f 1092/1732/1499 1021/1733/1500 1365/1734/1501
f 1365/1734/1501 1021/1733/1500 1094/1735/1502
f 1365/1734/1501 1094/1735/1502 1366/1736/1503
f 1366/1736/1503 1094/1735/1502 1358/1737/1504
f 1366/1736/1503 1358/1737/1504 1357/1738/1505
f 1357/1738/1505 1358/1737/1504 1345/1739/1506
f 1357/1738/1505 1345/1739/1506 1344/1740/1507
f 1344/1740/1507 1345/1739/1506 1350/1741/1508
f 1344/1740/1507 1350/1741/1508 1351/1742/1509
f 1351/1742/1509 1350/1741/1508 1330/1743/1510
f 1351/1742/1509 1330/1743/1510 1329/1744/1511
f 1329/1744/1511 1330/1743/1510 1339/1241/1056
f 1329/1744/1511 1339/1241/1056 1340/1243/1058
f 1021/1733/1500 1022/1745/1512 1094/1735/1502
f 1094/1735/1502 1022/1745/1512 1359/1746/1513
f 1094/1735/1502 1359/1746/1513 1358/1737/1504
f 1358/1737/1504 1359/1746/1513 1346/1747/1514
f 1358/1737/1504 1346/1747/1514 1345/1739/1506
f 1345/1739/1506 1346/1747/1514 1349/1748/1515
f 1345/1739/1506 1349/1748/1515 1350/1741/1508
f 1350/1741/1508 1349/1748/1515 1331/1749/1516
f 1350/1741/1508 1331/1749/1516 1330/1743/1510
f 1330/1743/1510 1331/1749/1516 1338/1239/1054
f 1330/1743/1510 1338/1239/1054 1339/1241/1056
f 1359/1746/1513 1022/1745/1512 1095/1750/1517
f 1095/1750/1517 1022/1745/1512 1023/1751/1518
f 1095/1750/1517 1023/1751/1518 1347/1752/1519
f 1347/1752/1519 1023/1751/1518 1097/1753/1520
f 1347/1752/1519 1097/1753/1520 1333/1754/1521
f 1333/1754/1521 1097/1753/1520 1335/1233/1048
f 1333/1754/1521 1335/1233/1048 1336/1235/1050
f 1023/1751/1518 1024/1229/1044 1097/1753/1520
f 1097/1753/1520 1024/1229/1044 1334/1231/1046
f 1097/1753/1520 1334/1231/1046 1335/1233/1048
f 1309/1226/1041 1025/1228/1043 1101/1755/1522
f 1101/1755/1522 1025/1228/1043 1026/1756/1523
f 1101/1755/1522 1026/1756/1523 1303/1757/1524
f 1303/1757/1524 1026/1756/1523 1102/1758/1525
f 1303/1757/1524 1102/1758/1525 1290/1759/1526
f 1290/1759/1526 1102/1758/1525 1292/1760/1527
f 1290/1759/1526 1292/1760/1527 1293/1761/1528
f 1293/1761/1528 1292/1760/1527 1276/1762/1529
f 1293/1761/1528 1276/1762/1529 1275/1763/1530
f 1275/1763/1530 1276/1762/1529 1281/1764/1531
f 1275/1763/1530 1281/1764/1531 1282/1765/1532
f 1282/1765/1532 1281/1764/1531 1261/1766/1533
f 1282/1765/1532 1261/1766/1533 1260/1767/1534
f 1260/1767/1534 1261/1766/1533 1270/1208/1025
f 1260/1767/1534 1270/1208/1025 1271/1210/1027
f 1026/1756/1523 1027/1768/1535 1102/1758/1525
f 1102/1758/1525 1027/1768/1535 1291/1769/1536
f 1102/1758/1525 1291/1769/1536 1292/1760/1527
f 1292/1760/1527 1291/1769/1536 1277/1770/1537
f 1292/1760/1527 1277/1770/1537 1276/1762/1529
f 1276/1762/1529 1277/1770/1537 1280/1771/1538
f 1276/1762/1529 1280/1771/1538 1281/1764/1531
f 1281/1764/1531 1280/1771/1538 1262/1772/1539
f 1281/1764/1531 1262/1772/1539 1261/1766/1533
f 1261/1766/1533 1262/1772/1539 1269/1206/1023
f 1261/1766/1533 1269/1206/1023 1270/1208/1025
f 1291/1769/1536 1027/1768/1535 1104/1773/1540
f 1104/1773/1540 1027/1768/1535 1028/1774/1541
f 1104/1773/1540 1028/1774/1541 1278/1775/1542
f 1278/1775/1542 1028/1774/1541 1106/1776/1543
f 1278/1775/1542 1106/1776/1543 1264/1777/1544
f 1264/1777/1544 1106/1776/1543 1266/1200/1017
f 1264/1777/1544 1266/1200/1017 1267/1202/1019
f 1028/1774/1541 1029/1196/1013 1106/1776/1543
f 1106/1776/1543 1029/1196/1013 1265/1198/1015
f 1106/1776/1543 1265/1198/1015 1266/1200/1017
f 1247/1193/1010 1030/1195/1012 1109/1778/1545
f 1109/1778/1545 1030/1195/1012 1031/1779/1546
f 1109/1778/1545 1031/1779/1546 1235/1780/1547
f 1235/1780/1547 1031/1779/1546 1111/1781/1548
f 1235/1780/1547 1111/1781/1548 1221/1782/1549
f 1221/1782/1549 1111/1781/1548 1223/1783/1550
f 1221/1782/1549 1223/1783/1550 1224/1784/1551
f 1224/1784/1551 1223/1783/1550 1207/1785/1552
f 1224/1784/1551 1207/1785/1552 1206/1786/1553
f 1206/1786/1553 1207/1785/1552 1212/1787/1554
f 1206/1786/1553 1212/1787/1554 1213/1788/1555
f 1213/1788/1555 1212/1787/1554 1193/1789/1556
f 1213/1788/1555 1193/1789/1556 1192/1790/1557
f 1192/1790/1557 1193/1789/1556 1202/1175/994
f 1192/1790/1557 1202/1175/994 1203/1177/996
f 1031/1779/1546 1032/1791/1558 1111/1781/1548
f 1111/1781/1548 1032/1791/1558 1222/1792/1559
f 1111/1781/1548 1222/1792/1559 1223/1783/1550
f 1223/1783/1550 1222/1792/1559 1208/1793/1560
f 1223/1783/1550 1208/1793/1560 1207/1785/1552
f 1207/1785/1552 1208/1793/1560 1211/1794/1561
f 1207/1785/1552 1211/1794/1561 1212/1787/1554
f 1212/1787/1554 1211/1794/1561 1194/1795/1562
f 1212/1787/1554 1194/1795/1562 1193/1789/1556
f 1193/1789/1556 1194/1795/1562 1201/1173/992
f 1193/1789/1556 1201/1173/992 1202/1175/994
f 1222/1792/1559 1032/1791/1558 1113/1796/1563
f 1113/1796/1563 1032/1791/1558 1033/1797/1564
f 1113/1796/1563 1033/1797/1564 1209/1798/1565
f 1209/1798/1565 1033/1797/1564 1115/1799/1566
f 1209/1798/1565 1115/1799/1566 1196/1800/1567
f 1196/1800/1567 1115/1799/1566 1198/1167/986
f 1196/1800/1567 1198/1167/986 1199/1169/988
f 1033/1797/1564 1034/1163/982 1115/1799/1566
f 1115/1799/1566 1034/1163/982 1197/1165/984
f 1115/1799/1566 1197/1165/984 1198/1167/986
f 1179/1160/979 1035/1162/981 1118/1801/1568
f 1118/1801/1568 1035/1162/981 1036/1802/1569
f 1118/1801/1568 1036/1802/1569 1166/1803/1570
f 1166/1803/1570 1036/1802/1569 1120/1804/1571
f 1166/1803/1570 1120/1804/1571 1152/1805/1572
f 1152/1805/1572 1120/1804/1571 1154/1806/1573
f 1152/1805/1572 1154/1806/1573 1155/1807/1574
f 1155/1807/1574 1154/1806/1573 1139/1808/1575
f 1155/1807/1574 1139/1808/1575 1138/1809/1576
f 1138/1809/1576 1139/1808/1575 1144/1810/1577
f 1138/1809/1576 1144/1810/1577 1145/1811/1578
f 1145/1811/1578 1144/1810/1577 1132/1812/1579
f 1145/1811/1578 1132/1812/1579 1131/1813/1580
f 1131/1813/1580 1132/1812/1579 1125/1814/1581
f 1131/1813/1580 1125/1814/1581 1124/1126/950
f 1124/1126/950 1125/1814/1581 1039/1128/951
f 1036/1802/1569 1037/1815/1582 1120/1804/1571
f 1120/1804/1571 1037/1815/1582 1153/1816/1583
f 1120/1804/1571 1153/1816/1583 1154/1806/1573
f 1154/1806/1573 1153/1816/1583 1140/1817/1584
f 1154/1806/1573 1140/1817/1584 1139/1808/1575
f 1139/1808/1575 1140/1817/1584 1143/1818/1585
f 1139/1808/1575 1143/1818/1585 1144/1810/1577
f 1144/1810/1577 1143/1818/1585 1133/1819/1586
f 1144/1810/1577 1133/1819/1586 1132/1812/1579
f 1132/1812/1579 1133/1819/1586 1126/1820/1587
f 1132/1812/1579 1126/1820/1587 1125/1814/1581
f 1125/1814/1581 1126/1820/1587 1040/1821/953
f 1125/1814/1581 1040/1821/953 1039/1128/951
f 1153/1816/1583 1037/1815/1582 1122/1822/1588
f 1122/1822/1588 1037/1815/1582 1038/1823/1589
f 1122/1822/1588 1038/1823/1589 1141/1824/1590
f 1141/1824/1590 1038/1823/1589 1123/1825/1591
f 1141/1824/1590 1123/1825/1591 1135/1826/1592
f 1135/1826/1592 1123/1825/1591 1129/1827/1593
f 1135/1826/1592 1129/1827/1593 1128/1828/1594
f 1128/1828/1594 1129/1827/1593 1043/1829/959
f 1128/1828/1594 1043/1829/959 1042/1830/957
f 1038/1823/1589 994/1831/16 1123/1825/1591
f 1123/1825/1591 994/1831/16 1130/1832/1595
f 1123/1825/1591 1130/1832/1595 1129/1827/1593
f 1129/1827/1593 1130/1832/1595 1044/1833/961
f 1129/1827/1593 1044/1833/961 1043/1829/959
f 1044/1833/961 1130/1832/1595 1045/1834/963
f 1045/1834/963 1130/1832/1595 994/1831/16
f 1040/1821/953 1126/1820/1587 1041/1835/955
f 1041/1835/955 1126/1820/1587 1127/1836/1596
f 1041/1835/955 1127/1836/1596 1042/1830/957
f 1042/1830/957 1127/1836/1596 1128/1828/1594
f 1126/1820/1587 1133/1819/1586 1127/1836/1596
f 1127/1836/1596 1133/1819/1586 1134/1837/1597
f 1127/1836/1596 1134/1837/1597 1128/1828/1594
f 1128/1828/1594 1134/1837/1597 1135/1826/1592
f 1124/1126/950 1121/1146/966 1131/1813/1580
f 1131/1813/1580 1121/1146/966 1146/1838/1598
f 1131/1813/1580 1146/1838/1598 1145/1811/1578
f 1145/1811/1578 1146/1838/1598 1137/1839/1599
f 1145/1811/1578 1137/1839/1599 1138/1809/1576
f 1138/1809/1576 1137/1839/1599 1156/1840/1600
f 1138/1809/1576 1156/1840/1600 1155/1807/1574
f 1155/1807/1574 1156/1840/1600 1151/1841/1601
f 1155/1807/1574 1151/1841/1601 1152/1805/1572
f 1152/1805/1572 1151/1841/1601 1167/1842/1602
f 1152/1805/1572 1167/1842/1602 1166/1803/1570
f 1166/1803/1570 1167/1842/1602 1118/1801/1568
f 1133/1819/1586 1143/1818/1585 1134/1837/1597
f 1134/1837/1597 1143/1818/1585 1142/1843/1603
f 1134/1837/1597 1142/1843/1603 1135/1826/1592
f 1135/1826/1592 1142/1843/1603 1141/1824/1590
f 1147/1148/967 1136/1150/969 1146/1838/1598
f 1146/1838/1598 1136/1150/969 1137/1839/1599
f 1156/1840/1600 1137/1839/1599 1157/1152/971
f 1157/1152/971 1137/1839/1599 1136/1150/969
f 1142/1843/1603 1143/1818/1585 1140/1817/1584
f 1141/1824/1590 1142/1843/1603 1122/1822/1588
f 1122/1822/1588 1142/1843/1603 1140/1817/1584
f 1122/1822/1588 1140/1817/1584 1153/1816/1583
f 1121/1146/966 1147/1148/967 1146/1838/1598
f 1159/1422/1222 1117/1428/1228 1148/1423/1223
f 1148/1423/1223 1117/1428/1228 1171/1844/1604
f 1148/1423/1223 1171/1844/1604 1170/1424/1224
f 1170/1424/1224 1171/1844/1604 1162/1845/1605
f 1170/1424/1224 1162/1845/1605 1163/1425/1225
f 1163/1425/1225 1162/1845/1605 1182/1846/1606
f 1163/1425/1225 1182/1846/1606 1181/1426/1226
f 1181/1426/1226 1182/1846/1606 1177/1847/1607
f 1181/1426/1226 1177/1847/1607 1178/1427/1227
f 1178/1427/1227 1177/1847/1607 1190/1166/985
f 1178/1427/1227 1190/1166/985 1191/1164/983
f 1156/1840/1600 1157/1152/971 1150/1154/973
f 1156/1840/1600 1150/1154/973 1151/1841/1601
f 1151/1841/1601 1150/1154/973 1168/1156/975
f 1151/1841/1601 1168/1156/975 1167/1842/1602
f 1167/1842/1602 1168/1156/975 1165/1158/977
f 1167/1842/1602 1165/1158/977 1118/1801/1568
f 1118/1801/1568 1165/1158/977 1179/1160/979
f 1172/1430/1229 1161/1432/1231 1171/1844/1604
f 1171/1844/1604 1161/1432/1231 1162/1845/1605
f 1182/1846/1606 1162/1845/1605 1183/1434/1233
f 1183/1434/1233 1162/1845/1605 1161/1432/1231
f 1117/1428/1228 1172/1430/1229 1171/1844/1604
f 1185/1438/1236 1173/1440/1238 1174/1439/1237
f 1174/1439/1237 1173/1440/1238 1186/1174/993
f 1174/1439/1237 1186/1174/993 1187/1172/991
f 1114/1176/995 1186/1174/993 1173/1440/1238
f 1182/1846/1606 1183/1434/1233 1176/1436/1235
f 1182/1846/1606 1176/1436/1235 1177/1847/1607
f 1177/1847/1607 1176/1436/1235 1189/1168/987
f 1177/1847/1607 1189/1168/987 1190/1166/985
f 1203/1177/996 1112/1179/997 1192/1790/1557
f 1192/1790/1557 1112/1179/997 1214/1848/1608
f 1192/1790/1557 1214/1848/1608 1213/1788/1555
f 1213/1788/1555 1214/1848/1608 1205/1849/1609
f 1213/1788/1555 1205/1849/1609 1206/1786/1553
f 1206/1786/1553 1205/1849/1609 1225/1850/1610
f 1206/1786/1553 1225/1850/1610 1224/1784/1551
f 1224/1784/1551 1225/1850/1610 1220/1851/1611
f 1224/1784/1551 1220/1851/1611 1221/1782/1549
f 1221/1782/1549 1220/1851/1611 1236/1852/1612
f 1221/1782/1549 1236/1852/1612 1235/1780/1547
f 1235/1780/1547 1236/1852/1612 1109/1778/1545
f 1200/1171/990 1201/1173/992 1194/1795/1562
f 1199/1169/988 1200/1171/990 1195/1853/1613
f 1195/1853/1613 1200/1171/990 1194/1795/1562
f 1195/1853/1613 1194/1795/1562 1211/1794/1561
f 1199/1169/988 1195/1853/1613 1196/1800/1567
f 1196/1800/1567 1195/1853/1613 1210/1854/1614
f 1196/1800/1567 1210/1854/1614 1209/1798/1565
f 1209/1798/1565 1210/1854/1614 1113/1796/1563
f 1210/1854/1614 1195/1853/1613 1211/1794/1561
f 1215/1181/998 1204/1183/1000 1214/1848/1608
f 1214/1848/1608 1204/1183/1000 1205/1849/1609
f 1225/1850/1610 1205/1849/1609 1226/1185/1002
f 1226/1185/1002 1205/1849/1609 1204/1183/1000
f 1210/1854/1614 1211/1794/1561 1208/1793/1560
f 1222/1792/1559 1113/1796/1563 1208/1793/1560
f 1208/1793/1560 1113/1796/1563 1210/1854/1614
f 1112/1179/997 1215/1181/998 1214/1848/1608
f 1228/1443/1239 1216/1449/1245 1217/1444/1240
f 1217/1444/1240 1216/1449/1245 1240/1855/1615
f 1217/1444/1240 1240/1855/1615 1239/1445/1241
f 1239/1445/1241 1240/1855/1615 1231/1856/1616
f 1239/1445/1241 1231/1856/1616 1232/1446/1242
f 1232/1446/1242 1231/1856/1616 1244/1857/1617
f 1232/1446/1242 1244/1857/1617 1245/1447/1243
f 1245/1447/1243 1244/1857/1617 1255/1858/1618
f 1245/1447/1243 1255/1858/1618 1254/1448/1244
f 1254/1448/1244 1255/1858/1618 1252/1199/1016
f 1254/1448/1244 1252/1199/1016 1253/1197/1014
f 1225/1850/1610 1226/1185/1002 1219/1187/1004
f 1225/1850/1610 1219/1187/1004 1220/1851/1611
f 1220/1851/1611 1219/1187/1004 1237/1189/1006
f 1220/1851/1611 1237/1189/1006 1236/1852/1612
f 1236/1852/1612 1237/1189/1006 1234/1191/1008
f 1236/1852/1612 1234/1191/1008 1109/1778/1545
f 1109/1778/1545 1234/1191/1008 1247/1193/1010
f 1241/1451/1246 1230/1453/1248 1240/1855/1615
f 1240/1855/1615 1230/1453/1248 1231/1856/1616
f 1244/1857/1617 1231/1856/1616 1243/1455/1250
f 1243/1455/1250 1231/1856/1616 1230/1453/1248
f 1216/1449/1245 1241/1451/1246 1240/1855/1615
f 1255/1858/1618 1244/1857/1617 1256/1457/1252
f 1256/1457/1252 1244/1857/1617 1243/1455/1250
f 1105/1209/1026 1248/1207/1024 1259/1462/1255
f 1255/1858/1618 1256/1457/1252 1251/1201/1018
f 1251/1201/1018 1252/1199/1016 1255/1858/1618
f 1271/1210/1027 1103/1212/1028 1260/1767/1534
f 1260/1767/1534 1103/1212/1028 1283/1859/1619
f 1260/1767/1534 1283/1859/1619 1282/1765/1532
f 1282/1765/1532 1283/1859/1619 1274/1860/1620
f 1282/1765/1532 1274/1860/1620 1275/1763/1530
f 1275/1763/1530 1274/1860/1620 1294/1861/1621
f 1275/1763/1530 1294/1861/1621 1293/1761/1528
f 1293/1761/1528 1294/1861/1621 1289/1862/1622
f 1293/1761/1528 1289/1862/1622 1290/1759/1526
f 1290/1759/1526 1289/1862/1622 1302/1863/1623
f 1290/1759/1526 1302/1863/1623 1303/1757/1524
f 1303/1757/1524 1302/1863/1623 1101/1755/1522
f 1268/1204/1021 1269/1206/1023 1262/1772/1539
f 1267/1202/1019 1268/1204/1021 1263/1864/1624
f 1263/1864/1624 1268/1204/1021 1262/1772/1539
f 1263/1864/1624 1262/1772/1539 1280/1771/1538
f 1267/1202/1019 1263/1864/1624 1264/1777/1544
f 1264/1777/1544 1263/1864/1624 1279/1865/1625
f 1264/1777/1544 1279/1865/1625 1278/1775/1542
f 1278/1775/1542 1279/1865/1625 1104/1773/1540
f 1279/1865/1625 1263/1864/1624 1280/1771/1538
f 1284/1214/1029 1273/1216/1031 1283/1859/1619
f 1283/1859/1619 1273/1216/1031 1274/1860/1620
f 1294/1861/1621 1274/1860/1620 1295/1218/1033
f 1295/1218/1033 1274/1860/1620 1273/1216/1031
f 1279/1865/1625 1280/1771/1538 1277/1770/1537
f 1291/1769/1536 1104/1773/1540 1277/1770/1537
f 1277/1770/1537 1104/1773/1540 1279/1865/1625
f 1103/1212/1028 1284/1214/1029 1283/1859/1619
f 1297/1464/1256 1285/1470/1262 1286/1465/1257
f 1286/1465/1257 1285/1470/1262 1298/1866/1626
f 1286/1465/1257 1298/1866/1626 1299/1466/1258
f 1299/1466/1258 1298/1866/1626 1313/1867/1627
f 1299/1466/1258 1313/1867/1627 1312/1467/1259
f 1312/1467/1259 1313/1867/1627 1306/1868/1628
f 1312/1467/1259 1306/1868/1628 1307/1468/1260
f 1307/1468/1260 1306/1868/1628 1323/1869/1629
f 1307/1468/1260 1323/1869/1629 1322/1469/1261
f 1322/1469/1261 1323/1869/1629 1320/1232/1047
f 1322/1469/1261 1320/1232/1047 1321/1230/1045
f 1294/1861/1621 1295/1218/1033 1288/1220/1035
f 1294/1861/1621 1288/1220/1035 1289/1862/1622
f 1289/1862/1622 1288/1220/1035 1301/1222/1037
f 1289/1862/1622 1301/1222/1037 1302/1863/1623
f 1302/1863/1623 1301/1222/1037 1310/1224/1039
f 1302/1863/1623 1310/1224/1039 1101/1755/1522
f 1101/1755/1522 1310/1224/1039 1309/1226/1041
f 1285/1470/1262 1100/1472/1263 1298/1866/1626
f 1298/1866/1626 1100/1472/1263 1314/1870/1630
f 1298/1866/1626 1314/1870/1630 1313/1867/1627
f 1313/1867/1627 1314/1870/1630 1305/1871/1631
f 1313/1867/1627 1305/1871/1631 1306/1868/1628
f 1306/1868/1628 1305/1871/1631 1324/1872/1632
f 1306/1868/1628 1324/1872/1632 1323/1869/1629
f 1323/1869/1629 1324/1872/1632 1319/1234/1049
f 1323/1869/1629 1319/1234/1049 1320/1232/1047
f 1315/1474/1264 1304/1476/1266 1314/1870/1630
f 1314/1870/1630 1304/1476/1266 1305/1871/1631
f 1324/1872/1632 1305/1871/1631 1325/1478/1268
f 1325/1478/1268 1305/1871/1631 1304/1476/1266
f 1100/1472/1263 1315/1474/1264 1314/1870/1630
f 1096/1242/1057 1316/1240/1055 1327/1480/1269
f 1324/1872/1632 1325/1478/1268 1318/1236/1051
f 1318/1236/1051 1319/1234/1049 1324/1872/1632
f 1340/1243/1058 1328/1245/1059 1329/1744/1511
f 1329/1744/1511 1328/1245/1059 1352/1873/1633
f 1329/1744/1511 1352/1873/1633 1351/1742/1509
f 1351/1742/1509 1352/1873/1633 1343/1874/1634
f 1351/1742/1509 1343/1874/1634 1344/1740/1507
f 1344/1740/1507 1343/1874/1634 1356/1875/1635
f 1344/1740/1507 1356/1875/1635 1357/1738/1505
f 1357/1738/1505 1356/1875/1635 1367/1876/1636
f 1357/1738/1505 1367/1876/1636 1366/1736/1503
f 1366/1736/1503 1367/1876/1636 1364/1877/1637
f 1366/1736/1503 1364/1877/1637 1365/1734/1501
f 1365/1734/1501 1364/1877/1637 1092/1732/1499
f 1337/1237/1052 1338/1239/1054 1331/1749/1516
f 1336/1235/1050 1337/1237/1052 1332/1878/1638
f 1332/1878/1638 1337/1237/1052 1331/1749/1516
f 1332/1878/1638 1331/1749/1516 1349/1748/1515
f 1336/1235/1050 1332/1878/1638 1333/1754/1521
f 1333/1754/1521 1332/1878/1638 1348/1879/1639
f 1333/1754/1521 1348/1879/1639 1347/1752/1519
f 1347/1752/1519 1348/1879/1639 1095/1750/1517
f 1348/1879/1639 1332/1878/1638 1349/1748/1515
f 1353/1247/1060 1342/1249/1062 1352/1873/1633
f 1352/1873/1633 1342/1249/1062 1343/1874/1634
f 1356/1875/1635 1343/1874/1634 1355/1251/1064
f 1355/1251/1064 1343/1874/1634 1342/1249/1062
f 1348/1879/1639 1349/1748/1515 1346/1747/1514
f 1359/1746/1513 1095/1750/1517 1346/1747/1514
f 1346/1747/1514 1095/1750/1517 1348/1879/1639
f 1328/1245/1059 1353/1247/1060 1352/1873/1633
f 1367/1876/1636 1356/1875/1635 1368/1253/1066
f 1368/1253/1066 1356/1875/1635 1355/1251/1064
f 1371/1489/1276 1091/1494/1281 1360/1490/1277
f 1360/1490/1277 1091/1494/1281 1382/1880/1640
f 1360/1490/1277 1382/1880/1640 1381/1491/1278
f 1381/1491/1278 1382/1880/1640 1373/1881/1641
f 1381/1491/1278 1373/1881/1641 1374/1492/1279
f 1374/1492/1279 1373/1881/1641 1393/1882/1642
f 1374/1492/1279 1393/1882/1642 1392/1493/1280
f 1392/1493/1280 1393/1882/1642 1388/1267/1080
f 1392/1493/1280 1388/1267/1080 1389/1265/1078
f 1367/1876/1636 1368/1253/1066 1363/1255/1068
f 1367/1876/1636 1363/1255/1068 1364/1877/1637
f 1364/1877/1637 1363/1255/1068 1378/1257/1070
f 1364/1877/1637 1378/1257/1070 1092/1732/1499
f 1092/1732/1499 1378/1257/1070 1377/1259/1072
f 1383/1496/1282 1372/1498/1284 1382/1880/1640
f 1382/1880/1640 1372/1498/1284 1373/1881/1641
f 1393/1882/1642 1373/1881/1641 1394/1500/1286
f 1394/1500/1286 1373/1881/1641 1372/1498/1284
f 1091/1494/1281 1383/1496/1282 1382/1880/1640
f 1384/1275/1088 1385/1273/1086 1396/1502/1287
f 1393/1882/1642 1394/1500/1286 1387/1269/1082
f 1387/1269/1082 1388/1267/1080 1393/1882/1642
f 1409/1276/1089 1397/1278/1090 1398/1721/1488
f 1398/1721/1488 1397/1278/1090 1410/1883/1643
f 1398/1721/1488 1410/1883/1643 1411/1719/1486
f 1411/1719/1486 1410/1883/1643 1425/1884/1644
f 1411/1719/1486 1425/1884/1644 1424/1717/1484
f 1424/1717/1484 1425/1884/1644 1418/1885/1645
f 1424/1717/1484 1418/1885/1645 1419/1715/1482
f 1419/1715/1482 1418/1885/1645 1435/1886/1646
f 1419/1715/1482 1435/1886/1646 1434/1713/1480
f 1434/1713/1480 1435/1886/1646 1432/1887/1647
f 1434/1713/1480 1432/1887/1647 1433/1711/1478
f 1433/1711/1478 1432/1887/1647 1083/1709/1476
f 1406/1270/1083 1407/1272/1085 1400/1726/1493
f 1405/1268/1081 1406/1270/1083 1401/1888/1648
f 1401/1888/1648 1406/1270/1083 1400/1726/1493
f 1401/1888/1648 1400/1726/1493 1413/1725/1492
f 1405/1268/1081 1401/1888/1648 1402/1731/1498
f 1402/1731/1498 1401/1888/1648 1414/1889/1649
f 1402/1731/1498 1414/1889/1649 1415/1729/1496
f 1415/1729/1496 1414/1889/1649 1087/1727/1494
f 1414/1889/1649 1401/1888/1648 1413/1725/1492
f 1397/1278/1090 1086/1280/1091 1410/1883/1643
f 1410/1883/1643 1086/1280/1091 1426/1708/1475
f 1410/1883/1643 1426/1708/1475 1425/1884/1644
f 1425/1884/1644 1426/1708/1475 1417/1707/1474
f 1425/1884/1644 1417/1707/1474 1418/1885/1645
f 1418/1885/1645 1417/1707/1474 1436/1706/1473
f 1418/1885/1645 1436/1706/1473 1435/1886/1646
f 1435/1886/1646 1436/1706/1473 1431/1705/1472
f 1435/1886/1646 1431/1705/1472 1432/1887/1647
f 1432/1887/1647 1431/1705/1472 1447/1704/1471
f 1432/1887/1647 1447/1704/1471 1083/1709/1476
f 1083/1709/1476 1447/1704/1471 1446/1703/1470
f 1087/1727/1494 1414/1889/1649 1422/1724/1491
f 1422/1724/1491 1414/1889/1649 1413/1725/1492
f 1087/1727/1494 1422/1724/1491 1421/1723/1490
f 1439/1504/1288 1082/1510/1294 1428/1505/1289
f 1428/1505/1289 1082/1510/1294 1451/1890/1650
f 1428/1505/1289 1451/1890/1650 1450/1506/1290
f 1450/1506/1290 1451/1890/1650 1442/1891/1651
f 1450/1506/1290 1442/1891/1651 1443/1507/1291
f 1443/1507/1291 1442/1891/1651 1462/1892/1652
f 1443/1507/1291 1462/1892/1652 1461/1508/1292
f 1461/1508/1292 1462/1892/1652 1457/1893/1653
f 1461/1508/1292 1457/1893/1653 1458/1509/1293
f 1458/1509/1293 1457/1893/1653 1470/1299/1109
f 1458/1509/1293 1470/1299/1109 1471/1297/1107
f 1452/1512/1295 1441/1514/1297 1451/1890/1650
f 1451/1890/1650 1441/1514/1297 1442/1891/1651
f 1462/1892/1652 1442/1891/1651 1463/1516/1299
f 1463/1516/1299 1442/1891/1651 1441/1514/1297
f 1082/1510/1294 1452/1512/1295 1451/1890/1650
f 1465/1520/1302 1453/1522/1304 1454/1521/1303
f 1454/1521/1303 1453/1522/1304 1466/1307/1117
f 1454/1521/1303 1466/1307/1117 1467/1305/1115
f 1079/1309/1119 1466/1307/1117 1453/1522/1304
f 1462/1892/1652 1463/1516/1299 1456/1518/1301
f 1462/1892/1652 1456/1518/1301 1457/1893/1653
f 1457/1893/1653 1456/1518/1301 1469/1301/1111
f 1457/1893/1653 1469/1301/1111 1470/1299/1109
f 1482/1308/1118 1483/1310/1120 1472/1894/1654
f 1472/1894/1654 1483/1310/1120 1077/1312/1121
f 1472/1894/1654 1077/1312/1121 1494/1683/1450
f 1482/1308/1118 1472/1894/1654 1473/1694/1461
f 1473/1694/1461 1472/1894/1654 1493/1895/1655
f 1473/1694/1461 1493/1895/1655 1492/1692/1459
f 1492/1692/1459 1493/1895/1655 1486/1896/1656
f 1492/1692/1459 1486/1896/1656 1487/1690/1457
f 1487/1690/1457 1486/1896/1656 1504/1897/1657
f 1487/1690/1457 1504/1897/1657 1503/1688/1455
f 1503/1688/1455 1504/1897/1657 1501/1898/1658
f 1503/1688/1455 1501/1898/1658 1502/1686/1453
f 1502/1686/1453 1501/1898/1658 1074/1684/1451
f 1493/1895/1655 1472/1894/1654 1494/1683/1450
f 1479/1302/1112 1480/1304/1114 1475/1698/1465
f 1478/1300/1110 1479/1302/1112 1476/1899/1659
f 1476/1899/1659 1479/1302/1112 1475/1698/1465
f 1476/1899/1659 1475/1698/1465 1490/1697/1464
f 1078/1699/1466 1477/1701/1468 1476/1899/1659
f 1476/1899/1659 1477/1701/1468 1478/1300/1110
f 1078/1699/1466 1476/1899/1659 1490/1697/1464
f 1493/1895/1655 1494/1683/1450 1485/1682/1449
f 1493/1895/1655 1485/1682/1449 1486/1896/1656
f 1486/1896/1656 1485/1682/1449 1505/1681/1448
f 1486/1896/1656 1505/1681/1448 1504/1897/1657
f 1504/1897/1657 1505/1681/1448 1500/1680/1447
f 1504/1897/1657 1500/1680/1447 1501/1898/1658
f 1501/1898/1658 1500/1680/1447 1516/1679/1446
f 1501/1898/1658 1516/1679/1446 1074/1684/1451
f 1074/1684/1451 1516/1679/1446 1515/1678/1445
f 1078/1699/1466 1490/1697/1464 1489/1696/1463
f 1508/1525/1305 1496/1531/1311 1497/1526/1306
f 1497/1526/1306 1496/1531/1311 1520/1900/1660
f 1497/1526/1306 1520/1900/1660 1519/1527/1307
f 1519/1527/1307 1520/1900/1660 1511/1901/1661
f 1519/1527/1307 1511/1901/1661 1512/1528/1308
f 1512/1528/1308 1511/1901/1661 1524/1902/1662
f 1512/1528/1308 1524/1902/1662 1525/1529/1309
f 1525/1529/1309 1524/1902/1662 1535/1903/1663
f 1525/1529/1309 1535/1903/1663 1534/1530/1310
f 1534/1530/1310 1535/1903/1663 1531/1331/1139
f 1534/1530/1310 1531/1331/1139 1532/1329/1137
f 1521/1533/1312 1510/1535/1314 1520/1900/1660
f 1520/1900/1660 1510/1535/1314 1511/1901/1661
f 1524/1902/1662 1511/1901/1661 1523/1537/1316
f 1523/1537/1316 1511/1901/1661 1510/1535/1314
f 1496/1531/1311 1521/1533/1312 1520/1900/1660
f 1535/1903/1663 1524/1902/1662 1536/1539/1318
f 1536/1539/1318 1524/1902/1662 1523/1537/1316
f 1070/1341/1149 1527/1339/1147 1539/1544/1321
f 1535/1903/1663 1536/1539/1318 1530/1333/1141
f 1530/1333/1141 1531/1331/1139 1535/1903/1663
f 1550/1340/1148 1551/1342/1150 1540/1904/1664
f 1540/1904/1664 1551/1342/1150 1068/1344/1151
f 1540/1904/1664 1068/1344/1151 1563/1658/1425
f 1550/1340/1148 1540/1904/1664 1541/1669/1436
f 1541/1669/1436 1540/1904/1664 1562/1905/1665
f 1541/1669/1436 1562/1905/1665 1561/1667/1434
f 1561/1667/1434 1562/1905/1665 1555/1906/1666
f 1561/1667/1434 1555/1906/1666 1556/1665/1432
f 1556/1665/1432 1555/1906/1666 1573/1907/1667
f 1556/1665/1432 1573/1907/1667 1572/1663/1430
f 1572/1663/1430 1573/1907/1667 1570/1908/1668
f 1572/1663/1430 1570/1908/1668 1571/1661/1428
f 1571/1661/1428 1570/1908/1668 1066/1659/1426
f 1562/1905/1665 1540/1904/1664 1563/1658/1425
f 1547/1334/1142 1548/1336/1144 1543/1673/1440
f 1546/1332/1140 1547/1334/1142 1544/1909/1669
f 1544/1909/1669 1547/1334/1142 1543/1673/1440
f 1544/1909/1669 1543/1673/1440 1559/1672/1439
f 1069/1674/1441 1545/1676/1443 1544/1909/1669
f 1544/1909/1669 1545/1676/1443 1546/1332/1140
f 1069/1674/1441 1544/1909/1669 1559/1672/1439
f 1562/1905/1665 1563/1658/1425 1554/1657/1424
f 1562/1905/1665 1554/1657/1424 1555/1906/1666
f 1555/1906/1666 1554/1657/1424 1574/1656/1423
f 1555/1906/1666 1574/1656/1423 1573/1907/1667
f 1573/1907/1667 1574/1656/1423 1569/1655/1422
f 1573/1907/1667 1569/1655/1422 1570/1908/1668
f 1570/1908/1668 1569/1655/1422 1582/1654/1421
f 1570/1908/1668 1582/1654/1421 1066/1659/1426
f 1066/1659/1426 1582/1654/1421 1588/1653/1420
f 1069/1674/1441 1559/1672/1439 1558/1671/1438
f 1577/1546/1322 1565/1552/1328 1566/1547/1323
f 1566/1547/1323 1565/1552/1328 1578/1910/1670
f 1566/1547/1323 1578/1910/1670 1579/1548/1324
f 1579/1548/1324 1578/1910/1670 1592/1911/1671
f 1579/1548/1324 1592/1911/1671 1591/1549/1325
f 1591/1549/1325 1592/1911/1671 1585/1912/1672
f 1591/1549/1325 1585/1912/1672 1586/1550/1326
f 1586/1550/1326 1585/1912/1672 1603/1913/1673
f 1586/1550/1326 1603/1913/1673 1602/1551/1327
f 1602/1551/1327 1603/1913/1673 1599/1363/1169
f 1602/1551/1327 1599/1363/1169 1600/1361/1167
f 1565/1552/1328 1064/1554/1329 1578/1910/1670
f 1578/1910/1670 1064/1554/1329 1593/1914/1674
f 1578/1910/1670 1593/1914/1674 1592/1911/1671
f 1592/1911/1671 1593/1914/1674 1584/1915/1675
f 1592/1911/1671 1584/1915/1675 1585/1912/1672
f 1585/1912/1672 1584/1915/1675 1604/1916/1676
f 1585/1912/1672 1604/1916/1676 1603/1913/1673
f 1603/1913/1673 1604/1916/1676 1598/1365/1171
f 1603/1913/1673 1598/1365/1171 1599/1363/1169
f 1594/1556/1330 1583/1558/1332 1593/1914/1674
f 1593/1914/1674 1583/1558/1332 1584/1915/1675
f 1604/1916/1676 1584/1915/1675 1605/1560/1334
f 1605/1560/1334 1584/1915/1675 1583/1558/1332
f 1064/1554/1329 1594/1556/1330 1593/1914/1674
f 1061/1373/1179 1595/1371/1177 1607/1562/1335
f 1604/1916/1676 1605/1560/1334 1597/1367/1173
f 1597/1367/1173 1598/1365/1171 1604/1916/1676
f 1619/1372/1178 1620/1374/1180 1609/1917/1677
f 1609/1917/1677 1620/1374/1180 1608/1376/1181
f 1609/1917/1677 1608/1376/1181 1632/1633/1400
f 1619/1372/1178 1609/1917/1677 1610/1644/1411
f 1610/1644/1411 1609/1917/1677 1631/1918/1678
f 1610/1644/1411 1631/1918/1678 1630/1642/1409
f 1630/1642/1409 1631/1918/1678 1624/1919/1679
f 1630/1642/1409 1624/1919/1679 1625/1640/1407
f 1625/1640/1407 1624/1919/1679 1637/1920/1680
f 1625/1640/1407 1637/1920/1680 1638/1638/1405
f 1638/1638/1405 1637/1920/1680 1645/1921/1681
f 1638/1638/1405 1645/1921/1681 1644/1636/1403
f 1644/1636/1403 1645/1921/1681 1058/1634/1401
f 1631/1918/1678 1609/1917/1677 1632/1633/1400
f 1616/1366/1172 1617/1368/1174 1612/1648/1415
f 1615/1364/1170 1616/1366/1172 1613/1922/1682
f 1613/1922/1682 1616/1366/1172 1612/1648/1415
f 1613/1922/1682 1612/1648/1415 1628/1647/1414
f 1060/1649/1416 1614/1651/1418 1613/1922/1682
f 1613/1922/1682 1614/1651/1418 1615/1364/1170
f 1060/1649/1416 1613/1922/1682 1628/1647/1414
f 1631/1918/1678 1632/1633/1400 1623/1632/1399
f 1631/1918/1678 1623/1632/1399 1624/1919/1679
f 1624/1919/1679 1623/1632/1399 1636/1631/1398
f 1624/1919/1679 1636/1631/1398 1637/1920/1680
f 1637/1920/1680 1636/1631/1398 1646/1630/1397
f 1637/1920/1680 1646/1630/1397 1645/1921/1681
f 1645/1921/1681 1646/1630/1397 1643/1629/1396
f 1645/1921/1681 1643/1629/1396 1058/1634/1401
f 1058/1634/1401 1643/1629/1396 1656/1628/1395
f 1060/1649/1416 1628/1647/1414 1627/1646/1413
f 1650/1571/1342 1055/1576/1347 1639/1572/1343
f 1639/1572/1343 1055/1576/1347 1661/1923/1683
f 1639/1572/1343 1661/1923/1683 1660/1573/1344
f 1660/1573/1344 1661/1923/1683 1652/1924/1684
f 1660/1573/1344 1652/1924/1684 1653/1574/1345
f 1653/1574/1345 1652/1924/1684 1673/1925/1685
f 1653/1574/1345 1673/1925/1685 1672/1575/1346
f 1672/1575/1346 1673/1925/1685 1667/1397/1201
f 1672/1575/1346 1667/1397/1201 1668/1395/1199
f 1662/1578/1348 1651/1580/1350 1661/1923/1683
f 1661/1923/1683 1651/1580/1350 1652/1924/1684
f 1673/1925/1685 1652/1924/1684 1674/1582/1352
f 1674/1582/1352 1652/1924/1684 1651/1580/1350
f 1055/1576/1347 1662/1578/1348 1661/1923/1683
f 1663/1405/1209 1664/1403/1207 1676/1584/1353
f 1673/1925/1685 1674/1582/1352 1666/1399/1203
f 1666/1399/1203 1667/1397/1201 1673/1925/1685
f 1688/1404/1208 1689/1406/1210 1678/1625/1392
f 1678/1625/1392 1689/1406/1210 1677/1408/1211
f 1687/1402/1206 1688/1404/1208 1679/1623/1390
f 1679/1623/1390 1688/1404/1208 1678/1625/1392
f 1686/1400/1204 1687/1402/1206 1680/1621/1388
f 1680/1621/1388 1687/1402/1206 1679/1623/1390
f 1685/1398/1202 1686/1400/1204 1681/1619/1386
f 1681/1619/1386 1686/1400/1204 1680/1621/1388
f 1684/1396/1200 1685/1398/1202 1682/1617/1384
f 1682/1617/1384 1685/1398/1202 1681/1619/1386
f 1053/1394/1198 1684/1396/1200 1683/1616/1383
f 1683/1616/1383 1684/1396/1200 1682/1617/1384
f 1706/1412/1213 1705/1615/1382 1050/1410/1212
f 1050/1410/1212 1705/1615/1382 1690/1626/1393
f 1705/1615/1382 1704/1613/1380 1690/1626/1393
f 1690/1626/1393 1704/1613/1380 1691/1624/1391
f 1704/1613/1380 1703/1611/1378 1691/1624/1391
f 1691/1624/1391 1703/1611/1378 1692/1622/1389
f 1703/1611/1378 1702/1609/1376 1692/1622/1389
f 1692/1622/1389 1702/1609/1376 1693/1620/1387
f 1700/1606/1373 1052/1605/1372 1694/1618/1385
f 1702/1609/1376 1701/1607/1374 1693/1620/1387
f 1693/1620/1387 1701/1607/1374 1694/1618/1385
f 1701/1607/1374 1700/1606/1373 1694/1618/1385
f 1695/1414/1215 1716/1416/1217 1696/1614/1381
f 1696/1614/1381 1716/1416/1217 1715/1603/1370
f 1696/1614/1381 1715/1603/1370 1697/1612/1379
f 1697/1612/1379 1715/1603/1370 1714/1601/1368
f 1697/1612/1379 1714/1601/1368 1698/1610/1377
f 1698/1610/1377 1714/1601/1368 1713/1599/1366
f 1698/1610/1377 1713/1599/1366 1699/1608/1375
f 1699/1608/1375 1713/1599/1366 1712/1598/1365
f 1699/1608/1375 1712/1598/1365 1051/1597/1364
f 1718/1586/1354 1046/1589/1357 1707/1587/1355
f 1707/1587/1355 1046/1589/1357 1730/1926/1686
f 1707/1587/1355 1730/1926/1686 1729/1588/1356
f 1729/1588/1356 1730/1926/1686 1721/1135/956
f 1729/1588/1356 1721/1135/956 1722/1137/958
f 1709/1418/1219 1727/1420/1221 1710/1602/1369
f 1710/1602/1369 1727/1420/1221 1726/1595/1362
f 1710/1602/1369 1726/1595/1362 1711/1600/1367
f 1711/1600/1367 1726/1595/1362 1725/1594/1361
f 1711/1600/1367 1725/1594/1361 1049/1593/1360
f 1731/1591/1358 1720/1133/954 1730/1926/1686
f 1730/1926/1686 1720/1133/954 1721/1135/956
f 1046/1589/1357 1731/1591/1358 1730/1926/1686
f 1839/1927/1687 1732/1928/1688 1846/1929/1689
f 1846/1929/1689 1732/1928/1688 1733/1930/1690
f 1846/1929/1689 1733/1930/1690 1847/1931/1691
f 1847/1931/1691 1733/1930/1690 1734/1932/1692
f 1847/1931/1691 1734/1932/1692 1735/1933/1693
f 1847/1931/1691 1735/1933/1693 1848/1934/1694
f 1848/1934/1694 1735/1933/1693 1736/1935/1695
f 1848/1934/1694 1736/1935/1695 1849/1936/1696
f 1849/1936/1696 1736/1935/1695 1737/1937/1697
f 1849/1936/1696 1737/1937/1697 1738/1938/1698
f 1849/1936/1696 1738/1938/1698 1844/1939/1699
f 1844/1939/1699 1738/1938/1698 1739/1940/1700
f 1844/1939/1699 1739/1940/1700 1740/1941/1701
f 1844/1939/1699 1740/1941/1701 1843/1942/1702
f 1843/1942/1702 1740/1941/1701 1741/1943/1703
f 1843/1942/1702 1741/1943/1703 1742/1944/30
f 1742/1944/30 1743/1945/1704 1843/1942/1702
f 1843/1942/1702 1743/1945/1704 1850/1946/1705
f 1843/1942/1702 1850/1946/1705 1028/1947/1541
f 1028/1947/1541 1850/1946/1705 1029/1948/1013
f 1029/1948/1013 1850/1946/1705 1851/1949/1706
f 1029/1948/1013 1851/1949/1706 1030/1950/1012
f 1030/1950/1012 1851/1949/1706 1852/1951/1707
f 1030/1950/1012 1852/1951/1707 1031/1952/1546
f 1031/1952/1546 1852/1951/1707 1853/1953/1708
f 1031/1952/1546 1853/1953/1708 1032/1954/1558
f 1032/1954/1558 1853/1953/1708 1854/1955/1709
f 1032/1954/1558 1854/1955/1709 1033/1956/1564
f 1033/1956/1564 1854/1955/1709 1855/1957/1710
f 1033/1956/1564 1855/1957/1710 1034/1958/982
f 1034/1958/982 1855/1957/1710 1856/1959/1711
f 1034/1958/982 1856/1959/1711 1035/1960/981
f 1035/1960/981 1856/1959/1711 1857/1961/1712
f 1035/1960/981 1857/1961/1712 1036/1962/1569
f 1036/1962/1569 1857/1961/1712 1858/1963/1713
f 1036/1962/1569 1858/1963/1713 1037/1964/1582
f 1037/1964/1582 1858/1963/1713 1765/1965/1714
f 1037/1964/1582 1765/1965/1714 1860/1966/1715
f 1860/1966/1715 1765/1965/1714 1766/1967/1716
f 1860/1966/1715 1766/1967/1716 1767/1968/1717
f 1743/1945/1704 1744/1969/1718 1850/1946/1705
f 1850/1946/1705 1744/1969/1718 1745/1970/1719
f 1850/1946/1705 1745/1970/1719 1746/1971/1720
f 1850/1946/1705 1746/1971/1720 1851/1949/1706
f 1851/1949/1706 1746/1971/1720 1747/1972/1721
f 1851/1949/1706 1747/1972/1721 1748/1973/1722
f 1851/1949/1706 1748/1973/1722 1852/1951/1707
f 1852/1951/1707 1748/1973/1722 1749/1974/1723
f 1852/1951/1707 1749/1974/1723 1853/1953/1708
f 1853/1953/1708 1749/1974/1723 1750/1975/1724
f 1853/1953/1708 1750/1975/1724 1751/1976/1725
f 1853/1953/1708 1751/1976/1725 1854/1955/1709
f 1854/1955/1709 1751/1976/1725 1752/1977/1726
f 1854/1955/1709 1752/1977/1726 1753/1978/1727
f 1753/1978/1727 1754/1979/1728 1854/1955/1709
f 1854/1955/1709 1754/1979/1728 1855/1957/1710
f 1754/1979/1728 1755/1980/1729 1855/1957/1710
f 1855/1957/1710 1755/1980/1729 1756/1981/1730
f 1855/1957/1710 1756/1981/1730 1757/1982/1731
f 1855/1957/1710 1757/1982/1731 1856/1959/1711
f 1856/1959/1711 1757/1982/1731 1758/1983/1732
f 1856/1959/1711 1758/1983/1732 1759/1984/1733
f 1856/1959/1711 1759/1984/1733 1857/1961/1712
f 1857/1961/1712 1759/1984/1733 1760/1985/1734
f 1857/1961/1712 1760/1985/1734 1761/1986/1735
f 1761/1986/1735 1762/1987/1736 1857/1961/1712
f 1857/1961/1712 1762/1987/1736 1858/1963/1713
f 1762/1987/1736 1763/1988/1737 1858/1963/1713
f 1858/1963/1713 1763/1988/1737 1764/1989/1738
f 1858/1963/1713 1764/1989/1738 1765/1965/1714
f 1767/1968/1717 1768/1990/1739 1860/1966/1715
f 1860/1966/1715 1768/1990/1739 1859/1991/16
f 1860/1966/1715 1859/1991/16 1038/1992/1589
f 1038/1992/1589 1859/1991/16 994/1993/16
f 994/1993/16 1859/1991/16 995/1994/965
f 995/1994/965 1859/1991/16 1861/1995/1740
f 995/1994/965 1861/1995/1740 996/1996/1359
f 996/1996/1359 1861/1995/1740 1773/1997/1741
f 996/1996/1359 1773/1997/1741 1862/1998/1742
f 1862/1998/1742 1773/1997/1741 1774/1999/1743
f 1862/1998/1742 1774/1999/1743 1775/2000/1744
f 1768/1990/1739 1769/2001/16 1859/1991/16
f 1859/1991/16 1769/2001/16 1770/2002/1745
f 1859/1991/16 1770/2002/1745 1861/1995/1740
f 1861/1995/1740 1770/2002/1745 1771/2003/1746
f 1861/1995/1740 1771/2003/1746 1772/2004/1747
f 1772/2004/1747 1773/1997/1741 1861/1995/1740
f 1775/2000/1744 1776/2005/1748 1862/1998/1742
f 1862/1998/1742 1776/2005/1748 1863/2006/1749
f 1862/1998/1742 1863/2006/1749 997/2007/1363
f 997/2007/1363 1863/2006/1749 998/2008/1371
f 998/2008/1371 1863/2006/1749 1864/2009/1750
f 998/2008/1371 1864/2009/1750 999/2010/1196
f 999/2010/1196 1864/2009/1750 1865/2011/1751
f 999/2010/1196 1865/2011/1751 1000/2012/1394
f 1000/2012/1394 1865/2011/1751 1866/2013/1752
f 1000/2012/1394 1866/2013/1752 1001/2014/1402
f 1001/2014/1402 1866/2013/1752 1867/2015/1753
f 1001/2014/1402 1867/2015/1753 1002/2016/1412
f 1002/2016/1412 1867/2015/1753 1868/2017/1754
f 1002/2016/1412 1868/2017/1754 1003/2018/1417
f 1003/2018/1417 1868/2017/1754 1869/2019/1755
f 1003/2018/1417 1869/2019/1755 1004/2020/1166
f 1004/2020/1166 1869/2019/1755 1842/2021/1756
f 1004/2020/1166 1842/2021/1756 1005/2022/1419
f 1005/2022/1419 1842/2021/1756 1841/2023/1757
f 1005/2022/1419 1841/2023/1757 1006/2024/1427
f 1006/2024/1427 1841/2023/1757 1870/2025/1758
f 1006/2024/1427 1870/2025/1758 1007/2026/1437
f 1007/2026/1437 1870/2025/1758 1871/2027/1759
f 1007/2026/1437 1871/2027/1759 1008/2028/1442
f 1008/2028/1442 1871/2027/1759 1872/2029/1760
f 1008/2028/1442 1872/2029/1760 1009/2030/1136
f 1009/2030/1136 1872/2029/1760 1873/2031/1761
f 1009/2030/1136 1873/2031/1761 1010/2032/1444
f 1010/2032/1444 1873/2031/1761 1874/2033/1762
f 1010/2032/1444 1874/2033/1762 1011/2034/1452
f 1011/2034/1452 1874/2033/1762 1875/2035/1763
f 1011/2034/1452 1875/2035/1763 1012/2036/1462
f 1012/2036/1462 1875/2035/1763 1876/2037/1764
f 1012/2036/1462 1876/2037/1764 1013/2038/1467
f 1013/2038/1467 1876/2037/1764 1877/2039/1765
f 1013/2038/1467 1877/2039/1765 1014/2040/1106
f 1014/2040/1106 1877/2039/1765 1878/2041/1766
f 1014/2040/1106 1878/2041/1766 1015/2042/1469
f 1015/2042/1469 1878/2041/1766 1819/2043/1767
f 1015/2042/1469 1819/2043/1767 1882/2044/1768
f 1882/2044/1768 1819/2043/1767 1820/2045/1769
f 1882/2044/1768 1820/2045/1769 1821/2046/1770
f 1776/2005/1748 1777/2047/1771 1863/2006/1749
f 1863/2006/1749 1777/2047/1771 1778/2048/1772
f 1863/2006/1749 1778/2048/1772 1864/2009/1750
f 1864/2009/1750 1778/2048/1772 1779/2049/1773
f 1864/2009/1750 1779/2049/1773 1780/2050/1774
f 1780/2050/1774 1781/2051/1775 1864/2009/1750
f 1864/2009/1750 1781/2051/1775 1865/2011/1751
f 1781/2051/1775 1782/2052/1776 1865/2011/1751
f 1865/2011/1751 1782/2052/1776 1783/2053/1777
f 1865/2011/1751 1783/2053/1777 1784/2054/1778
f 1865/2011/1751 1784/2054/1778 1866/2013/1752
f 1866/2013/1752 1784/2054/1778 1785/2055/1779
f 1866/2013/1752 1785/2055/1779 1786/2056/1780
f 1786/2056/1780 1787/2057/1781 1866/2013/1752
f 1866/2013/1752 1787/2057/1781 1867/2015/1753
f 1787/2057/1781 1788/2058/1782 1867/2015/1753
f 1867/2015/1753 1788/2058/1782 1789/2059/1783
f 1867/2015/1753 1789/2059/1783 1868/2017/1754
f 1868/2017/1754 1789/2059/1783 1790/2060/1784
f 1868/2017/1754 1790/2060/1784 1869/2019/1755
f 1869/2019/1755 1790/2060/1784 1791/2061/1785
f 1869/2019/1755 1791/2061/1785 1792/2062/1786
f 1869/2019/1755 1792/2062/1786 1842/2021/1756
f 1842/2021/1756 1792/2062/1786 1793/2063/1787
f 1842/2021/1756 1793/2063/1787 1794/2064/1788
f 1842/2021/1756 1794/2064/1788 1841/2023/1757
f 1841/2023/1757 1794/2064/1788 1795/2065/1789
f 1841/2023/1757 1795/2065/1789 1796/2066/29
f 1796/2066/29 1797/2067/1790 1841/2023/1757
f 1841/2023/1757 1797/2067/1790 1870/2025/1758
f 1797/2067/1790 1798/2068/1791 1870/2025/1758
f 1870/2025/1758 1798/2068/1791 1799/2069/1792
f 1870/2025/1758 1799/2069/1792 1800/2070/1793
f 1870/2025/1758 1800/2070/1793 1871/2027/1759
f 1871/2027/1759 1800/2070/1793 1801/2071/1794
f 1871/2027/1759 1801/2071/1794 1802/2072/1795
f 1871/2027/1759 1802/2072/1795 1872/2029/1760
f 1872/2029/1760 1802/2072/1795 1803/2073/1796
f 1872/2029/1760 1803/2073/1796 1873/2031/1761
f 1873/2031/1761 1803/2073/1796 1804/2074/1797
f 1873/2031/1761 1804/2074/1797 1805/2075/1798
f 1873/2031/1761 1805/2075/1798 1874/2033/1762
f 1874/2033/1762 1805/2075/1798 1806/2076/1799
f 1874/2033/1762 1806/2076/1799 1807/2077/1800
f 1807/2077/1800 1808/2078/1801 1874/2033/1762
f 1874/2033/1762 1808/2078/1801 1875/2035/1763
f 1808/2078/1801 1809/2079/1802 1875/2035/1763
f 1875/2035/1763 1809/2079/1802 1810/2080/1803
f 1875/2035/1763 1810/2080/1803 1811/2081/1804
f 1875/2035/1763 1811/2081/1804 1876/2037/1764
f 1876/2037/1764 1811/2081/1804 1812/2082/1805
f 1876/2037/1764 1812/2082/1805 1813/2083/1806
f 1876/2037/1764 1813/2083/1806 1877/2039/1765
f 1877/2039/1765 1813/2083/1806 1814/2084/1807
f 1877/2039/1765 1814/2084/1807 1815/2085/1808
f 1815/2085/1808 1816/2086/1809 1877/2039/1765
f 1877/2039/1765 1816/2086/1809 1878/2041/1766
f 1816/2086/1809 1817/2087/1810 1878/2041/1766
f 1878/2041/1766 1817/2087/1810 1818/2088/1811
f 1878/2041/1766 1818/2088/1811 1819/2043/1767
f 1882/2044/1768 1821/2046/1770 1016/2089/1477
f 1016/2089/1477 1821/2046/1770 1822/2090/1812
f 1016/2089/1477 1822/2090/1812 1840/2091/1813
f 1840/2091/1813 1822/2090/1812 1823/2092/1
f 1840/2093/1813 1823/2094/1 1824/2095/1814
f 1840/2093/1813 1824/2095/1814 1017/2096/1489
f 1017/2096/1489 1824/2095/1814 1825/2097/1815
f 1017/2096/1489 1825/2097/1815 1883/2098/1816
f 1883/2098/1816 1825/2097/1815 1826/2099/1817
f 1883/2098/1816 1826/2099/1817 1827/2100/1818
f 1828/2101/1819 1879/2102/1820 1827/2100/1818
f 1827/2100/1818 1879/2102/1820 1018/2103/1495
f 1827/2100/1818 1018/2103/1495 1883/2098/1816
f 1883/2098/1816 1018/2103/1495 1017/2096/1489
f 1828/2101/1819 1829/2104/1821 1879/2102/1820
f 1879/2102/1820 1829/2104/1821 1830/2105/1822
f 1879/2102/1820 1830/2105/1822 1880/2106/1823
f 1880/2106/1823 1830/2105/1822 1831/2107/1824
f 1880/2106/1823 1831/2107/1824 1832/2108/1825
f 1880/2106/1823 1832/2108/1825 1881/2109/1826
f 1881/2109/1826 1832/2108/1825 1833/2110/1827
f 1881/2109/1826 1833/2110/1827 1834/2111/1828
f 1834/2111/1828 1835/2112/1829 1881/2109/1826
f 1881/2109/1826 1835/2112/1829 1845/2113/1830
f 1881/2109/1826 1845/2113/1830 1021/2114/1500
f 1021/2114/1500 1845/2113/1830 1022/2115/1512
f 1022/2115/1512 1845/2113/1830 1846/1929/1689
f 1022/2115/1512 1846/1929/1689 1023/2116/1518
f 1023/2116/1518 1846/1929/1689 1847/1931/1691
f 1023/2116/1518 1847/1931/1691 1024/2117/1044
f 1024/2117/1044 1847/1931/1691 1848/1934/1694
f 1024/2117/1044 1848/1934/1694 1025/2118/1043
f 1025/2118/1043 1848/1934/1694 1849/1936/1696
f 1025/2118/1043 1849/1936/1696 1026/2119/1523
f 1026/2119/1523 1849/1936/1696 1844/1939/1699
f 1026/2119/1523 1844/1939/1699 1027/2120/1535
f 1027/2120/1535 1844/1939/1699 1843/1942/1702
f 1027/2120/1535 1843/1942/1702 1028/1947/1541
f 1835/2112/1829 1836/2121/1831 1845/2113/1830
f 1845/2113/1830 1836/2121/1831 1837/2122/1832
f 1845/2113/1830 1837/2122/1832 1838/2123/1833
f 1845/2113/1830 1838/2123/1833 1846/1929/1689
f 1846/1929/1689 1838/2123/1833 1839/1927/1687
f 1038/1992/1589 1037/1964/1582 1860/1966/1715
f 1021/2114/1500 1020/2124/1074 1881/2109/1826
f 1881/2109/1826 1020/2124/1074 1880/2106/1823
f 1020/2124/1074 1019/2125/1075 1880/2106/1823
f 1880/2106/1823 1019/2125/1075 1879/2102/1820
f 1019/2125/1075 1018/2103/1495 1879/2102/1820
f 1017/2126/1489 1016/2089/1477 1840/2091/1813
f 1016/2089/1477 1015/2042/1469 1882/2044/1768
f 997/2007/1363 996/1996/1359 1862/1998/1742
f 1884/2127/1834 1885/2128/1835 1913/2129/1836
f 1913/2129/1836 1885/2128/1835 1920/2130/1837
f 1913/2129/1836 1920/2130/1837 1912/2131/1838
f 1912/2131/1838 1920/2130/1837 1927/2132/1839
f 1912/2131/1838 1927/2132/1839 1911/2133/1840
f 1911/2133/1840 1927/2132/1839 1934/2134/1841
f 1911/2133/1840 1934/2134/1841 1910/2135/1842
f 1910/2135/1842 1934/2134/1841 1941/2136/1843
f 1910/2135/1842 1941/2136/1843 1909/2137/1844
f 1909/2137/1844 1941/2136/1843 1948/2138/1845
f 1909/2137/1844 1948/2138/1845 1908/2139/1846
f 1908/2139/1846 1948/2138/1845 1907/2140/1847
f 1907/2140/1847 1948/2138/1845 1955/2141/1848
f 1907/2140/1847 1955/2141/1848 1906/2142/1849
f 1906/2142/1849 1955/2141/1848 1905/2143/1850
f 1905/2143/1850 1955/2141/1848 1954/2144/1851
f 1905/2143/1850 1954/2144/1851 1953/2145/1852
f 1953/2145/1852 1954/2144/1851 1946/2146/1853
f 1953/2145/1852 1946/2146/1853 1945/2147/1854
f 1945/2147/1854 1946/2146/1853 1938/2148/1855
f 1945/2147/1854 1938/2148/1855 1937/2149/1856
f 1937/2149/1856 1938/2148/1855 1930/2150/1857
f 1937/2149/1856 1930/2150/1857 1929/2151/1858
f 1929/2151/1858 1930/2150/1857 1915/2152/1859
f 1929/2151/1858 1915/2152/1859 1922/2153/1860
f 1922/2153/1860 1915/2152/1859 1890/2154/1861
f 1922/2153/1860 1890/2154/1861 1921/2155/1862
f 1921/2155/1862 1890/2154/1861 1891/2156/1863
f 1921/2155/1862 1891/2156/1863 1922/2153/1860
f 1922/2153/1860 1891/2156/1863 1893/2157/1
f 1922/2153/1860 1893/2157/1 1894/2158/1
f 1885/2128/1835 1886/2159/1864 1920/2130/1837
f 1920/2130/1837 1886/2159/1864 1919/2160/1865
f 1920/2130/1837 1919/2160/1865 1927/2132/1839
f 1927/2132/1839 1919/2160/1865 1926/2161/1866
f 1927/2132/1839 1926/2161/1866 1934/2134/1841
f 1934/2134/1841 1926/2161/1866 1933/2162/1867
f 1934/2134/1841 1933/2162/1867 1941/2136/1843
f 1941/2136/1843 1933/2162/1867 1940/2163/1868
f 1941/2136/1843 1940/2163/1868 1948/2138/1845
f 1948/2138/1845 1940/2163/1868 1947/2164/1869
f 1948/2138/1845 1947/2164/1869 1955/2141/1848
f 1955/2141/1848 1947/2164/1869 1954/2144/1851
f 1919/2160/1865 1886/2159/1864 1918/2165/1870
f 1918/2165/1870 1886/2159/1864 1887/2166/1871
f 1918/2165/1870 1887/2166/1871 1917/2167/1872
f 1917/2167/1872 1887/2166/1871 1916/2168/1873
f 1917/2167/1872 1916/2168/1873 1924/2169/1874
f 1924/2169/1874 1916/2168/1873 1923/2170/1875
f 1924/2169/1874 1923/2170/1875 1931/2171/1876
f 1931/2171/1876 1923/2170/1875 1930/2150/1857
f 1931/2171/1876 1930/2150/1857 1938/2148/1855
f 1887/2166/1871 1888/2172/1877 1916/2168/1873
f 1916/2168/1873 1888/2172/1877 1889/2173/1878
f 1916/2168/1873 1889/2173/1878 1914/2174/1879
f 1914/2174/1879 1889/2173/1878 1890/2154/1861
f 1914/2174/1879 1890/2154/1861 1915/2152/1859
f 1891/2156/1863 1892/2175/1 1893/2157/1
f 1922/2153/1860 1894/2158/1 1928/2176/1880
f 1928/2176/1880 1894/2158/1 1895/2177/1
f 1928/2176/1880 1895/2177/1 1935/2178/1881
f 1935/2178/1881 1895/2177/1 1896/2179/1
f 1935/2178/1881 1896/2179/1 1897/2180/1
f 1935/2178/1881 1897/2180/1 1942/2181/1882
f 1942/2181/1882 1897/2180/1 1898/2182/1
f 1942/2181/1882 1898/2182/1 1949/2183/1883
f 1949/2183/1883 1898/2182/1 1899/2184/1
f 1949/2183/1883 1899/2184/1 1900/2185/1
f 1900/2185/1 1901/2186/1884 1949/2183/1883
f 1949/2183/1883 1901/2186/1884 1950/2187/1885
f 1949/2183/1883 1950/2187/1885 1942/2181/1882
f 1942/2181/1882 1950/2187/1885 1943/2188/1886
f 1942/2181/1882 1943/2188/1886 1935/2178/1881
f 1935/2178/1881 1943/2188/1886 1936/2189/1887
f 1935/2178/1881 1936/2189/1887 1928/2176/1880
f 1928/2176/1880 1936/2189/1887 1929/2151/1858
f 1928/2176/1880 1929/2151/1858 1922/2153/1860
f 1901/2186/1884 1902/2190/1888 1950/2187/1885
f 1950/2187/1885 1902/2190/1888 1951/2191/1889
f 1950/2187/1885 1951/2191/1889 1943/2188/1886
f 1943/2188/1886 1951/2191/1889 1944/2192/1890
f 1943/2188/1886 1944/2192/1890 1936/2189/1887
f 1936/2189/1887 1944/2192/1890 1937/2149/1856
f 1936/2189/1887 1937/2149/1856 1929/2151/1858
f 1902/2190/1888 1903/2193/1891 1951/2191/1889
f 1951/2191/1889 1903/2193/1891 1952/2194/1892
f 1951/2191/1889 1952/2194/1892 1944/2192/1890
f 1944/2192/1890 1952/2194/1892 1945/2147/1854
f 1944/2192/1890 1945/2147/1854 1937/2149/1856
f 1903/2193/1891 1904/2195/1893 1952/2194/1892
f 1952/2194/1892 1904/2195/1893 1953/2145/1852
f 1952/2194/1892 1953/2145/1852 1945/2147/1854
f 1904/2195/1893 1905/2143/1850 1953/2145/1852
f 1923/2170/1875 1916/2168/1873 1914/2174/1879
f 1926/2161/1866 1919/2160/1865 1918/2165/1870
f 1918/2165/1870 1917/2167/1872 1925/2196/1894
f 1925/2196/1894 1917/2167/1872 1924/2169/1874
f 1925/2196/1894 1924/2169/1874 1932/2197/1895
f 1932/2197/1895 1924/2169/1874 1931/2171/1876
f 1932/2197/1895 1931/2171/1876 1939/2198/1896
f 1939/2198/1896 1931/2171/1876 1938/2148/1855
f 1939/2198/1896 1938/2148/1855 1946/2146/1853
f 1930/2150/1857 1923/2170/1875 1915/2152/1859
f 1915/2152/1859 1923/2170/1875 1914/2174/1879
f 1933/2162/1867 1926/2161/1866 1925/2196/1894
f 1925/2196/1894 1926/2161/1866 1918/2165/1870
f 1933/2162/1867 1925/2196/1894 1932/2197/1895
f 1940/2163/1868 1933/2162/1867 1932/2197/1895
f 1940/2163/1868 1932/2197/1895 1939/2198/1896
f 1947/2164/1869 1940/2163/1868 1939/2198/1896
f 1947/2164/1869 1939/2198/1896 1946/2146/1853
f 1954/2144/1851 1947/2164/1869 1946/2146/1853
f 1956/2199/1 1957/2200/1897 1978/2201/1
f 1978/2201/1 1957/2200/1897 1986/2202/1898
f 1978/2201/1 1986/2202/1898 1999/2203/1899
f 1999/2203/1899 1986/2202/1898 1985/2204/1900
f 1999/2203/1899 1985/2204/1900 1998/2205/1901
f 1998/2205/1901 1985/2204/1900 1984/2206/1902
f 1998/2205/1901 1984/2206/1902 1997/2207/1903
f 1997/2207/1903 1984/2206/1902 1983/2208/1904
f 1997/2207/1903 1983/2208/1904 1996/2209/1905
f 1996/2209/1905 1983/2208/1904 1982/2210/1906
f 1996/2209/1905 1982/2210/1906 1995/2211/1907
f 1995/2211/1907 1982/2210/1906 1981/2212/1908
f 1995/2211/1907 1981/2212/1908 1994/2213/1909
f 1994/2213/1909 1981/2212/1908 1980/2214/1910
f 1994/2213/1909 1980/2214/1910 1993/2215/1911
f 1993/2215/1911 1980/2214/1910 1966/2216/1912
f 1993/2215/1911 1966/2216/1912 1967/2217/1913
f 1957/2200/1897 1958/2218/1914 1986/2202/1898
f 1986/2202/1898 1958/2218/1914 1985/2204/1900
f 1985/2204/1900 1958/2218/1914 1992/2219/1915
f 1992/2219/1915 1958/2218/1914 1959/2220/1916
f 1992/2219/1915 1959/2220/1916 1985/2204/1900
f 1985/2204/1900 1959/2220/1916 1984/2206/1902
f 1984/2206/1902 1959/2220/1916 1987/2221/1917
f 1987/2221/1917 1959/2220/1916 1960/2222/1918
f 1987/2221/1917 1960/2222/1918 1961/2223/1919
f 1962/2224/1920 1989/2225/1921 1961/2223/1919
f 1961/2223/1919 1989/2225/1921 1988/2226/1922
f 1961/2223/1919 1988/2226/1922 1987/2221/1917
f 1987/2221/1917 1988/2226/1922 1984/2206/1902
f 1989/2225/1921 1962/2224/1920 1990/2227/1923
f 1990/2227/1923 1962/2224/1920 1963/2228/1924
f 1990/2227/1923 1963/2228/1924 1991/2229/1925
f 1991/2229/1925 1963/2228/1924 1964/2230/1926
f 1991/2229/1925 1964/2230/1926 1965/2231/1927
f 1991/2229/1925 1965/2231/1927 1980/2214/1910
f 1980/2214/1910 1965/2231/1927 1966/2216/1912
f 1993/2215/1911 1967/2217/1913 2000/2232/1928
f 2000/2232/1928 1967/2217/1913 1968/2233/1929
f 2000/2232/1928 1968/2233/1929 1979/2234/1930
f 1979/2234/1930 1968/2233/1929 1969/2235/1931
f 1979/2234/1930 1969/2235/1931 2026/2236/1932
f 2026/2236/1932 1969/2235/1931 2013/2237/1933
f 2026/2236/1932 2013/2237/1933 2014/2238/1934
f 2014/2238/1934 2013/2237/1933 2028/2239/1935
f 2014/2238/1934 2028/2239/1935 2029/2240/1936
f 2029/2240/1936 2028/2239/1935 2036/2241/1937
f 2029/2240/1936 2036/2241/1937 2037/2242/1938
f 2037/2242/1938 2036/2241/1937 1904/2243/1893
f 2037/2242/1938 1904/2243/1893 1903/2244/1891
f 1969/2235/1931 1970/2245/1939 2013/2237/1933
f 2013/2237/1933 1970/2245/1939 2027/2246/1940
f 2013/2237/1933 2027/2246/1940 2028/2239/1935
f 2028/2239/1935 2027/2246/1940 2035/2247/1941
f 2028/2239/1935 2035/2247/1941 2036/2241/1937
f 2036/2241/1937 2035/2247/1941 1905/2248/1850
f 2036/2241/1937 1905/2248/1850 1904/2243/1893
f 1970/2245/1939 1971/2249/1942 2027/2246/1940
f 2027/2246/1940 1971/2249/1942 2034/2250/1943
f 2027/2246/1940 2034/2250/1943 2035/2247/1941
f 2035/2247/1941 2034/2250/1943 1905/2248/1850
f 1971/2249/1942 1906/2251/1849 2034/2250/1943
f 2034/2250/1943 1906/2251/1849 1905/2248/1850
f 2037/2242/1938 1903/2244/1891 2038/2252/1944
f 2038/2252/1944 1903/2244/1891 1902/2253/1888
f 2038/2252/1944 1902/2253/1888 2039/2254/1945
f 2039/2254/1945 1902/2253/1888 1901/2255/1884
f 2039/2254/1945 1901/2255/1884 2040/2256/1946
f 2040/2256/1946 1901/2255/1884 1900/2257/1
f 2040/2256/1946 1900/2257/1 1972/2258/1
f 2040/2256/1946 1972/2258/1 2033/2259/1947
f 2033/2259/1947 1972/2258/1 1973/2260/1
f 2033/2259/1947 1973/2260/1 2019/2261/1948
f 2019/2261/1948 1973/2260/1 1974/2262/1
f 2019/2261/1948 1974/2262/1 2020/2263/1949
f 2020/2263/1949 1974/2262/1 1975/2264/1
f 2020/2263/1949 1975/2264/1 2012/2265/1950
f 2012/2265/1950 1975/2264/1 1976/2266/1
f 2012/2265/1950 1976/2266/1 2006/2267/1951
f 2006/2267/1951 1976/2266/1 1977/2268/1
f 2006/2267/1951 1977/2268/1 1999/2203/1899
f 1999/2203/1899 1977/2268/1 1978/2201/1
f 1990/2227/1923 1991/2229/1925 1981/2212/1908
f 1981/2212/1908 1991/2229/1925 1980/2214/1910
f 1989/2225/1921 1990/2227/1923 1982/2210/1906
f 1982/2210/1906 1990/2227/1923 1981/2212/1908
f 1988/2226/1922 1989/2225/1921 1983/2208/1904
f 1983/2208/1904 1989/2225/1921 1982/2210/1906
f 1983/2208/1904 1984/2206/1902 1988/2226/1922
f 1994/2213/1909 1993/2215/1911 2001/2269/1952
f 2001/2269/1952 1993/2215/1911 2000/2232/1928
f 2001/2269/1952 2000/2232/1928 2007/2270/1953
f 2007/2270/1953 2000/2232/1928 1979/2234/1930
f 2007/2270/1953 1979/2234/1930 2025/2271/1954
f 2025/2271/1954 1979/2234/1930 2026/2236/1932
f 2025/2271/1954 2026/2236/1932 2014/2238/1934
f 1995/2211/1907 1994/2213/1909 2002/2272/1955
f 2002/2272/1955 1994/2213/1909 2001/2269/1952
f 2002/2272/1955 2001/2269/1952 2008/2273/1956
f 2008/2273/1956 2001/2269/1952 2007/2270/1953
f 2008/2273/1956 2007/2270/1953 2024/2274/1957
f 2024/2274/1957 2007/2270/1953 2025/2271/1954
f 2024/2274/1957 2025/2271/1954 2015/2275/1958
f 2015/2275/1958 2025/2271/1954 2014/2238/1934
f 2015/2275/1958 2014/2238/1934 2029/2240/1936
f 1996/2209/1905 1995/2211/1907 2003/2276/1959
f 2003/2276/1959 1995/2211/1907 2002/2272/1955
f 2003/2276/1959 2002/2272/1955 2009/2277/1960
f 2009/2277/1960 2002/2272/1955 2008/2273/1956
f 2009/2277/1960 2008/2273/1956 2023/2278/1961
f 2023/2278/1961 2008/2273/1956 2024/2274/1957
f 2023/2278/1961 2024/2274/1957 2016/2279/1962
f 2016/2279/1962 2024/2274/1957 2015/2275/1958
f 2016/2279/1962 2015/2275/1958 2030/2280/1963
f 2030/2280/1963 2015/2275/1958 2029/2240/1936
f 2030/2280/1963 2029/2240/1936 2037/2242/1938
f 1997/2207/1903 1996/2209/1905 2004/2281/1964
f 2004/2281/1964 1996/2209/1905 2003/2276/1959
f 2004/2281/1964 2003/2276/1959 2010/2282/1965
f 2010/2282/1965 2003/2276/1959 2009/2277/1960
f 2010/2282/1965 2009/2277/1960 2022/2283/1966
f 2022/2283/1966 2009/2277/1960 2023/2278/1961
f 2022/2283/1966 2023/2278/1961 2017/2284/1967
f 2017/2284/1967 2023/2278/1961 2016/2279/1962
f 2017/2284/1967 2016/2279/1962 2031/2285/1968
f 2031/2285/1968 2016/2279/1962 2030/2280/1963
f 2031/2285/1968 2030/2280/1963 2038/2252/1944
f 2038/2252/1944 2030/2280/1963 2037/2242/1938
f 2006/2267/1951 1999/2203/1899 1998/2205/1901
f 1998/2205/1901 1997/2207/1903 2005/2286/1969
f 2005/2286/1969 1997/2207/1903 2004/2281/1964
f 2005/2286/1969 2004/2281/1964 2011/2287/1970
f 2011/2287/1970 2004/2281/1964 2010/2282/1965
f 2011/2287/1970 2010/2282/1965 2021/2288/1971
f 2021/2288/1971 2010/2282/1965 2022/2283/1966
f 2021/2288/1971 2022/2283/1966 2018/2289/1972
f 2018/2289/1972 2022/2283/1966 2017/2284/1967
f 2018/2289/1972 2017/2284/1967 2032/2290/1973
f 2032/2290/1973 2017/2284/1967 2031/2285/1968
f 2032/2290/1973 2031/2285/1968 2039/2254/1945
f 2039/2254/1945 2031/2285/1968 2038/2252/1944
f 2012/2265/1950 2006/2267/1951 2005/2286/1969
f 2005/2286/1969 2006/2267/1951 1998/2205/1901
f 2012/2265/1950 2005/2286/1969 2011/2287/1970
f 2020/2263/1949 2012/2265/1950 2011/2287/1970
f 2020/2263/1949 2011/2287/1970 2021/2288/1971
f 2020/2263/1949 2021/2288/1971 2019/2261/1948
f 2019/2261/1948 2021/2288/1971 2018/2289/1972
f 2019/2261/1948 2018/2289/1972 2033/2259/1947
f 2033/2259/1947 2018/2289/1972 2032/2290/1973
f 2033/2259/1947 2032/2290/1973 2040/2256/1946
f 2040/2256/1946 2032/2290/1973 2039/2254/1945
f 2042/2291/1 2155/2292/1974 2041/2293/1
f 2041/2293/1 2155/2292/1974 2164/2294/1975
f 2041/2293/1 2164/2294/1975 2493/2295/1976
f 2493/2295/1976 2164/2294/1975 2163/2296/1977
f 2493/2295/1976 2163/2296/1977 2494/2297/1978
f 2494/2297/1978 2163/2296/1977 2162/2298/1979
f 2494/2297/1978 2162/2298/1979 2495/2299/1980
f 2495/2299/1980 2162/2298/1979 2161/2300/1981
f 2495/2299/1980 2161/2300/1981 2496/2301/1982
f 2496/2301/1982 2161/2300/1981 2160/2302/1983
f 2496/2301/1982 2160/2302/1983 2497/2303/1984
f 2497/2303/1984 2160/2302/1983 1971/2304/1942
f 2497/2303/1984 1971/2304/1942 1970/2305/1939
f 2155/2292/1974 2042/2291/1 2165/2306/1985
f 2165/2306/1985 2042/2291/1 2043/2307/1
f 2165/2306/1985 2043/2307/1 2170/2308/1986
f 2170/2308/1986 2043/2307/1 2044/2309/1
f 2170/2308/1986 2044/2309/1 2175/2310/1987
f 2175/2310/1987 2044/2309/1 2045/2311/1
f 2175/2310/1987 2045/2311/1 2180/2312/1988
f 2180/2312/1988 2045/2311/1 2046/2313/1
f 2180/2312/1988 2046/2313/1 2185/2314/1989
f 2185/2314/1989 2046/2313/1 2047/2315/1
f 2185/2314/1989 2047/2315/1 2191/2316/1990
f 2191/2316/1990 2047/2315/1 2048/2317/1
f 2191/2316/1990 2048/2317/1 2197/2318/1991
f 2197/2318/1991 2048/2317/1 2049/2319/1
f 2197/2318/1991 2049/2319/1 2203/2320/1992
f 2203/2320/1992 2049/2319/1 2050/2321/1
f 2203/2320/1992 2050/2321/1 2209/2322/1993
f 2209/2322/1993 2050/2321/1 2051/2323/1
f 2209/2322/1993 2051/2323/1 2215/2324/1994
f 2215/2324/1994 2051/2323/1 2052/2325/1
f 2215/2324/1994 2052/2325/1 2232/2326/1995
f 2232/2326/1995 2052/2325/1 2221/2327/1996
f 2232/2326/1995 2221/2327/1996 2222/2328/1997
f 2222/2328/1997 2221/2327/1996 2234/2329/1998
f 2222/2328/1997 2234/2329/1998 2235/2330/1999
f 2235/2330/1999 2234/2329/1998 2241/2331/431
f 2235/2330/1999 2241/2331/431 2242/2332/2000
f 2242/2332/2000 2241/2331/431 2248/2333/2001
f 2242/2332/2000 2248/2333/2001 2249/2334/2002
f 2249/2334/2002 2248/2333/2001 2255/2335/2003
f 2249/2334/2002 2255/2335/2003 2256/2336/2004
f 2256/2336/2004 2255/2335/2003 2262/2337/2005
f 2256/2336/2004 2262/2337/2005 2137/2338/2006
f 2137/2338/2006 2262/2337/2005 2136/2339/2007
f 2136/2339/2007 2262/2337/2005 2268/2340/2008
f 2136/2339/2007 2268/2340/2008 2135/2341/2009
f 2135/2341/2009 2268/2340/2008 2274/2342/2010
f 2135/2341/2009 2274/2342/2010 2134/2343/2011
f 2134/2343/2011 2274/2342/2010 2280/2344/2012
f 2134/2343/2011 2280/2344/2012 2133/2345/2013
f 2133/2345/2013 2280/2344/2012 2286/2346/2014
f 2133/2345/2013 2286/2346/2014 2132/2347/2015
f 2132/2347/2015 2286/2346/2014 2292/2348/2016
f 2132/2347/2015 2292/2348/2016 2131/2349/2017
f 2131/2349/2017 2292/2348/2016 2299/2350/2018
f 2131/2349/2017 2299/2350/2018 2130/2351/2019
f 2130/2351/2019 2299/2350/2018 2298/2352/2020
f 2130/2351/2019 2298/2352/2020 2129/2353/2021
f 2129/2353/2021 2298/2352/2020 2310/2354/2022
f 2129/2353/2021 2310/2354/2022 2128/2355/2023
f 2128/2355/2023 2310/2354/2022 2316/2356/2024
f 2128/2355/2023 2316/2356/2024 2127/2357/2025
f 2127/2357/2025 2316/2356/2024 2322/2358/2026
f 2127/2357/2025 2322/2358/2026 2126/2359/2027
f 2126/2359/2027 2322/2358/2026 2328/2360/2028
f 2126/2359/2027 2328/2360/2028 2125/2361/2029
f 2125/2361/2029 2328/2360/2028 2334/2362/2030
f 2125/2361/2029 2334/2362/2030 2124/2363/8
f 2124/2363/8 2334/2362/2030 2123/2364/2031
f 2123/2364/2031 2334/2362/2030 2340/2365/2032
f 2123/2364/2031 2340/2365/2032 2122/2366/2033
f 2122/2366/2033 2340/2365/2032 2346/2367/2034
f 2122/2366/2033 2346/2367/2034 2121/2368/2035
f 2121/2368/2035 2346/2367/2034 2352/2369/2036
f 2121/2368/2035 2352/2369/2036 2120/2370/2037
f 2120/2370/2037 2352/2369/2036 2358/2371/2038
f 2120/2370/2037 2358/2371/2038 2119/2372/2039
f 2119/2372/2039 2358/2371/2038 2364/2373/2040
f 2119/2372/2039 2364/2373/2040 2118/2374/2041
f 2118/2374/2041 2364/2373/2040 2371/2375/2042
f 2118/2374/2041 2371/2375/2042 2117/2376/2043
f 2117/2376/2043 2371/2375/2042 2370/2377/2044
f 2117/2376/2043 2370/2377/2044 2116/2378/2045
f 2116/2378/2045 2370/2377/2044 2382/2379/2046
f 2116/2378/2045 2382/2379/2046 2115/2380/2047
f 2115/2380/2047 2382/2379/2046 2388/2381/2048
f 2115/2380/2047 2388/2381/2048 2114/2382/2049
f 2114/2382/2049 2388/2381/2048 2394/2383/2050
f 2114/2382/2049 2394/2383/2050 2113/2384/2051
f 2113/2384/2051 2394/2383/2050 2400/2385/2052
f 2113/2384/2051 2400/2385/2052 2112/2386/2053
f 2112/2386/2053 2400/2385/2052 2406/2387/2054
f 2112/2386/2053 2406/2387/2054 2111/2388/2055
f 2111/2388/2055 2406/2387/2054 2412/2389/2056
f 2111/2388/2055 2412/2389/2056 2110/2390/2057
f 2110/2390/2057 2412/2389/2056 2418/2391/2058
f 2110/2390/2057 2418/2391/2058 2109/2392/2059
f 2109/2392/2059 2418/2391/2058 2154/2393/2060
f 2109/2392/2059 2154/2393/2060 2108/2394/2061
f 2108/2395/2061 2154/2396/2060 2424/2397/2062
f 2108/2395/2061 2424/2397/2062 2107/2398/2063
f 2107/2398/2063 2424/2397/2062 2430/2399/2064
f 2107/2398/2063 2430/2399/2064 2106/2400/2065
f 2106/2400/2065 2430/2399/2064 2437/2401/2066
f 2106/2400/2065 2437/2401/2066 2105/2402/2067
f 2105/2402/2067 2437/2401/2066 2436/2403/2068
f 2105/2402/2067 2436/2403/2068 2104/2404/2069
f 2104/2404/2069 2436/2403/2068 2448/2405/2070
f 2104/2404/2069 2448/2405/2070 2103/2406/2071
f 2103/2406/2071 2448/2405/2070 2454/2407/2072
f 2103/2406/2071 2454/2407/2072 2102/2408/2073
f 2102/2408/2073 2454/2407/2072 2460/2409/2074
f 2102/2408/2073 2460/2409/2074 2101/2410/2075
f 2101/2410/2075 2460/2409/2074 2466/2411/2076
f 2101/2410/2075 2466/2411/2076 2100/2412/2077
f 2100/2412/2077 2466/2411/2076 2472/2413/2078
f 2100/2412/2077 2472/2413/2078 2099/2414/2079
f 2099/2414/2079 2472/2413/2078 2098/2415/2080
f 2098/2415/2080 2472/2413/2078 1964/2416/1926
f 1964/2416/1926 2472/2413/2078 2471/2417/2081
f 1964/2416/1926 2471/2417/2081 2477/2418/2082
f 2477/2418/2082 2471/2417/2081 2470/2419/2083
f 2477/2418/2082 2470/2419/2083 2476/2420/2084
f 2476/2420/2084 2470/2419/2083 2469/2421/2085
f 2476/2420/2084 2469/2421/2085 2475/2422/2086
f 2475/2422/2086 2469/2421/2085 2468/2423/2087
f 2475/2422/2086 2468/2423/2087 2474/2424/2088
f 2474/2424/2088 2468/2423/2087 2467/2425/2089
f 2474/2424/2088 2467/2425/2089 2473/2426/2090
f 2473/2426/2090 2467/2425/2089 2091/2427/1
f 2473/2426/2090 2091/2427/1 2092/2428/1
f 2052/2325/1 2053/2429/1 2221/2327/1996
f 2221/2327/1996 2053/2429/1 2233/2430/2091
f 2221/2327/1996 2233/2430/2091 2234/2329/1998
f 2234/2329/1998 2233/2430/2091 2240/2431/2092
f 2234/2329/1998 2240/2431/2092 2241/2331/431
f 2241/2331/431 2240/2431/2092 2247/2432/2093
f 2241/2331/431 2247/2432/2093 2248/2333/2001
f 2248/2333/2001 2247/2432/2093 2254/2433/2094
f 2248/2333/2001 2254/2433/2094 2255/2335/2003
f 2255/2335/2003 2254/2433/2094 2261/2434/2095
f 2255/2335/2003 2261/2434/2095 2262/2337/2005
f 2262/2337/2005 2261/2434/2095 2268/2340/2008
f 2053/2429/1 2054/2435/1 2233/2430/2091
f 2233/2430/2091 2054/2435/1 2239/2436/2096
f 2233/2430/2091 2239/2436/2096 2240/2431/2092
f 2240/2431/2092 2239/2436/2096 2246/2437/2097
f 2240/2431/2092 2246/2437/2097 2247/2432/2093
f 2247/2432/2093 2246/2437/2097 2253/2438/2098
f 2247/2432/2093 2253/2438/2098 2254/2433/2094
f 2254/2433/2094 2253/2438/2098 2260/2439/2099
f 2254/2433/2094 2260/2439/2099 2261/2434/2095
f 2261/2434/2095 2260/2439/2099 2267/2440/2100
f 2261/2434/2095 2267/2440/2100 2268/2340/2008
f 2268/2340/2008 2267/2440/2100 2274/2342/2010
f 2054/2435/1 2055/2441/1 2239/2436/2096
f 2239/2436/2096 2055/2441/1 2245/2442/2101
f 2239/2436/2096 2245/2442/2101 2246/2437/2097
f 2246/2437/2097 2245/2442/2101 2252/2443/2102
f 2246/2437/2097 2252/2443/2102 2253/2438/2098
f 2253/2438/2098 2252/2443/2102 2259/2444/2103
f 2253/2438/2098 2259/2444/2103 2260/2439/2099
f 2260/2439/2099 2259/2444/2103 2266/2445/2104
f 2260/2439/2099 2266/2445/2104 2267/2440/2100
f 2267/2440/2100 2266/2445/2104 2273/2446/2105
f 2267/2440/2100 2273/2446/2105 2274/2342/2010
f 2274/2342/2010 2273/2446/2105 2280/2344/2012
f 2055/2441/1 2056/2447/1 2245/2442/2101
f 2245/2442/2101 2056/2447/1 2251/2448/2106
f 2245/2442/2101 2251/2448/2106 2252/2443/2102
f 2252/2443/2102 2251/2448/2106 2258/2449/2107
f 2252/2443/2102 2258/2449/2107 2259/2444/2103
f 2259/2444/2103 2258/2449/2107 2265/2450/2108
f 2259/2444/2103 2265/2450/2108 2266/2445/2104
f 2266/2445/2104 2265/2450/2108 2272/2451/2109
f 2266/2445/2104 2272/2451/2109 2273/2446/2105
f 2273/2446/2105 2272/2451/2109 2279/2452/2110
f 2273/2446/2105 2279/2452/2110 2280/2344/2012
f 2280/2344/2012 2279/2452/2110 2286/2346/2014
f 2056/2447/1 2057/2453/1 2251/2448/2106
f 2251/2448/2106 2057/2453/1 2257/2454/2111
f 2251/2448/2106 2257/2454/2111 2258/2449/2107
f 2258/2449/2107 2257/2454/2111 2264/2455/2112
f 2258/2449/2107 2264/2455/2112 2265/2450/2108
f 2265/2450/2108 2264/2455/2112 2271/2456/2113
f 2265/2450/2108 2271/2456/2113 2272/2451/2109
f 2272/2451/2109 2271/2456/2113 2278/2457/2114
f 2272/2451/2109 2278/2457/2114 2279/2452/2110
f 2279/2452/2110 2278/2457/2114 2285/2458/2115
f 2279/2452/2110 2285/2458/2115 2286/2346/2014
f 2286/2346/2014 2285/2458/2115 2292/2348/2016
f 2057/2453/1 2058/2459/1 2257/2454/2111
f 2257/2454/2111 2058/2459/1 2263/2460/2116
f 2257/2454/2111 2263/2460/2116 2264/2455/2112
f 2264/2455/2112 2263/2460/2116 2270/2461/2117
f 2264/2455/2112 2270/2461/2117 2271/2456/2113
f 2271/2456/2113 2270/2461/2117 2277/2462/2118
f 2271/2456/2113 2277/2462/2118 2278/2457/2114
f 2278/2457/2114 2277/2462/2118 2284/2463/2119
f 2278/2457/2114 2284/2463/2119 2285/2458/2115
f 2285/2458/2115 2284/2463/2119 2291/2464/2120
f 2285/2458/2115 2291/2464/2120 2292/2348/2016
f 2292/2348/2016 2291/2464/2120 2299/2350/2018
f 2058/2459/1 2059/2465/1 2263/2460/2116
f 2263/2460/2116 2059/2465/1 2269/2466/2121
f 2263/2460/2116 2269/2466/2121 2270/2461/2117
f 2270/2461/2117 2269/2466/2121 2276/2467/2122
f 2270/2461/2117 2276/2467/2122 2277/2462/2118
f 2277/2462/2118 2276/2467/2122 2283/2468/2123
f 2277/2462/2118 2283/2468/2123 2284/2463/2119
f 2284/2463/2119 2283/2468/2123 2290/2469/2124
f 2284/2463/2119 2290/2469/2124 2291/2464/2120
f 2291/2464/2120 2290/2469/2124 2300/2470/2125
f 2291/2464/2120 2300/2470/2125 2299/2350/2018
f 2299/2350/2018 2300/2470/2125 2298/2352/2020
f 2059/2465/1 2060/2471/1 2269/2466/2121
f 2269/2466/2121 2060/2471/1 2275/2472/2126
f 2269/2466/2121 2275/2472/2126 2276/2467/2122
f 2276/2467/2122 2275/2472/2126 2282/2473/2127
f 2276/2467/2122 2282/2473/2127 2283/2468/2123
f 2283/2468/2123 2282/2473/2127 2289/2474/2128
f 2283/2468/2123 2289/2474/2128 2290/2469/2124
f 2290/2469/2124 2289/2474/2128 2301/2475/2129
f 2290/2469/2124 2301/2475/2129 2300/2470/2125
f 2300/2470/2125 2301/2475/2129 2297/2476/2130
f 2300/2470/2125 2297/2476/2130 2298/2352/2020
f 2298/2352/2020 2297/2476/2130 2310/2354/2022
f 2060/2471/1 2061/2477/1 2275/2472/2126
f 2275/2472/2126 2061/2477/1 2281/2478/2131
f 2275/2472/2126 2281/2478/2131 2282/2473/2127
f 2282/2473/2127 2281/2478/2131 2288/2479/2132
f 2282/2473/2127 2288/2479/2132 2289/2474/2128
f 2289/2474/2128 2288/2479/2132 2302/2480/2133
f 2289/2474/2128 2302/2480/2133 2301/2475/2129
f 2301/2475/2129 2302/2480/2133 2296/2481/2134
f 2301/2475/2129 2296/2481/2134 2297/2476/2130
f 2297/2476/2130 2296/2481/2134 2309/2482/2135
f 2297/2476/2130 2309/2482/2135 2310/2354/2022
f 2310/2354/2022 2309/2482/2135 2316/2356/2024
f 2061/2477/1 2062/2483/1 2281/2478/2131
f 2281/2478/2131 2062/2483/1 2287/2484/2136
f 2281/2478/2131 2287/2484/2136 2288/2479/2132
f 2288/2479/2132 2287/2484/2136 2303/2485/2137
f 2288/2479/2132 2303/2485/2137 2302/2480/2133
f 2302/2480/2133 2303/2485/2137 2295/2486/2138
f 2302/2480/2133 2295/2486/2138 2296/2481/2134
f 2296/2481/2134 2295/2486/2138 2308/2487/2139
f 2296/2481/2134 2308/2487/2139 2309/2482/2135
f 2309/2482/2135 2308/2487/2139 2315/2488/2140
f 2309/2482/2135 2315/2488/2140 2316/2356/2024
f 2316/2356/2024 2315/2488/2140 2322/2358/2026
f 2062/2483/1 2063/2489/1 2287/2484/2136
f 2287/2484/2136 2063/2489/1 2304/2490/2141
f 2287/2484/2136 2304/2490/2141 2303/2485/2137
f 2303/2485/2137 2304/2490/2141 2294/2491/2142
f 2303/2485/2137 2294/2491/2142 2295/2486/2138
f 2295/2486/2138 2294/2491/2142 2307/2492/2143
f 2295/2486/2138 2307/2492/2143 2308/2487/2139
f 2308/2487/2139 2307/2492/2143 2314/2493/2144
f 2308/2487/2139 2314/2493/2144 2315/2488/2140
f 2315/2488/2140 2314/2493/2144 2321/2494/2145
f 2315/2488/2140 2321/2494/2145 2322/2358/2026
f 2322/2358/2026 2321/2494/2145 2327/2495/2146
f 2322/2358/2026 2327/2495/2146 2328/2360/2028
f 2328/2360/2028 2327/2495/2146 2333/2496/6
f 2328/2360/2028 2333/2496/6 2334/2362/2030
f 2334/2362/2030 2333/2496/6 2340/2365/2032
f 2304/2490/2141 2063/2489/1 2293/2497/2147
f 2293/2497/2147 2063/2489/1 2064/2498/1
f 2293/2497/2147 2064/2498/1 2305/2499/2148
f 2305/2499/2148 2064/2498/1 2065/2500/1
f 2305/2499/2148 2065/2500/1 2311/2501/2149
f 2311/2501/2149 2065/2500/1 2066/2502/1
f 2311/2501/2149 2066/2502/1 2317/2503/2150
f 2317/2503/2150 2066/2502/1 2067/2504/1
f 2317/2503/2150 2067/2504/1 2323/2505/2151
f 2323/2505/2151 2067/2504/1 2068/2506/1
f 2323/2505/2151 2068/2506/1 2329/2507/2152
f 2329/2507/2152 2068/2506/1 2069/2508/1
f 2329/2507/2152 2069/2508/1 2335/2509/2153
f 2335/2509/2153 2069/2508/1 2070/2510/1
f 2335/2509/2153 2070/2510/1 2341/2511/2154
f 2341/2511/2154 2070/2510/1 2071/2512/1
f 2341/2511/2154 2071/2512/1 2347/2513/2155
f 2347/2513/2155 2071/2512/1 2072/2514/1
f 2347/2513/2155 2072/2514/1 2353/2515/2156
f 2353/2515/2156 2072/2514/1 2073/2516/1
f 2353/2515/2156 2073/2516/1 2359/2517/2157
f 2359/2517/2157 2073/2516/1 2074/2518/1
f 2359/2517/2157 2074/2518/1 2376/2519/2158
f 2376/2519/2158 2074/2518/1 2365/2520/2159
f 2376/2519/2158 2365/2520/2159 2366/2521/2160
f 2366/2521/2160 2365/2520/2159 2378/2522/2161
f 2366/2521/2160 2378/2522/2161 2379/2523/2162
f 2379/2523/2162 2378/2522/2161 2385/2524/2163
f 2379/2523/2162 2385/2524/2163 2386/2525/2164
f 2386/2525/2164 2385/2524/2163 2392/2526/2165
f 2386/2525/2164 2392/2526/2165 2393/2527/2166
f 2393/2527/2166 2392/2526/2165 2399/2528/2167
f 2393/2527/2166 2399/2528/2167 2400/2385/2052
f 2400/2385/2052 2399/2528/2167 2406/2387/2054
f 2074/2518/1 2075/2529/1 2365/2520/2159
f 2365/2520/2159 2075/2529/1 2377/2530/2168
f 2365/2520/2159 2377/2530/2168 2378/2522/2161
f 2378/2522/2161 2377/2530/2168 2384/2531/2169
f 2378/2522/2161 2384/2531/2169 2385/2524/2163
f 2385/2524/2163 2384/2531/2169 2391/2532/2170
f 2385/2524/2163 2391/2532/2170 2392/2526/2165
f 2392/2526/2165 2391/2532/2170 2398/2533/2171
f 2392/2526/2165 2398/2533/2171 2399/2528/2167
f 2399/2528/2167 2398/2533/2171 2405/2534/2172
f 2399/2528/2167 2405/2534/2172 2406/2387/2054
f 2406/2387/2054 2405/2534/2172 2412/2389/2056
f 2075/2529/1 2076/2535/1 2377/2530/2168
f 2377/2530/2168 2076/2535/1 2383/2536/2173
f 2377/2530/2168 2383/2536/2173 2384/2531/2169
f 2384/2531/2169 2383/2536/2173 2390/2537/2174
f 2384/2531/2169 2390/2537/2174 2391/2532/2170
f 2391/2532/2170 2390/2537/2174 2397/2538/2175
f 2391/2532/2170 2397/2538/2175 2398/2533/2171
f 2398/2533/2171 2397/2538/2175 2404/2539/2176
f 2398/2533/2171 2404/2539/2176 2405/2534/2172
f 2405/2534/2172 2404/2539/2176 2411/2540/2177
f 2405/2534/2172 2411/2540/2177 2412/2389/2056
f 2412/2389/2056 2411/2540/2177 2418/2391/2058
f 2076/2535/1 2077/2541/1 2383/2536/2173
f 2383/2536/2173 2077/2541/1 2389/2542/2178
f 2383/2536/2173 2389/2542/2178 2390/2537/2174
f 2390/2537/2174 2389/2542/2178 2396/2543/2179
f 2390/2537/2174 2396/2543/2179 2397/2538/2175
f 2397/2538/2175 2396/2543/2179 2403/2544/2180
f 2397/2538/2175 2403/2544/2180 2404/2539/2176
f 2404/2539/2176 2403/2544/2180 2410/2545/2181
f 2404/2539/2176 2410/2545/2181 2411/2540/2177
f 2411/2540/2177 2410/2545/2181 2417/2546/2182
f 2411/2540/2177 2417/2546/2182 2418/2391/2058
f 2418/2391/2058 2417/2546/2182 2154/2393/2060
f 2077/2541/1 2078/2547/1 2389/2542/2178
f 2389/2542/2178 2078/2547/1 2395/2548/2183
f 2389/2542/2178 2395/2548/2183 2396/2543/2179
f 2396/2543/2179 2395/2548/2183 2402/2549/2184
f 2396/2543/2179 2402/2549/2184 2403/2544/2180
f 2403/2544/2180 2402/2549/2184 2409/2550/2185
f 2403/2544/2180 2409/2550/2185 2410/2545/2181
f 2410/2545/2181 2409/2550/2185 2416/2551/2186
f 2410/2545/2181 2416/2551/2186 2417/2546/2182
f 2417/2546/2182 2416/2551/2186 2153/2552/2187
f 2417/2546/2182 2153/2552/2187 2154/2393/2060
f 2154/2396/2060 2153/2553/2187 2424/2397/2062
f 2078/2547/1 2079/2554/1 2395/2548/2183
f 2395/2548/2183 2079/2554/1 2401/2555/2188
f 2395/2548/2183 2401/2555/2188 2402/2549/2184
f 2402/2549/2184 2401/2555/2188 2408/2556/2189
f 2402/2549/2184 2408/2556/2189 2409/2550/2185
f 2409/2550/2185 2408/2556/2189 2415/2557/2190
f 2409/2550/2185 2415/2557/2190 2416/2551/2186
f 2416/2551/2186 2415/2557/2190 2152/2558/2191
f 2416/2551/2186 2152/2558/2191 2153/2552/2187
f 2153/2553/2187 2152/2559/2191 2423/2560/2192
f 2153/2553/2187 2423/2560/2192 2424/2397/2062
f 2424/2397/2062 2423/2560/2192 2430/2399/2064
f 2079/2554/1 2080/2561/1 2401/2555/2188
f 2401/2555/2188 2080/2561/1 2407/2562/2193
f 2401/2555/2188 2407/2562/2193 2408/2556/2189
f 2408/2556/2189 2407/2562/2193 2414/2563/2194
f 2408/2556/2189 2414/2563/2194 2415/2557/2190
f 2415/2557/2190 2414/2563/2194 2151/2564/942
f 2415/2557/2190 2151/2564/942 2152/2558/2191
f 2152/2559/2191 2151/2565/942 2422/2566/2195
f 2152/2559/2191 2422/2566/2195 2423/2560/2192
f 2423/2560/2192 2422/2566/2195 2429/2567/2196
f 2423/2560/2192 2429/2567/2196 2430/2399/2064
f 2430/2399/2064 2429/2567/2196 2437/2401/2066
f 2080/2561/1 2081/2568/1 2407/2562/2193
f 2407/2562/2193 2081/2568/1 2413/2569/2197
f 2407/2562/2193 2413/2569/2197 2414/2563/2194
f 2414/2563/2194 2413/2569/2197 2150/2570/2198
f 2414/2563/2194 2150/2570/2198 2151/2564/942
f 2151/2565/942 2150/2571/2198 2421/2572/2199
f 2151/2565/942 2421/2572/2199 2422/2566/2195
f 2422/2566/2195 2421/2572/2199 2428/2573/2200
f 2422/2566/2195 2428/2573/2200 2429/2567/2196
f 2429/2567/2196 2428/2573/2200 2438/2574/2201
f 2429/2567/2196 2438/2574/2201 2437/2401/2066
f 2437/2401/2066 2438/2574/2201 2436/2403/2068
f 2081/2568/1 2082/2575/1 2413/2569/2197
f 2413/2569/2197 2082/2575/1 2149/2576/2202
f 2413/2569/2197 2149/2576/2202 2150/2570/2198
f 2150/2571/2198 2149/2577/2202 2420/2578/2203
f 2150/2571/2198 2420/2578/2203 2421/2572/2199
f 2421/2572/2199 2420/2578/2203 2427/2579/2204
f 2421/2572/2199 2427/2579/2204 2428/2573/2200
f 2428/2573/2200 2427/2579/2204 2439/2580/2205
f 2428/2573/2200 2439/2580/2205 2438/2574/2201
f 2438/2574/2201 2439/2580/2205 2435/2581/2206
f 2438/2574/2201 2435/2581/2206 2436/2403/2068
f 2436/2403/2068 2435/2581/2206 2448/2405/2070
f 2082/2582/1 2083/2583/1 2149/2577/2202
f 2149/2577/2202 2083/2583/1 2419/2584/2207
f 2149/2577/2202 2419/2584/2207 2420/2578/2203
f 2420/2578/2203 2419/2584/2207 2426/2585/2208
f 2420/2578/2203 2426/2585/2208 2427/2579/2204
f 2427/2579/2204 2426/2585/2208 2440/2586/2209
f 2427/2579/2204 2440/2586/2209 2439/2580/2205
f 2439/2580/2205 2440/2586/2209 2434/2587/2210
f 2439/2580/2205 2434/2587/2210 2435/2581/2206
f 2435/2581/2206 2434/2587/2210 2447/2588/2211
f 2435/2581/2206 2447/2588/2211 2448/2405/2070
f 2448/2405/2070 2447/2588/2211 2454/2407/2072
f 2083/2583/1 2084/2589/1 2419/2584/2207
f 2419/2584/2207 2084/2589/1 2425/2590/2212
f 2419/2584/2207 2425/2590/2212 2426/2585/2208
f 2426/2585/2208 2425/2590/2212 2441/2591/2213
f 2426/2585/2208 2441/2591/2213 2440/2586/2209
f 2440/2586/2209 2441/2591/2213 2433/2592/2214
f 2440/2586/2209 2433/2592/2214 2434/2587/2210
f 2434/2587/2210 2433/2592/2214 2446/2593/2215
f 2434/2587/2210 2446/2593/2215 2447/2588/2211
f 2447/2588/2211 2446/2593/2215 2453/2594/2216
f 2447/2588/2211 2453/2594/2216 2454/2407/2072
f 2454/2407/2072 2453/2594/2216 2460/2409/2074
f 2084/2589/1 2085/2595/1 2425/2590/2212
f 2425/2590/2212 2085/2595/1 2442/2596/2217
f 2425/2590/2212 2442/2596/2217 2441/2591/2213
f 2441/2591/2213 2442/2596/2217 2432/2597/2218
f 2441/2591/2213 2432/2597/2218 2433/2592/2214
f 2433/2592/2214 2432/2597/2218 2445/2598/2219
f 2433/2592/2214 2445/2598/2219 2446/2593/2215
f 2446/2593/2215 2445/2598/2219 2452/2599/2220
f 2446/2593/2215 2452/2599/2220 2453/2594/2216
f 2453/2594/2216 2452/2599/2220 2459/2600/2221
f 2453/2594/2216 2459/2600/2221 2460/2409/2074
f 2460/2409/2074 2459/2600/2221 2466/2411/2076
f 2442/2596/2217 2085/2595/1 2431/2601/2222
f 2431/2601/2222 2085/2595/1 2086/2602/1
f 2431/2601/2222 2086/2602/1 2443/2603/2223
f 2443/2603/2223 2086/2602/1 2087/2604/1
f 2443/2603/2223 2087/2604/1 2449/2605/2224
f 2449/2605/2224 2087/2604/1 2088/2606/1
f 2449/2605/2224 2088/2606/1 2455/2607/2225
f 2455/2607/2225 2088/2606/1 2089/2608/1
f 2455/2607/2225 2089/2608/1 2461/2609/2226
f 2461/2609/2226 2089/2608/1 2090/2610/1
f 2461/2609/2226 2090/2610/1 2467/2425/2089
f 2467/2425/2089 2090/2610/1 2091/2427/1
f 2473/2426/2090 2092/2428/1 2478/2611/2227
f 2478/2611/2227 2092/2428/1 2093/2612/1
f 2478/2611/2227 2093/2612/1 2483/2613/2228
f 2483/2613/2228 2093/2612/1 2094/2614/1
f 2483/2613/2228 2094/2614/1 2488/2615/2229
f 2488/2615/2229 2094/2614/1 2095/2616/1
f 2488/2615/2229 2095/2616/1 2493/2295/1976
f 2493/2295/1976 2095/2616/1 2041/2293/1
f 2148/2617/2230 2096/2618/2231 2190/2619/2232
f 2190/2619/2232 2096/2618/2231 2097/2620/2233
f 2190/2619/2232 2097/2620/2233 1884/2621/1834
f 1913/2622/1836 2184/2623/2234 1884/2621/1834
f 1884/2621/1834 2184/2623/2234 2189/2624/2235
f 1884/2621/1834 2189/2624/2235 2190/2619/2232
f 2190/2619/2232 2189/2624/2235 2196/2625/2236
f 2190/2619/2232 2196/2625/2236 2148/2617/2230
f 2148/2617/2230 2196/2625/2236 2147/2626/2237
f 2147/2626/2237 2196/2625/2236 2202/2627/2238
f 2147/2626/2237 2202/2627/2238 2146/2628/2239
f 2146/2628/2239 2202/2627/2238 2208/2629/2240
f 2146/2628/2239 2208/2629/2240 2145/2630/2241
f 2145/2630/2241 2208/2629/2240 2214/2631/2242
f 2145/2630/2241 2214/2631/2242 2144/2632/2243
f 2144/2632/2243 2214/2631/2242 2220/2633/2244
f 2144/2632/2243 2220/2633/2244 2143/2634/2245
f 2143/2634/2245 2220/2633/2244 2227/2635/2246
f 2143/2634/2245 2227/2635/2246 2142/2636/2247
f 2142/2636/2247 2227/2635/2246 2226/2637/2248
f 2142/2636/2247 2226/2637/2248 2141/2638/2249
f 2141/2638/2249 2226/2637/2248 2238/2639/2250
f 2141/2638/2249 2238/2639/2250 2140/2640/2251
f 2140/2640/2251 2238/2639/2250 2244/2641/2252
f 2140/2640/2251 2244/2641/2252 2139/2642/2253
f 2139/2642/2253 2244/2641/2252 2250/2643/2254
f 2139/2642/2253 2250/2643/2254 2138/2644/2255
f 2138/2644/2255 2250/2643/2254 2256/2336/2004
f 2138/2644/2255 2256/2336/2004 2137/2338/2006
f 1913/2622/1836 1912/2645/1838 2184/2623/2234
f 2184/2623/2234 1912/2645/1838 2179/2646/2256
f 2184/2623/2234 2179/2646/2256 2178/2647/2257
f 2178/2647/2257 2179/2646/2256 2173/2648/2258
f 2178/2647/2257 2173/2648/2258 2172/2649/2259
f 2172/2649/2259 2173/2648/2258 2167/2650/2260
f 2172/2649/2259 2167/2650/2260 2166/2651/2261
f 2166/2651/2261 2167/2650/2260 2156/2652/2262
f 2166/2651/2261 2156/2652/2262 2155/2292/1974
f 2155/2292/1974 2156/2652/2262 2164/2294/1975
f 1912/2645/1838 1911/2653/1840 2179/2646/2256
f 2179/2646/2256 1911/2653/1840 2174/2654/2263
f 2179/2646/2256 2174/2654/2263 2173/2648/2258
f 2173/2648/2258 2174/2654/2263 2168/2655/2264
f 2173/2648/2258 2168/2655/2264 2167/2650/2260
f 2167/2650/2260 2168/2655/2264 2157/2656/2265
f 2167/2650/2260 2157/2656/2265 2156/2652/2262
f 2156/2652/2262 2157/2656/2265 2163/2296/1977
f 2156/2652/2262 2163/2296/1977 2164/2294/1975
f 1911/2653/1840 1910/2657/1842 2174/2654/2263
f 2174/2654/2263 1910/2657/1842 2169/2658/2266
f 2174/2654/2263 2169/2658/2266 2168/2655/2264
f 2168/2655/2264 2169/2658/2266 2158/2659/2267
f 2168/2655/2264 2158/2659/2267 2157/2656/2265
f 2157/2656/2265 2158/2659/2267 2162/2298/1979
f 2157/2656/2265 2162/2298/1979 2163/2296/1977
f 1910/2657/1842 1909/2660/1844 2169/2658/2266
f 2169/2658/2266 1909/2660/1844 1908/2661/1846
f 2169/2658/2266 1908/2661/1846 2159/2662/2268
f 2159/2662/2268 1908/2661/1846 1907/2663/1847
f 2159/2662/2268 1907/2663/1847 2160/2302/1983
f 2160/2302/1983 1907/2663/1847 1906/2664/1849
f 2160/2302/1983 1906/2664/1849 1971/2304/1942
f 2497/2303/1984 1970/2305/1939 2492/2665/2269
f 2492/2665/2269 1970/2305/1939 1969/2666/1931
f 2492/2665/2269 1969/2666/1931 1968/2667/1929
f 2492/2665/2269 1968/2667/1929 2487/2668/2270
f 2487/2668/2270 1968/2667/1929 1967/2669/1913
f 2487/2668/2270 1967/2669/1913 2482/2670/2271
f 2482/2670/2271 1967/2669/1913 1966/2671/1912
f 2482/2670/2271 1966/2671/1912 2477/2418/2082
f 2477/2418/2082 1966/2671/1912 1965/2672/1927
f 2477/2418/2082 1965/2672/1927 1964/2416/1926
f 2161/2300/1981 2162/2298/1979 2158/2659/2267
f 2160/2302/1983 2161/2300/1981 2159/2662/2268
f 2159/2662/2268 2161/2300/1981 2158/2659/2267
f 2159/2662/2268 2158/2659/2267 2169/2658/2266
f 2155/2292/1974 2165/2306/1985 2166/2651/2261
f 2166/2651/2261 2165/2306/1985 2171/2673/2272
f 2166/2651/2261 2171/2673/2272 2172/2649/2259
f 2172/2649/2259 2171/2673/2272 2177/2674/2273
f 2172/2649/2259 2177/2674/2273 2178/2647/2257
f 2178/2647/2257 2177/2674/2273 2183/2675/2274
f 2178/2647/2257 2183/2675/2274 2184/2623/2234
f 2184/2623/2234 2183/2675/2274 2189/2624/2235
f 2165/2306/1985 2170/2308/1986 2171/2673/2272
f 2171/2673/2272 2170/2308/1986 2176/2676/2275
f 2171/2673/2272 2176/2676/2275 2177/2674/2273
f 2177/2674/2273 2176/2676/2275 2182/2677/2276
f 2177/2674/2273 2182/2677/2276 2183/2675/2274
f 2183/2675/2274 2182/2677/2276 2188/2678/2277
f 2183/2675/2274 2188/2678/2277 2189/2624/2235
f 2189/2624/2235 2188/2678/2277 2195/2679/2278
f 2189/2624/2235 2195/2679/2278 2196/2625/2236
f 2196/2625/2236 2195/2679/2278 2202/2627/2238
f 2170/2308/1986 2175/2310/1987 2176/2676/2275
f 2176/2676/2275 2175/2310/1987 2181/2680/2279
f 2176/2676/2275 2181/2680/2279 2182/2677/2276
f 2182/2677/2276 2181/2680/2279 2187/2681/2280
f 2182/2677/2276 2187/2681/2280 2188/2678/2277
f 2188/2678/2277 2187/2681/2280 2194/2682/2281
f 2188/2678/2277 2194/2682/2281 2195/2679/2278
f 2195/2679/2278 2194/2682/2281 2201/2683/2282
f 2195/2679/2278 2201/2683/2282 2202/2627/2238
f 2202/2627/2238 2201/2683/2282 2208/2629/2240
f 2175/2310/1987 2180/2312/1988 2181/2680/2279
f 2181/2680/2279 2180/2312/1988 2186/2684/2283
f 2181/2680/2279 2186/2684/2283 2187/2681/2280
f 2187/2681/2280 2186/2684/2283 2193/2685/2284
f 2187/2681/2280 2193/2685/2284 2194/2682/2281
f 2194/2682/2281 2193/2685/2284 2200/2686/2285
f 2194/2682/2281 2200/2686/2285 2201/2683/2282
f 2201/2683/2282 2200/2686/2285 2207/2687/2286
f 2201/2683/2282 2207/2687/2286 2208/2629/2240
f 2208/2629/2240 2207/2687/2286 2214/2631/2242
f 2180/2312/1988 2185/2314/1989 2186/2684/2283
f 2186/2684/2283 2185/2314/1989 2192/2688/2287
f 2186/2684/2283 2192/2688/2287 2193/2685/2284
f 2193/2685/2284 2192/2688/2287 2199/2689/2288
f 2193/2685/2284 2199/2689/2288 2200/2686/2285
f 2200/2686/2285 2199/2689/2288 2206/2690/2289
f 2200/2686/2285 2206/2690/2289 2207/2687/2286
f 2207/2687/2286 2206/2690/2289 2213/2691/2290
f 2207/2687/2286 2213/2691/2290 2214/2631/2242
f 2214/2631/2242 2213/2691/2290 2220/2633/2244
f 2185/2314/1989 2191/2316/1990 2192/2688/2287
f 2192/2688/2287 2191/2316/1990 2198/2692/2291
f 2192/2688/2287 2198/2692/2291 2199/2689/2288
f 2199/2689/2288 2198/2692/2291 2205/2693/2292
f 2199/2689/2288 2205/2693/2292 2206/2690/2289
f 2206/2690/2289 2205/2693/2292 2212/2694/2293
f 2206/2690/2289 2212/2694/2293 2213/2691/2290
f 2213/2691/2290 2212/2694/2293 2219/2695/2294
f 2213/2691/2290 2219/2695/2294 2220/2633/2244
f 2220/2633/2244 2219/2695/2294 2227/2635/2246
f 2191/2316/1990 2197/2318/1991 2198/2692/2291
f 2198/2692/2291 2197/2318/1991 2204/2696/2295
f 2198/2692/2291 2204/2696/2295 2205/2693/2292
f 2205/2693/2292 2204/2696/2295 2211/2697/2296
f 2205/2693/2292 2211/2697/2296 2212/2694/2293
f 2212/2694/2293 2211/2697/2296 2218/2698/2297
f 2212/2694/2293 2218/2698/2297 2219/2695/2294
f 2219/2695/2294 2218/2698/2297 2228/2699/2298
f 2219/2695/2294 2228/2699/2298 2227/2635/2246
f 2227/2635/2246 2228/2699/2298 2226/2637/2248
f 2197/2318/1991 2203/2320/1992 2204/2696/2295
f 2204/2696/2295 2203/2320/1992 2210/2700/2299
f 2204/2696/2295 2210/2700/2299 2211/2697/2296
f 2211/2697/2296 2210/2700/2299 2217/2701/2300
f 2211/2697/2296 2217/2701/2300 2218/2698/2297
f 2218/2698/2297 2217/2701/2300 2229/2702/2301
f 2218/2698/2297 2229/2702/2301 2228/2699/2298
f 2228/2699/2298 2229/2702/2301 2225/2703/2302
f 2228/2699/2298 2225/2703/2302 2226/2637/2248
f 2226/2637/2248 2225/2703/2302 2238/2639/2250
f 2203/2320/1992 2209/2322/1993 2210/2700/2299
f 2210/2700/2299 2209/2322/1993 2216/2704/2303
f 2210/2700/2299 2216/2704/2303 2217/2701/2300
f 2217/2701/2300 2216/2704/2303 2230/2705/2304
f 2217/2701/2300 2230/2705/2304 2229/2702/2301
f 2229/2702/2301 2230/2705/2304 2224/2706/2305
f 2229/2702/2301 2224/2706/2305 2225/2703/2302
f 2225/2703/2302 2224/2706/2305 2237/2707/2306
f 2225/2703/2302 2237/2707/2306 2238/2639/2250
f 2238/2639/2250 2237/2707/2306 2244/2641/2252
f 2209/2322/1993 2215/2324/1994 2216/2704/2303
f 2216/2704/2303 2215/2324/1994 2231/2708/2307
f 2216/2704/2303 2231/2708/2307 2230/2705/2304
f 2230/2705/2304 2231/2708/2307 2223/2709/2308
f 2230/2705/2304 2223/2709/2308 2224/2706/2305
f 2224/2706/2305 2223/2709/2308 2236/2710/2309
f 2224/2706/2305 2236/2710/2309 2237/2707/2306
f 2237/2707/2306 2236/2710/2309 2243/2711/2310
f 2237/2707/2306 2243/2711/2310 2244/2641/2252
f 2244/2641/2252 2243/2711/2310 2250/2643/2254
f 2232/2326/1995 2222/2328/1997 2231/2708/2307
f 2231/2708/2307 2222/2328/1997 2223/2709/2308
f 2236/2710/2309 2223/2709/2308 2235/2330/1999
f 2235/2330/1999 2223/2709/2308 2222/2328/1997
f 2215/2324/1994 2232/2326/1995 2231/2708/2307
f 2243/2711/2310 2236/2710/2309 2242/2332/2000
f 2242/2332/2000 2236/2710/2309 2235/2330/1999
f 2250/2643/2254 2243/2711/2310 2249/2334/2002
f 2249/2334/2002 2243/2711/2310 2242/2332/2000
f 2256/2336/2004 2250/2643/2254 2249/2334/2002
f 2304/2490/2141 2293/2497/2147 2294/2491/2142
f 2294/2491/2142 2293/2497/2147 2306/2712/2311
f 2294/2491/2142 2306/2712/2311 2307/2492/2143
f 2307/2492/2143 2306/2712/2311 2313/2713/2312
f 2307/2492/2143 2313/2713/2312 2314/2493/2144
f 2314/2493/2144 2313/2713/2312 2320/2714/2313
f 2314/2493/2144 2320/2714/2313 2321/2494/2145
f 2321/2494/2145 2320/2714/2313 2326/2715/2314
f 2321/2494/2145 2326/2715/2314 2327/2495/2146
f 2327/2495/2146 2326/2715/2314 2332/2716/2315
f 2327/2495/2146 2332/2716/2315 2333/2496/6
f 2333/2496/6 2332/2716/2315 2339/2717/2316
f 2333/2496/6 2339/2717/2316 2340/2365/2032
f 2340/2365/2032 2339/2717/2316 2346/2367/2034
f 2293/2497/2147 2305/2499/2148 2306/2712/2311
f 2306/2712/2311 2305/2499/2148 2312/2718/2317
f 2306/2712/2311 2312/2718/2317 2313/2713/2312
f 2313/2713/2312 2312/2718/2317 2319/2719/2318
f 2313/2713/2312 2319/2719/2318 2320/2714/2313
f 2320/2714/2313 2319/2719/2318 2325/2720/2319
f 2320/2714/2313 2325/2720/2319 2326/2715/2314
f 2326/2715/2314 2325/2720/2319 2331/2721/4
f 2326/2715/2314 2331/2721/4 2332/2716/2315
f 2332/2716/2315 2331/2721/4 2338/2722/2320
f 2332/2716/2315 2338/2722/2320 2339/2717/2316
f 2339/2717/2316 2338/2722/2320 2345/2723/2321
f 2339/2717/2316 2345/2723/2321 2346/2367/2034
f 2346/2367/2034 2345/2723/2321 2352/2369/2036
f 2305/2499/2148 2311/2501/2149 2312/2718/2317
f 2312/2718/2317 2311/2501/2149 2318/2724/2322
f 2312/2718/2317 2318/2724/2322 2319/2719/2318
f 2319/2719/2318 2318/2724/2322 2324/2725/2323
f 2319/2719/2318 2324/2725/2323 2325/2720/2319
f 2325/2720/2319 2324/2725/2323 2330/2726/3
f 2325/2720/2319 2330/2726/3 2331/2721/4
f 2331/2721/4 2330/2726/3 2337/2727/2324
f 2331/2721/4 2337/2727/2324 2338/2722/2320
f 2338/2722/2320 2337/2727/2324 2344/2728/2325
f 2338/2722/2320 2344/2728/2325 2345/2723/2321
f 2345/2723/2321 2344/2728/2325 2351/2729/2326
f 2345/2723/2321 2351/2729/2326 2352/2369/2036
f 2352/2369/2036 2351/2729/2326 2358/2371/2038
f 2311/2501/2149 2317/2503/2150 2318/2724/2322
f 2318/2724/2322 2317/2503/2150 2323/2505/2151
f 2318/2724/2322 2323/2505/2151 2324/2725/2323
f 2324/2725/2323 2323/2505/2151 2329/2507/2152
f 2324/2725/2323 2329/2507/2152 2330/2726/3
f 2330/2726/3 2329/2507/2152 2336/2730/2327
f 2330/2726/3 2336/2730/2327 2337/2727/2324
f 2337/2727/2324 2336/2730/2327 2343/2731/2328
f 2337/2727/2324 2343/2731/2328 2344/2728/2325
f 2344/2728/2325 2343/2731/2328 2350/2732/2329
f 2344/2728/2325 2350/2732/2329 2351/2729/2326
f 2351/2729/2326 2350/2732/2329 2357/2733/2330
f 2351/2729/2326 2357/2733/2330 2358/2371/2038
f 2358/2371/2038 2357/2733/2330 2364/2373/2040
f 2329/2507/2152 2335/2509/2153 2336/2730/2327
f 2336/2730/2327 2335/2509/2153 2342/2734/2331
f 2336/2730/2327 2342/2734/2331 2343/2731/2328
f 2343/2731/2328 2342/2734/2331 2349/2735/2332
f 2343/2731/2328 2349/2735/2332 2350/2732/2329
f 2350/2732/2329 2349/2735/2332 2356/2736/2333
f 2350/2732/2329 2356/2736/2333 2357/2733/2330
f 2357/2733/2330 2356/2736/2333 2363/2737/2334
f 2357/2733/2330 2363/2737/2334 2364/2373/2040
f 2364/2373/2040 2363/2737/2334 2371/2375/2042
f 2335/2509/2153 2341/2511/2154 2342/2734/2331
f 2342/2734/2331 2341/2511/2154 2348/2738/2335
f 2342/2734/2331 2348/2738/2335 2349/2735/2332
f 2349/2735/2332 2348/2738/2335 2355/2739/2336
f 2349/2735/2332 2355/2739/2336 2356/2736/2333
f 2356/2736/2333 2355/2739/2336 2362/2740/2337
f 2356/2736/2333 2362/2740/2337 2363/2737/2334
f 2363/2737/2334 2362/2740/2337 2372/2741/2338
f 2363/2737/2334 2372/2741/2338 2371/2375/2042
f 2371/2375/2042 2372/2741/2338 2370/2377/2044
f 2341/2511/2154 2347/2513/2155 2348/2738/2335
f 2348/2738/2335 2347/2513/2155 2354/2742/2339
f 2348/2738/2335 2354/2742/2339 2355/2739/2336
f 2355/2739/2336 2354/2742/2339 2361/2743/2340
f 2355/2739/2336 2361/2743/2340 2362/2740/2337
f 2362/2740/2337 2361/2743/2340 2373/2744/2341
f 2362/2740/2337 2373/2744/2341 2372/2741/2338
f 2372/2741/2338 2373/2744/2341 2369/2745/2342
f 2372/2741/2338 2369/2745/2342 2370/2377/2044
f 2370/2377/2044 2369/2745/2342 2382/2379/2046
f 2347/2513/2155 2353/2515/2156 2354/2742/2339
f 2354/2742/2339 2353/2515/2156 2360/2746/2343
f 2354/2742/2339 2360/2746/2343 2361/2743/2340
f 2361/2743/2340 2360/2746/2343 2374/2747/2344
f 2361/2743/2340 2374/2747/2344 2373/2744/2341
f 2373/2744/2341 2374/2747/2344 2368/2748/2345
f 2373/2744/2341 2368/2748/2345 2369/2745/2342
f 2369/2745/2342 2368/2748/2345 2381/2749/2346
f 2369/2745/2342 2381/2749/2346 2382/2379/2046
f 2382/2379/2046 2381/2749/2346 2388/2381/2048
f 2353/2515/2156 2359/2517/2157 2360/2746/2343
f 2360/2746/2343 2359/2517/2157 2375/2750/2347
f 2360/2746/2343 2375/2750/2347 2374/2747/2344
f 2374/2747/2344 2375/2750/2347 2367/2751/2348
f 2374/2747/2344 2367/2751/2348 2368/2748/2345
f 2368/2748/2345 2367/2751/2348 2380/2752/2349
f 2368/2748/2345 2380/2752/2349 2381/2749/2346
f 2381/2749/2346 2380/2752/2349 2387/2753/2350
f 2381/2749/2346 2387/2753/2350 2388/2381/2048
f 2388/2381/2048 2387/2753/2350 2394/2383/2050
f 2376/2519/2158 2366/2521/2160 2375/2750/2347
f 2375/2750/2347 2366/2521/2160 2367/2751/2348
f 2380/2752/2349 2367/2751/2348 2379/2523/2162
f 2379/2523/2162 2367/2751/2348 2366/2521/2160
f 2359/2517/2157 2376/2519/2158 2375/2750/2347
f 2387/2753/2350 2380/2752/2349 2386/2525/2164
f 2386/2525/2164 2380/2752/2349 2379/2523/2162
f 2394/2383/2050 2387/2753/2350 2393/2527/2166
f 2393/2527/2166 2387/2753/2350 2386/2525/2164
f 2400/2385/2052 2394/2383/2050 2393/2527/2166
f 2442/2596/2217 2431/2601/2222 2432/2597/2218
f 2432/2597/2218 2431/2601/2222 2444/2754/2351
f 2432/2597/2218 2444/2754/2351 2445/2598/2219
f 2445/2598/2219 2444/2754/2351 2451/2755/2352
f 2445/2598/2219 2451/2755/2352 2452/2599/2220
f 2452/2599/2220 2451/2755/2352 2458/2756/2353
f 2452/2599/2220 2458/2756/2353 2459/2600/2221
f 2459/2600/2221 2458/2756/2353 2465/2757/2354
f 2459/2600/2221 2465/2757/2354 2466/2411/2076
f 2466/2411/2076 2465/2757/2354 2472/2413/2078
f 2431/2601/2222 2443/2603/2223 2444/2754/2351
f 2444/2754/2351 2443/2603/2223 2450/2758/2355
f 2444/2754/2351 2450/2758/2355 2451/2755/2352
f 2451/2755/2352 2450/2758/2355 2457/2759/2356
f 2451/2755/2352 2457/2759/2356 2458/2756/2353
f 2458/2756/2353 2457/2759/2356 2464/2760/2357
f 2458/2756/2353 2464/2760/2357 2465/2757/2354
f 2465/2757/2354 2464/2760/2357 2471/2417/2081
f 2465/2757/2354 2471/2417/2081 2472/2413/2078
f 2443/2603/2223 2449/2605/2224 2450/2758/2355
f 2450/2758/2355 2449/2605/2224 2456/2761/2358
f 2450/2758/2355 2456/2761/2358 2457/2759/2356
f 2457/2759/2356 2456/2761/2358 2463/2762/2359
f 2457/2759/2356 2463/2762/2359 2464/2760/2357
f 2464/2760/2357 2463/2762/2359 2470/2419/2083
f 2464/2760/2357 2470/2419/2083 2471/2417/2081
f 2449/2605/2224 2455/2607/2225 2456/2761/2358
f 2456/2761/2358 2455/2607/2225 2462/2763/2360
f 2456/2761/2358 2462/2763/2360 2463/2762/2359
f 2463/2762/2359 2462/2763/2360 2469/2421/2085
f 2463/2762/2359 2469/2421/2085 2470/2419/2083
f 2455/2607/2225 2461/2609/2226 2462/2763/2360
f 2462/2763/2360 2461/2609/2226 2468/2423/2087
f 2462/2763/2360 2468/2423/2087 2469/2421/2085
f 2467/2425/2089 2468/2423/2087 2461/2609/2226
f 2474/2424/2088 2473/2426/2090 2479/2764/2361
f 2479/2764/2361 2473/2426/2090 2478/2611/2227
f 2479/2764/2361 2478/2611/2227 2484/2765/2362
f 2484/2765/2362 2478/2611/2227 2483/2613/2228
f 2484/2765/2362 2483/2613/2228 2489/2766/2363
f 2489/2766/2363 2483/2613/2228 2488/2615/2229
f 2489/2766/2363 2488/2615/2229 2494/2297/1978
f 2494/2297/1978 2488/2615/2229 2493/2295/1976
f 2475/2422/2086 2474/2424/2088 2480/2767/2364
f 2480/2767/2364 2474/2424/2088 2479/2764/2361
f 2480/2767/2364 2479/2764/2361 2485/2768/2365
f 2485/2768/2365 2479/2764/2361 2484/2765/2362
f 2485/2768/2365 2484/2765/2362 2490/2769/2366
f 2490/2769/2366 2484/2765/2362 2489/2766/2363
f 2490/2769/2366 2489/2766/2363 2495/2299/1980
f 2495/2299/1980 2489/2766/2363 2494/2297/1978
f 2482/2670/2271 2477/2418/2082 2476/2420/2084
f 2476/2420/2084 2475/2422/2086 2481/2770/2367
f 2481/2770/2367 2475/2422/2086 2480/2767/2364
f 2481/2770/2367 2480/2767/2364 2486/2771/2368
f 2486/2771/2368 2480/2767/2364 2485/2768/2365
f 2486/2771/2368 2485/2768/2365 2491/2772/2369
f 2491/2772/2369 2485/2768/2365 2490/2769/2366
f 2491/2772/2369 2490/2769/2366 2496/2301/1982
f 2496/2301/1982 2490/2769/2366 2495/2299/1980
f 2487/2668/2270 2482/2670/2271 2481/2770/2367
f 2481/2770/2367 2482/2670/2271 2476/2420/2084
f 2487/2668/2270 2481/2770/2367 2486/2771/2368
f 2492/2665/2269 2487/2668/2270 2486/2771/2368
f 2492/2665/2269 2486/2771/2368 2491/2772/2369
f 2497/2303/1984 2492/2665/2269 2491/2772/2369
f 2497/2303/1984 2491/2772/2369 2496/2301/1982
f 2099/2773/2079 2498/2774/2370 2100/2775/2077
f 2100/2775/2077 2498/2774/2370 2499/2776/2371
f 2100/2775/2077 2499/2776/2371 2101/2777/2075
f 2101/2777/2075 2499/2776/2371 2500/2778/2372
f 2101/2777/2075 2500/2778/2372 2102/2779/2073
f 2102/2779/2073 2500/2778/2372 2501/2780/2373
f 2102/2779/2073 2501/2780/2373 2103/2781/2071
f 2103/2781/2071 2501/2780/2373 2502/2782/2374
f 2103/2781/2071 2502/2782/2374 2104/2783/2069
f 2104/2783/2069 2502/2782/2374 2503/2784/2375
f 2104/2783/2069 2503/2784/2375 2105/2785/2067
f 2105/2785/2067 2503/2784/2375 2504/2786/2376
f 2105/2785/2067 2504/2786/2376 2106/2787/2065
f 2106/2787/2065 2504/2786/2376 2505/2788/2377
f 2106/2787/2065 2505/2788/2377 2107/2789/2063
f 2107/2789/2063 2505/2788/2377 2506/2790/2378
f 2107/2789/2063 2506/2790/2378 2108/2791/2061
f 2108/2791/2061 2506/2790/2378 2507/2792/2379
f 2108/2791/2061 2507/2792/2379 2109/2793/2059
f 2109/2793/2059 2507/2792/2379 2508/2794/2380
f 2109/2793/2059 2508/2794/2380 2110/2795/2057
f 2110/2795/2057 2508/2794/2380 2509/2796/2381
f 2110/2795/2057 2509/2796/2381 2111/2797/2055
f 2111/2797/2055 2509/2796/2381 2510/2798/2382
f 2111/2797/2055 2510/2798/2382 2112/2799/2053
f 2112/2799/2053 2510/2798/2382 2511/2800/2383
f 2112/2799/2053 2511/2800/2383 2113/2801/2051
f 2113/2801/2051 2511/2800/2383 2512/2802/2384
f 2113/2801/2051 2512/2802/2384 2114/2803/2049
f 2114/2803/2049 2512/2802/2384 2513/2804/2385
f 2114/2803/2049 2513/2804/2385 2115/2805/2047
f 2115/2805/2047 2513/2804/2385 2514/2806/2386
f 2115/2805/2047 2514/2806/2386 2116/2807/2045
f 2116/2807/2045 2514/2806/2386 2524/2808/2387
f 2116/2807/2045 2524/2808/2387 2525/2809/2388
f 2524/2808/2387 2514/2806/2386 2523/2810/2388
f 2523/2810/2388 2514/2806/2386 2515/2811/2389
f 2523/2810/2388 2515/2811/2389 2522/2812/2390
f 2522/2812/2390 2515/2811/2389 2521/2813/2391
f 2521/2813/2391 2515/2811/2389 2520/2814/2392
f 2520/2814/2392 2515/2811/2389 2519/2815/2393
f 2519/2815/2393 2515/2811/2389 2518/2816/2394
f 2518/2816/2394 2515/2811/2389 2517/2817/2395
f 2517/2817/2395 2515/2811/2389 2516/2818/2396
f 2525/2809/2388 2526/2819/2397 2116/2807/2045
f 2116/2807/2045 2526/2819/2397 2527/2820/2391
f 2116/2807/2045 2527/2820/2391 2528/2821/2392
f 2528/2821/2392 2529/2822/2398 2116/2807/2045
f 2116/2807/2045 2529/2822/2398 2117/2823/2043
f 2530/2824/2399 2531/2825/2400 2561/2826/2401
f 2561/2826/2401 2531/2825/2400 2570/2827/2402
f 2561/2826/2401 2570/2827/2402 2560/2828/2403
f 2560/2828/2403 2570/2827/2402 2579/2829/2404
f 2560/2828/2403 2579/2829/2404 2559/2830/2405
f 2559/2830/2405 2579/2829/2404 2588/2831/2406
f 2559/2830/2405 2588/2831/2406 2558/2832/2407
f 2558/2832/2407 2588/2831/2406 2597/2833/2408
f 2558/2832/2407 2597/2833/2408 2557/2834/2409
f 2557/2834/2409 2597/2833/2408 2606/2835/2410
f 2557/2834/2409 2606/2835/2410 2556/2836/2411
f 2556/2836/2411 2606/2835/2410 2555/2837/2412
f 2555/2837/2412 2606/2835/2410 2615/2838/2413
f 2555/2837/2412 2615/2838/2413 2554/2839/2414
f 2554/2839/2414 2615/2838/2413 2553/2840/2415
f 2553/2840/2415 2615/2838/2413 2614/2841/2416
f 2553/2840/2415 2614/2841/2416 2552/2842/2417
f 2552/2842/2417 2614/2841/2416 2613/2843/2418
f 2552/2842/2417 2613/2843/2418 2612/2844/2419
f 2612/2844/2419 2613/2843/2418 2603/2845/2420
f 2612/2844/2419 2603/2845/2420 2602/2846/2421
f 2602/2846/2421 2603/2845/2420 2593/2847/2422
f 2602/2846/2421 2593/2847/2422 2592/2848/2423
f 2592/2848/2423 2593/2847/2422 2583/2849/2424
f 2592/2848/2423 2583/2849/2424 2582/2850/2425
f 2582/2850/2425 2583/2849/2424 2573/2851/2426
f 2582/2850/2425 2573/2851/2426 2572/2852/2427
f 2572/2852/2427 2573/2851/2426 2563/2853/2428
f 2572/2852/2427 2563/2853/2428 2562/2854/2429
f 2562/2854/2429 2563/2853/2428 2537/2855/2430
f 2562/2854/2429 2537/2855/2430 2538/2856/2431
f 2531/2825/2400 2532/2857/2432 2570/2827/2402
f 2570/2827/2402 2532/2857/2432 2569/2858/2433
f 2570/2827/2402 2569/2858/2433 2579/2829/2404
f 2579/2829/2404 2569/2858/2433 2578/2859/2434
f 2579/2829/2404 2578/2859/2434 2588/2831/2406
f 2588/2831/2406 2578/2859/2434 2587/2860/2435
f 2588/2831/2406 2587/2860/2435 2597/2833/2408
f 2597/2833/2408 2587/2860/2435 2596/2861/2436
f 2597/2833/2408 2596/2861/2436 2606/2835/2410
f 2606/2835/2410 2596/2861/2436 2605/2862/2437
f 2606/2835/2410 2605/2862/2437 2615/2838/2413
f 2615/2838/2413 2605/2862/2437 2614/2841/2416
f 2532/2857/2432 2533/2863/2438 2569/2858/2433
f 2569/2858/2433 2533/2863/2438 2568/2864/2439
f 2569/2858/2433 2568/2864/2439 2578/2859/2434
f 2578/2859/2434 2568/2864/2439 2577/2865/2440
f 2578/2859/2434 2577/2865/2440 2587/2860/2435
f 2587/2860/2435 2577/2865/2440 2586/2866/2441
f 2587/2860/2435 2586/2866/2441 2596/2861/2436
f 2596/2861/2436 2586/2866/2441 2595/2867/2442
f 2596/2861/2436 2595/2867/2442 2605/2862/2437
f 2605/2862/2437 2595/2867/2442 2604/2868/2443
f 2605/2862/2437 2604/2868/2443 2614/2841/2416
f 2614/2841/2416 2604/2868/2443 2613/2843/2418
f 2568/2864/2439 2533/2863/2438 2567/2869/2444
f 2567/2869/2444 2533/2863/2438 2534/2870/2445
f 2567/2869/2444 2534/2870/2445 2566/2871/2446
f 2566/2871/2446 2534/2870/2445 2535/2872/2447
f 2566/2871/2446 2535/2872/2447 2565/2873/2448
f 2565/2873/2448 2535/2872/2447 2536/2874/2449
f 2565/2873/2448 2536/2874/2449 2564/2875/2450
f 2564/2875/2450 2536/2874/2449 2537/2855/2430
f 2564/2875/2450 2537/2855/2430 2563/2853/2428
f 2539/2876/16 2540/2877/16 2538/2856/2431
f 2538/2856/2431 2540/2877/16 2571/2878/2451
f 2538/2856/2431 2571/2878/2451 2562/2854/2429
f 2562/2854/2429 2571/2878/2451 2572/2852/2427
f 2540/2877/16 2541/2879/2452 2571/2878/2451
f 2571/2878/2451 2541/2879/2452 2580/2880/2453
f 2571/2878/2451 2580/2880/2453 2581/2881/2454
f 2581/2881/2454 2580/2880/2453 2590/2882/2455
f 2581/2881/2454 2590/2882/2455 2591/2883/2456
f 2591/2883/2456 2590/2882/2455 2600/2884/2457
f 2591/2883/2456 2600/2884/2457 2601/2885/2458
f 2601/2885/2458 2600/2884/2457 2610/2886/2459
f 2601/2885/2458 2610/2886/2459 2611/2887/2460
f 2611/2887/2460 2610/2886/2459 2550/2888/2461
f 2611/2887/2460 2550/2888/2461 2551/2889/2462
f 2541/2879/2452 2542/2890/16 2580/2880/2453
f 2580/2880/2453 2542/2890/16 2589/2891/2463
f 2580/2880/2453 2589/2891/2463 2590/2882/2455
f 2590/2882/2455 2589/2891/2463 2599/2892/2464
f 2590/2882/2455 2599/2892/2464 2600/2884/2457
f 2600/2884/2457 2599/2892/2464 2609/2893/2465
f 2600/2884/2457 2609/2893/2465 2610/2886/2459
f 2610/2886/2459 2609/2893/2465 2550/2888/2461
f 2542/2890/16 2543/2894/16 2589/2891/2463
f 2589/2891/2463 2543/2894/16 2544/2895/16
f 2589/2891/2463 2544/2895/16 2598/2896/2466
f 2598/2896/2466 2544/2895/16 2545/2897/16
f 2598/2896/2466 2545/2897/16 2607/2898/2467
f 2607/2898/2467 2545/2897/16 2546/2899/16
f 2607/2898/2467 2546/2899/16 2548/2900/2468
f 2548/2900/2468 2546/2899/16 2547/2901/2469
f 2607/2898/2467 2548/2900/2468 2608/2902/2470
f 2608/2902/2470 2548/2900/2468 2549/2903/2471
f 2608/2902/2470 2549/2903/2471 2609/2893/2465
f 2609/2893/2465 2549/2903/2471 2550/2888/2461
f 2611/2887/2460 2551/2889/2462 2612/2844/2419
f 2612/2844/2419 2551/2889/2462 2552/2842/2417
f 2563/2853/2428 2573/2851/2426 2564/2875/2450
f 2564/2875/2450 2573/2851/2426 2574/2904/2472
f 2564/2875/2450 2574/2904/2472 2565/2873/2448
f 2565/2873/2448 2574/2904/2472 2575/2905/2473
f 2565/2873/2448 2575/2905/2473 2566/2871/2446
f 2566/2871/2446 2575/2905/2473 2576/2906/2474
f 2566/2871/2446 2576/2906/2474 2567/2869/2444
f 2567/2869/2444 2576/2906/2474 2577/2865/2440
f 2567/2869/2444 2577/2865/2440 2568/2864/2439
f 2582/2850/2425 2572/2852/2427 2581/2881/2454
f 2581/2881/2454 2572/2852/2427 2571/2878/2451
f 2573/2851/2426 2583/2849/2424 2574/2904/2472
f 2574/2904/2472 2583/2849/2424 2584/2907/2475
f 2574/2904/2472 2584/2907/2475 2575/2905/2473
f 2575/2905/2473 2584/2907/2475 2585/2908/2476
f 2575/2905/2473 2585/2908/2476 2576/2906/2474
f 2576/2906/2474 2585/2908/2476 2586/2866/2441
f 2576/2906/2474 2586/2866/2441 2577/2865/2440
f 2592/2848/2423 2582/2850/2425 2591/2883/2456
f 2591/2883/2456 2582/2850/2425 2581/2881/2454
f 2583/2849/2424 2593/2847/2422 2584/2907/2475
f 2584/2907/2475 2593/2847/2422 2594/2909/2477
f 2584/2907/2475 2594/2909/2477 2585/2908/2476
f 2585/2908/2476 2594/2909/2477 2595/2867/2442
f 2585/2908/2476 2595/2867/2442 2586/2866/2441
f 2602/2846/2421 2592/2848/2423 2601/2885/2458
f 2601/2885/2458 2592/2848/2423 2591/2883/2456
f 2604/2868/2443 2595/2867/2442 2594/2909/2477
f 2604/2868/2443 2594/2909/2477 2603/2845/2420
f 2603/2845/2420 2594/2909/2477 2593/2847/2422
f 2589/2891/2463 2598/2896/2466 2599/2892/2464
f 2599/2892/2464 2598/2896/2466 2608/2902/2470
f 2599/2892/2464 2608/2902/2470 2609/2893/2465
f 2607/2898/2467 2608/2902/2470 2598/2896/2466
f 2612/2844/2419 2602/2846/2421 2611/2887/2460
f 2611/2887/2460 2602/2846/2421 2601/2885/2458
f 2613/2843/2418 2604/2868/2443 2603/2845/2420
f 2616/2910/16 2617/2911/2478 2639/2912/16
f 2639/2912/16 2617/2911/2478 2649/2913/2479
f 2639/2912/16 2649/2913/2479 2665/2914/2480
f 2665/2914/2480 2649/2913/2479 2648/2915/2481
f 2665/2914/2480 2648/2915/2481 2664/2916/2482
f 2664/2916/2482 2648/2915/2481 2647/2917/2483
f 2664/2916/2482 2647/2917/2483 2663/2918/2484
f 2663/2918/2484 2647/2917/2483 2646/2919/2485
f 2663/2918/2484 2646/2919/2485 2662/2920/2486
f 2662/2920/2486 2646/2919/2485 2645/2921/2487
f 2662/2920/2486 2645/2921/2487 2661/2922/2488
f 2661/2922/2488 2645/2921/2487 2644/2923/2489
f 2661/2922/2488 2644/2923/2489 2660/2924/2490
f 2660/2924/2490 2644/2923/2489 2643/2925/2491
f 2660/2924/2490 2643/2925/2491 2659/2926/2492
f 2659/2926/2492 2643/2925/2491 2642/2927/2493
f 2659/2926/2492 2642/2927/2493 2658/2928/2494
f 2658/2928/2494 2642/2927/2493 2641/2929/2495
f 2658/2928/2494 2641/2929/2495 2657/2930/2496
f 2657/2930/2496 2641/2929/2495 2627/2931/2497
f 2657/2930/2496 2627/2931/2497 2628/2932/2498
f 2617/2911/2478 2618/2933/2499 2649/2913/2479
f 2649/2913/2479 2618/2933/2499 2648/2915/2481
f 2648/2915/2481 2618/2933/2499 2656/2934/2500
f 2656/2934/2500 2618/2933/2499 2619/2935/2501
f 2656/2934/2500 2619/2935/2501 2647/2917/2483
f 2647/2917/2483 2619/2935/2501 2650/2936/2502
f 2647/2917/2483 2650/2936/2502 2646/2919/2485
f 2646/2919/2485 2650/2936/2502 2651/2937/2503
f 2646/2919/2485 2651/2937/2503 2645/2921/2487
f 2645/2921/2487 2651/2937/2503 2652/2938/2504
f 2645/2921/2487 2652/2938/2504 2644/2923/2489
f 2644/2923/2489 2652/2938/2504 2653/2939/2505
f 2644/2923/2489 2653/2939/2505 2643/2925/2491
f 2643/2925/2491 2653/2939/2505 2654/2940/2506
f 2643/2925/2491 2654/2940/2506 2642/2927/2493
f 2642/2927/2493 2654/2940/2506 2655/2941/2507
f 2642/2927/2493 2655/2941/2507 2641/2929/2495
f 2641/2929/2495 2655/2941/2507 2626/2942/2508
f 2641/2929/2495 2626/2942/2508 2627/2931/2497
f 2619/2935/2501 2620/2943/2509 2650/2936/2502
f 2650/2936/2502 2620/2943/2509 2651/2937/2503
f 2620/2943/2509 2621/2944/2510 2651/2937/2503
f 2651/2937/2503 2621/2944/2510 2652/2938/2504
f 2621/2944/2510 2622/2945/2511 2652/2938/2504
f 2652/2938/2504 2622/2945/2511 2653/2939/2505
f 2653/2939/2505 2622/2945/2511 2654/2940/2506
f 2654/2940/2506 2622/2945/2511 2623/2946/2512
f 2654/2940/2506 2623/2946/2512 2655/2941/2507
f 2655/2941/2507 2623/2946/2512 2624/2947/2513
f 2655/2941/2507 2624/2947/2513 2625/2948/2514
f 2625/2948/2514 2626/2942/2508 2655/2941/2507
f 2657/2930/2496 2628/2932/2498 2666/2949/2515
f 2666/2949/2515 2628/2932/2498 2629/2950/2516
f 2666/2949/2515 2629/2950/2516 2640/2951/2517
f 2640/2951/2517 2629/2950/2516 2630/2952/2518
f 2640/2951/2517 2630/2952/2518 2700/2953/2519
f 2700/2953/2519 2630/2952/2518 2683/2954/2520
f 2700/2953/2519 2683/2954/2520 2684/2955/2521
f 2684/2955/2521 2683/2954/2520 2702/2956/2522
f 2684/2955/2521 2702/2956/2522 2703/2957/2523
f 2703/2957/2523 2702/2956/2522 2712/2958/2524
f 2703/2957/2523 2712/2958/2524 2713/2959/2525
f 2713/2959/2525 2712/2958/2524 2552/2960/2417
f 2713/2959/2525 2552/2960/2417 2551/2961/2462
f 2630/2952/2518 2631/2962/2526 2683/2954/2520
f 2683/2954/2520 2631/2962/2526 2701/2963/2527
f 2683/2954/2520 2701/2963/2527 2702/2956/2522
f 2702/2956/2522 2701/2963/2527 2711/2964/2528
f 2702/2956/2522 2711/2964/2528 2712/2958/2524
f 2712/2958/2524 2711/2964/2528 2552/2960/2417
f 2631/2962/2526 2632/2965/2529 2701/2963/2527
f 2701/2963/2527 2632/2965/2529 2710/2966/2530
f 2701/2963/2527 2710/2966/2530 2711/2964/2528
f 2711/2964/2528 2710/2966/2530 2553/2967/2415
f 2711/2964/2528 2553/2967/2415 2552/2960/2417
f 2632/2965/2529 2554/2968/2414 2710/2966/2530
f 2710/2966/2530 2554/2968/2414 2553/2967/2415
f 2713/2959/2525 2551/2961/2462 2714/2969/2531
f 2714/2969/2531 2551/2961/2462 2550/2970/2461
f 2714/2969/2531 2550/2970/2461 2715/2971/2532
f 2715/2971/2532 2550/2970/2461 2716/2972/2533
f 2715/2971/2532 2716/2972/2533 2706/2973/2534
f 2706/2973/2534 2716/2972/2533 2707/2974/2535
f 2706/2973/2534 2707/2974/2535 2688/2975/2536
f 2688/2975/2536 2707/2974/2535 2689/2976/2537
f 2688/2975/2536 2689/2976/2537 2695/2977/2538
f 2695/2977/2538 2689/2976/2537 2694/2978/2539
f 2695/2977/2538 2694/2978/2539 2679/2979/2540
f 2679/2979/2540 2694/2978/2539 2680/2980/2541
f 2679/2979/2540 2680/2980/2541 2671/2981/2542
f 2671/2981/2542 2680/2980/2541 2672/2982/2543
f 2671/2981/2542 2672/2982/2543 2662/2920/2486
f 2662/2920/2486 2672/2982/2543 2663/2918/2484
f 2550/2970/2461 2549/2983/2471 2716/2972/2533
f 2716/2972/2533 2549/2983/2471 2717/2984/2544
f 2716/2972/2533 2717/2984/2544 2707/2974/2535
f 2707/2974/2535 2717/2984/2544 2708/2985/2545
f 2707/2974/2535 2708/2985/2545 2689/2976/2537
f 2689/2976/2537 2708/2985/2545 2690/2986/2546
f 2689/2976/2537 2690/2986/2546 2694/2978/2539
f 2694/2978/2539 2690/2986/2546 2693/2987/2547
f 2694/2978/2539 2693/2987/2547 2680/2980/2541
f 2680/2980/2541 2693/2987/2547 2681/2988/2548
f 2680/2980/2541 2681/2988/2548 2672/2982/2543
f 2672/2982/2543 2681/2988/2548 2673/2989/2549
f 2672/2982/2543 2673/2989/2549 2663/2918/2484
f 2663/2918/2484 2673/2989/2549 2664/2916/2482
f 2549/2983/2471 2548/2990/2468 2717/2984/2544
f 2717/2984/2544 2548/2990/2468 2718/2991/2550
f 2717/2984/2544 2718/2991/2550 2708/2985/2545
f 2708/2985/2545 2718/2991/2550 2709/2992/2551
f 2708/2985/2545 2709/2992/2551 2690/2986/2546
f 2690/2986/2546 2709/2992/2551 2691/2993/2552
f 2690/2986/2546 2691/2993/2552 2693/2987/2547
f 2693/2987/2547 2691/2993/2552 2692/2994/2553
f 2693/2987/2547 2692/2994/2553 2681/2988/2548
f 2681/2988/2548 2692/2994/2553 2682/2995/2554
f 2681/2988/2548 2682/2995/2554 2673/2989/2549
f 2673/2989/2549 2682/2995/2554 2674/2996/2555
f 2673/2989/2549 2674/2996/2555 2664/2916/2482
f 2664/2916/2482 2674/2996/2555 2665/2914/2480
f 2548/2990/2468 2547/2997/2469 2718/2991/2550
f 2718/2991/2550 2547/2997/2469 2633/2998/16
f 2718/2991/2550 2633/2998/16 2709/2992/2551
f 2709/2992/2551 2633/2998/16 2634/2999/16
f 2709/2992/2551 2634/2999/16 2691/2993/2552
f 2691/2993/2552 2634/2999/16 2635/3000/16
f 2691/2993/2552 2635/3000/16 2692/2994/2553
f 2692/2994/2553 2635/3000/16 2636/3001/16
f 2692/2994/2553 2636/3001/16 2682/2995/2554
f 2682/2995/2554 2636/3001/16 2637/3002/16
f 2682/2995/2554 2637/3002/16 2674/2996/2555
f 2674/2996/2555 2637/3002/16 2638/3003/16
f 2674/2996/2555 2638/3003/16 2665/2914/2480
f 2665/2914/2480 2638/3003/16 2639/2912/16
f 2647/2917/2483 2648/2915/2481 2656/2934/2500
f 2658/2928/2494 2657/2930/2496 2667/3004/2556
f 2667/3004/2556 2657/2930/2496 2666/2949/2515
f 2667/3004/2556 2666/2949/2515 2675/3005/2557
f 2675/3005/2557 2666/2949/2515 2640/2951/2517
f 2675/3005/2557 2640/2951/2517 2699/3006/2558
f 2699/3006/2558 2640/2951/2517 2700/2953/2519
f 2699/3006/2558 2700/2953/2519 2684/2955/2521
f 2659/2926/2492 2658/2928/2494 2668/3007/2559
f 2668/3007/2559 2658/2928/2494 2667/3004/2556
f 2668/3007/2559 2667/3004/2556 2676/3008/2560
f 2676/3008/2560 2667/3004/2556 2675/3005/2557
f 2676/3008/2560 2675/3005/2557 2698/3009/2561
f 2698/3009/2561 2675/3005/2557 2699/3006/2558
f 2698/3009/2561 2699/3006/2558 2685/3010/2562
f 2685/3010/2562 2699/3006/2558 2684/2955/2521
f 2685/3010/2562 2684/2955/2521 2703/2957/2523
f 2660/2924/2490 2659/2926/2492 2669/3011/2563
f 2669/3011/2563 2659/2926/2492 2668/3007/2559
f 2669/3011/2563 2668/3007/2559 2677/3012/2564
f 2677/3012/2564 2668/3007/2559 2676/3008/2560
f 2677/3012/2564 2676/3008/2560 2697/3013/2565
f 2697/3013/2565 2676/3008/2560 2698/3009/2561
f 2697/3013/2565 2698/3009/2561 2686/3014/2566
f 2686/3014/2566 2698/3009/2561 2685/3010/2562
f 2686/3014/2566 2685/3010/2562 2704/3015/2567
f 2704/3015/2567 2685/3010/2562 2703/2957/2523
f 2704/3015/2567 2703/2957/2523 2713/2959/2525
f 2671/2981/2542 2662/2920/2486 2661/2922/2488
f 2661/2922/2488 2660/2924/2490 2670/3016/2568
f 2670/3016/2568 2660/2924/2490 2669/3011/2563
f 2670/3016/2568 2669/3011/2563 2678/3017/2569
f 2678/3017/2569 2669/3011/2563 2677/3012/2564
f 2678/3017/2569 2677/3012/2564 2696/3018/2570
f 2696/3018/2570 2677/3012/2564 2697/3013/2565
f 2696/3018/2570 2697/3013/2565 2687/3019/2571
f 2687/3019/2571 2697/3013/2565 2686/3014/2566
f 2687/3019/2571 2686/3014/2566 2705/3020/2572
f 2705/3020/2572 2686/3014/2566 2704/3015/2567
f 2705/3020/2572 2704/3015/2567 2714/2969/2531
f 2714/2969/2531 2704/3015/2567 2713/2959/2525
f 2679/2979/2540 2671/2981/2542 2670/3016/2568
f 2670/3016/2568 2671/2981/2542 2661/2922/2488
f 2679/2979/2540 2670/3016/2568 2678/3017/2569
f 2695/2977/2538 2679/2979/2540 2678/3017/2569
f 2695/2977/2538 2678/3017/2569 2696/3018/2570
f 2695/2977/2538 2696/3018/2570 2688/2975/2536
f 2688/2975/2536 2696/3018/2570 2687/3019/2571
f 2688/2975/2536 2687/3019/2571 2706/2973/2534
f 2706/2973/2534 2687/3019/2571 2705/3020/2572
f 2706/2973/2534 2705/3020/2572 2715/2971/2532
f 2715/2971/2532 2705/3020/2572 2714/2969/2531
f 2720/2291/16 2812/2292/2573 2719/2293/16
f 2719/2293/16 2812/2292/2573 2823/3021/2574
f 2719/2293/16 2823/3021/2574 3160/2295/2575
f 3160/2295/2575 2823/3021/2574 2822/3022/2576
f 3160/2295/2575 2822/3022/2576 3161/2297/2577
f 3161/2297/2577 2822/3022/2576 2821/3023/2578
f 3161/2297/2577 2821/3023/2578 3162/2299/2579
f 3162/2299/2579 2821/3023/2578 2820/3024/2580
f 3162/2299/2579 2820/3024/2580 3163/2301/2581
f 3163/2301/2581 2820/3024/2580 2819/3025/2582
f 3163/2301/2581 2819/3025/2582 3164/2303/2583
f 3164/2303/2583 2819/3025/2582 2818/3026/2584
f 3164/2303/2583 2818/3026/2584 3165/3027/2585
f 3165/3027/2585 2818/3026/2584 2632/3028/2529
f 3165/3027/2585 2632/3028/2529 2631/3029/2526
f 2812/2292/2573 2720/2291/16 2824/2306/2586
f 2824/2306/2586 2720/2291/16 2721/2307/16
f 2824/2306/2586 2721/2307/16 2830/2308/2587
f 2830/2308/2587 2721/2307/16 2722/2309/16
f 2830/2308/2587 2722/2309/16 2836/2310/2588
f 2836/2310/2588 2722/2309/16 2723/2311/16
f 2836/2310/2588 2723/2311/16 2842/2312/2589
f 2842/2312/2589 2723/2311/16 2724/2313/16
f 2842/2312/2589 2724/2313/16 2848/2314/2590
f 2848/2314/2590 2724/2313/16 2725/2315/16
f 2848/2314/2590 2725/2315/16 2854/2316/2591
f 2854/2316/2591 2725/2315/16 2726/2317/16
f 2854/2316/2591 2726/2317/16 2860/2318/2592
f 2860/2318/2592 2726/2317/16 2727/2319/16
f 2860/2318/2592 2727/2319/16 2866/2320/2593
f 2866/2320/2593 2727/2319/16 2728/2321/16
f 2866/2320/2593 2728/2321/16 2872/2322/2594
f 2872/2322/2594 2728/2321/16 2729/2323/16
f 2872/2322/2594 2729/2323/16 2878/2324/2595
f 2878/2324/2595 2729/2323/16 2730/2325/16
f 2878/2324/2595 2730/2325/16 2895/2326/2596
f 2895/2326/2596 2730/2325/16 2884/2327/2597
f 2895/2326/2596 2884/2327/2597 2885/2328/2598
f 2885/2328/2598 2884/2327/2597 2897/2329/2599
f 2885/2328/2598 2897/2329/2599 2898/2330/2600
f 2898/2330/2600 2897/2329/2599 2904/2331/897
f 2898/2330/2600 2904/2331/897 2905/2332/2601
f 2905/2332/2601 2904/2331/897 2911/2333/2602
f 2905/2332/2601 2911/2333/2602 2912/2334/2603
f 2912/2334/2603 2911/2333/2602 2918/2335/2604
f 2912/2334/2603 2918/2335/2604 2919/2336/2605
f 2919/2336/2605 2918/2335/2604 2925/2337/2606
f 2919/2336/2605 2925/2337/2606 2510/3030/2382
f 2510/3030/2382 2925/2337/2606 2511/3031/2383
f 2511/3031/2383 2925/2337/2606 2931/2340/2607
f 2511/3031/2383 2931/2340/2607 2512/3032/2384
f 2512/3032/2384 2931/2340/2607 2937/2342/2608
f 2512/3032/2384 2937/2342/2608 2513/3033/2385
f 2513/3033/2385 2937/2342/2608 2943/2344/2609
f 2513/3033/2385 2943/2344/2609 2514/3034/2386
f 2514/3034/2386 2943/2344/2609 2949/2346/2610
f 2514/3034/2386 2949/2346/2610 2515/3035/2389
f 2515/3035/2389 2949/2346/2610 2955/2348/2611
f 2515/3035/2389 2955/2348/2611 2516/3036/2396
f 2516/3036/2396 2955/2348/2611 2962/2350/2612
f 2516/3036/2396 2962/2350/2612 2805/3037/2613
f 2805/3037/2613 2962/2350/2612 2961/2352/2614
f 2805/3037/2613 2961/2352/2614 2804/3038/2615
f 2804/3038/2615 2961/2352/2614 2973/2354/2616
f 2804/3038/2615 2973/2354/2616 2803/3039/2617
f 2803/3039/2617 2973/2354/2616 2979/2356/2618
f 2803/3039/2617 2979/2356/2618 2802/3040/2619
f 2802/3040/2619 2979/2356/2618 2985/2358/2620
f 2802/3040/2619 2985/2358/2620 2801/3041/2621
f 2801/3041/2621 2985/2358/2620 2991/3042/2622
f 2801/3041/2621 2991/3042/2622 2800/3043/2623
f 2800/3043/2623 2991/3042/2622 2997/2362/2624
f 2800/3043/2623 2997/2362/2624 2799/2363/8
f 2799/2363/8 2997/2362/2624 2798/3044/2625
f 2798/3044/2625 2997/2362/2624 3003/3045/2626
f 2798/3044/2625 3003/3045/2626 2797/3046/2627
f 2797/3046/2627 3003/3045/2626 3009/2367/2628
f 2797/3046/2627 3009/2367/2628 2796/3047/2629
f 2796/3047/2629 3009/2367/2628 3015/2369/2630
f 2796/3047/2629 3015/2369/2630 2795/3048/2631
f 2795/3048/2631 3015/2369/2630 3021/2371/2632
f 2795/3048/2631 3021/2371/2632 2794/3049/2633
f 2794/3049/2633 3021/2371/2632 3027/2373/2634
f 2794/3049/2633 3027/2373/2634 2793/3050/2635
f 2793/3050/2635 3027/2373/2634 3034/2375/2636
f 2793/3050/2635 3034/2375/2636 2792/3051/2637
f 2792/3051/2637 3034/2375/2636 3033/2377/2638
f 2792/3051/2637 3033/2377/2638 2791/3052/2639
f 2791/3052/2639 3033/2377/2638 3045/2379/2640
f 2791/3052/2639 3045/2379/2640 2790/3053/2641
f 2790/3053/2641 3045/2379/2640 3051/2381/2642
f 2790/3053/2641 3051/2381/2642 2789/3054/2643
f 2789/3054/2643 3051/2381/2642 3057/2383/2644
f 2789/3054/2643 3057/2383/2644 2788/3055/2645
f 2788/3055/2645 3057/2383/2644 3063/2385/2646
f 2788/3055/2645 3063/2385/2646 2787/3056/2647
f 2787/3056/2647 3063/2385/2646 3069/2387/2648
f 2787/3056/2647 3069/2387/2648 2786/3057/2649
f 2786/3057/2649 3069/2387/2648 3075/2389/2650
f 2786/3057/2649 3075/2389/2650 2785/3058/2651
f 2785/3058/2651 3075/2389/2650 3081/2391/2652
f 2785/3058/2651 3081/2391/2652 2784/3059/2653
f 2784/3059/2653 3081/2391/2652 2811/2393/2654
f 2784/3059/2653 2811/2393/2654 2783/3060/2655
f 2783/3061/2655 2811/2396/2654 3087/2397/2656
f 2783/3061/2655 3087/2397/2656 2782/3062/2657
f 2782/3062/2657 3087/2397/2656 3093/2399/2658
f 2782/3062/2657 3093/2399/2658 2781/3063/2659
f 2781/3063/2659 3093/2399/2658 3100/2401/2660
f 2781/3063/2659 3100/2401/2660 2780/3064/2661
f 2780/3064/2661 3100/2401/2660 3099/2403/2662
f 2780/3064/2661 3099/2403/2662 2779/3065/2663
f 2779/3065/2663 3099/2403/2662 3111/2405/2664
f 2779/3065/2663 3111/2405/2664 2778/3066/2665
f 2778/3066/2665 3111/2405/2664 3117/2407/2666
f 2778/3066/2665 3117/2407/2666 2777/3067/2667
f 2777/3067/2667 3117/2407/2666 3123/2409/2668
f 2777/3067/2667 3123/2409/2668 2776/3068/2669
f 2776/3068/2669 3123/2409/2668 3129/2411/2670
f 2776/3068/2669 3129/2411/2670 2775/3069/2671
f 2775/3069/2671 3129/2411/2670 3135/2413/2672
f 2775/3069/2671 3135/2413/2672 2625/3070/2514
f 2625/3070/2514 3135/2413/2672 3141/3071/2673
f 2625/3070/2514 3141/3071/2673 2626/3072/2508
f 2626/3072/2508 3141/3071/2673 3147/3073/2674
f 2626/3072/2508 3147/3073/2674 2627/3074/2497
f 2627/3074/2497 3147/3073/2674 2628/3075/2498
f 2628/3075/2498 3147/3073/2674 3153/3076/2675
f 2628/3075/2498 3153/3076/2675 2629/3077/2516
f 2629/3077/2516 3153/3076/2675 3159/3078/2676
f 2629/3077/2516 3159/3078/2676 2630/3079/2518
f 2630/3079/2518 3159/3078/2676 2631/3029/2526
f 2631/3029/2526 3159/3078/2676 3165/3027/2585
f 2730/2325/16 2731/2429/16 2884/2327/2597
f 2884/2327/2597 2731/2429/16 2896/2430/2677
f 2884/2327/2597 2896/2430/2677 2897/2329/2599
f 2897/2329/2599 2896/2430/2677 2903/2431/2678
f 2897/2329/2599 2903/2431/2678 2904/2331/897
f 2904/2331/897 2903/2431/2678 2910/2432/2679
f 2904/2331/897 2910/2432/2679 2911/2333/2602
f 2911/2333/2602 2910/2432/2679 2917/2433/2680
f 2911/2333/2602 2917/2433/2680 2918/2335/2604
f 2918/2335/2604 2917/2433/2680 2924/2434/2681
f 2918/2335/2604 2924/2434/2681 2925/2337/2606
f 2925/2337/2606 2924/2434/2681 2931/2340/2607
f 2731/2429/16 2732/2435/16 2896/2430/2677
f 2896/2430/2677 2732/2435/16 2902/2436/106
f 2896/2430/2677 2902/2436/106 2903/2431/2678
f 2903/2431/2678 2902/2436/106 2909/2437/2682
f 2903/2431/2678 2909/2437/2682 2910/2432/2679
f 2910/2432/2679 2909/2437/2682 2916/2438/2683
f 2910/2432/2679 2916/2438/2683 2917/2433/2680
f 2917/2433/2680 2916/2438/2683 2923/2439/2684
f 2917/2433/2680 2923/2439/2684 2924/2434/2681
f 2924/2434/2681 2923/2439/2684 2930/2440/2685
f 2924/2434/2681 2930/2440/2685 2931/2340/2607
f 2931/2340/2607 2930/2440/2685 2937/2342/2608
f 2732/2435/16 2733/2441/16 2902/2436/106
f 2902/2436/106 2733/2441/16 2908/2442/2686
f 2902/2436/106 2908/2442/2686 2909/2437/2682
f 2909/2437/2682 2908/2442/2686 2915/2443/2687
f 2909/2437/2682 2915/2443/2687 2916/2438/2683
f 2916/2438/2683 2915/2443/2687 2922/2444/2688
f 2916/2438/2683 2922/2444/2688 2923/2439/2684
f 2923/2439/2684 2922/2444/2688 2929/2445/2689
f 2923/2439/2684 2929/2445/2689 2930/2440/2685
f 2930/2440/2685 2929/2445/2689 2936/2446/2690
f 2930/2440/2685 2936/2446/2690 2937/2342/2608
f 2937/2342/2608 2936/2446/2690 2943/2344/2609
f 2733/2441/16 2734/2447/16 2908/2442/2686
f 2908/2442/2686 2734/2447/16 2914/2448/2691
f 2908/2442/2686 2914/2448/2691 2915/2443/2687
f 2915/2443/2687 2914/2448/2691 2921/2449/2692
f 2915/2443/2687 2921/2449/2692 2922/2444/2688
f 2922/2444/2688 2921/2449/2692 2928/2450/2693
f 2922/2444/2688 2928/2450/2693 2929/2445/2689
f 2929/2445/2689 2928/2450/2693 2935/2451/2694
f 2929/2445/2689 2935/2451/2694 2936/2446/2690
f 2936/2446/2690 2935/2451/2694 2942/2452/2695
f 2936/2446/2690 2942/2452/2695 2943/2344/2609
f 2943/2344/2609 2942/2452/2695 2949/2346/2610
f 2734/2447/16 2735/2453/16 2914/2448/2691
f 2914/2448/2691 2735/2453/16 2920/2454/2696
f 2914/2448/2691 2920/2454/2696 2921/2449/2692
f 2921/2449/2692 2920/2454/2696 2927/2455/2697
f 2921/2449/2692 2927/2455/2697 2928/2450/2693
f 2928/2450/2693 2927/2455/2697 2934/2456/2698
f 2928/2450/2693 2934/2456/2698 2935/2451/2694
f 2935/2451/2694 2934/2456/2698 2941/2457/2699
f 2935/2451/2694 2941/2457/2699 2942/2452/2695
f 2942/2452/2695 2941/2457/2699 2948/2458/2700
f 2942/2452/2695 2948/2458/2700 2949/2346/2610
f 2949/2346/2610 2948/2458/2700 2955/2348/2611
f 2735/2453/16 2736/2459/16 2920/2454/2696
f 2920/2454/2696 2736/2459/16 2926/2460/2701
f 2920/2454/2696 2926/2460/2701 2927/2455/2697
f 2927/2455/2697 2926/2460/2701 2933/2461/2702
f 2927/2455/2697 2933/2461/2702 2934/2456/2698
f 2934/2456/2698 2933/2461/2702 2940/2462/2703
f 2934/2456/2698 2940/2462/2703 2941/2457/2699
f 2941/2457/2699 2940/2462/2703 2947/2463/2704
f 2941/2457/2699 2947/2463/2704 2948/2458/2700
f 2948/2458/2700 2947/2463/2704 2954/2464/2705
f 2948/2458/2700 2954/2464/2705 2955/2348/2611
f 2955/2348/2611 2954/2464/2705 2962/2350/2612
f 2736/2459/16 2737/2465/16 2926/2460/2701
f 2926/2460/2701 2737/2465/16 2932/2466/2706
f 2926/2460/2701 2932/2466/2706 2933/2461/2702
f 2933/2461/2702 2932/2466/2706 2939/2467/2707
f 2933/2461/2702 2939/2467/2707 2940/2462/2703
f 2940/2462/2703 2939/2467/2707 2946/2468/2708
f 2940/2462/2703 2946/2468/2708 2947/2463/2704
f 2947/2463/2704 2946/2468/2708 2953/2469/2709
f 2947/2463/2704 2953/2469/2709 2954/2464/2705
f 2954/2464/2705 2953/2469/2709 2963/2470/2710
f 2954/2464/2705 2963/2470/2710 2962/2350/2612
f 2962/2350/2612 2963/2470/2710 2961/2352/2614
f 2737/2465/16 2738/2471/16 2932/2466/2706
f 2932/2466/2706 2738/2471/16 2938/2472/2711
f 2932/2466/2706 2938/2472/2711 2939/2467/2707
f 2939/2467/2707 2938/2472/2711 2945/2473/2712
f 2939/2467/2707 2945/2473/2712 2946/2468/2708
f 2946/2468/2708 2945/2473/2712 2952/2474/2713
f 2946/2468/2708 2952/2474/2713 2953/2469/2709
f 2953/2469/2709 2952/2474/2713 2964/2475/2714
f 2953/2469/2709 2964/2475/2714 2963/2470/2710
f 2963/2470/2710 2964/2475/2714 2960/2476/2715
f 2963/2470/2710 2960/2476/2715 2961/2352/2614
f 2961/2352/2614 2960/2476/2715 2973/2354/2616
f 2738/2471/16 2739/2477/16 2938/2472/2711
f 2938/2472/2711 2739/2477/16 2944/2478/2716
f 2938/2472/2711 2944/2478/2716 2945/2473/2712
f 2945/2473/2712 2944/2478/2716 2951/2479/2717
f 2945/2473/2712 2951/2479/2717 2952/2474/2713
f 2952/2474/2713 2951/2479/2717 2965/2480/2718
f 2952/2474/2713 2965/2480/2718 2964/2475/2714
f 2964/2475/2714 2965/2480/2718 2959/2481/2719
f 2964/2475/2714 2959/2481/2719 2960/2476/2715
f 2960/2476/2715 2959/2481/2719 2972/2482/2720
f 2960/2476/2715 2972/2482/2720 2973/2354/2616
f 2973/2354/2616 2972/2482/2720 2979/2356/2618
f 2739/2477/16 2740/2483/16 2944/2478/2716
f 2944/2478/2716 2740/2483/16 2950/2484/2721
f 2944/2478/2716 2950/2484/2721 2951/2479/2717
f 2951/2479/2717 2950/2484/2721 2966/2485/2722
f 2951/2479/2717 2966/2485/2722 2965/2480/2718
f 2965/2480/2718 2966/2485/2722 2958/2486/2723
f 2965/2480/2718 2958/2486/2723 2959/2481/2719
f 2959/2481/2719 2958/2486/2723 2971/2487/2724
f 2959/2481/2719 2971/2487/2724 2972/2482/2720
f 2972/2482/2720 2971/2487/2724 2978/2488/2725
f 2972/2482/2720 2978/2488/2725 2979/2356/2618
f 2979/2356/2618 2978/2488/2725 2985/2358/2620
f 2740/2483/16 2741/2489/16 2950/2484/2721
f 2950/2484/2721 2741/2489/16 2967/2490/2726
f 2950/2484/2721 2967/2490/2726 2966/2485/2722
f 2966/2485/2722 2967/2490/2726 2957/2491/2727
f 2966/2485/2722 2957/2491/2727 2958/2486/2723
f 2958/2486/2723 2957/2491/2727 2970/2492/2728
f 2958/2486/2723 2970/2492/2728 2971/2487/2724
f 2971/2487/2724 2970/2492/2728 2977/2493/2729
f 2971/2487/2724 2977/2493/2729 2978/2488/2725
f 2978/2488/2725 2977/2493/2729 2984/2494/2730
f 2978/2488/2725 2984/2494/2730 2985/2358/2620
f 2985/2358/2620 2984/2494/2730 2991/3042/2622
f 2967/2490/2726 2741/2489/16 2956/2497/2731
f 2956/2497/2731 2741/2489/16 2742/2498/16
f 2956/2497/2731 2742/2498/16 2968/2499/2732
f 2968/2499/2732 2742/2498/16 2743/2500/16
f 2968/2499/2732 2743/2500/16 2974/2501/2733
f 2974/2501/2733 2743/2500/16 2744/2502/16
f 2974/2501/2733 2744/2502/16 2980/2503/2734
f 2980/2503/2734 2744/2502/16 2745/2504/16
f 2980/2503/2734 2745/2504/16 2986/3080/2735
f 2986/3080/2735 2745/2504/16 2746/2506/16
f 2986/3080/2735 2746/2506/16 2992/2507/2736
f 2992/2507/2736 2746/2506/16 2747/2508/16
f 2992/2507/2736 2747/2508/16 2998/3081/2737
f 2998/3081/2737 2747/2508/16 2748/2510/16
f 2998/3081/2737 2748/2510/16 3004/2511/2738
f 3004/2511/2738 2748/2510/16 2749/2512/16
f 3004/2511/2738 2749/2512/16 3010/2513/2739
f 3010/2513/2739 2749/2512/16 2750/2514/16
f 3010/2513/2739 2750/2514/16 3016/2515/2740
f 3016/2515/2740 2750/2514/16 2751/2516/16
f 3016/2515/2740 2751/2516/16 3022/2517/2741
f 3022/2517/2741 2751/2516/16 2752/2518/16
f 3022/2517/2741 2752/2518/16 3039/2519/2742
f 3039/2519/2742 2752/2518/16 3028/2520/2743
f 3039/2519/2742 3028/2520/2743 3029/2521/2744
f 3029/2521/2744 3028/2520/2743 3041/2522/2745
f 3029/2521/2744 3041/2522/2745 3042/2523/2746
f 3042/2523/2746 3041/2522/2745 3048/2524/2747
f 3042/2523/2746 3048/2524/2747 3049/2525/2748
f 3049/2525/2748 3048/2524/2747 3055/2526/2749
f 3049/2525/2748 3055/2526/2749 3056/2527/2750
f 3056/2527/2750 3055/2526/2749 3062/2528/2751
f 3056/2527/2750 3062/2528/2751 3063/2385/2646
f 3063/2385/2646 3062/2528/2751 3069/2387/2648
f 2752/2518/16 2753/2529/16 3028/2520/2743
f 3028/2520/2743 2753/2529/16 3040/2530/2752
f 3028/2520/2743 3040/2530/2752 3041/2522/2745
f 3041/2522/2745 3040/2530/2752 3047/2531/2753
f 3041/2522/2745 3047/2531/2753 3048/2524/2747
f 3048/2524/2747 3047/2531/2753 3054/2532/2754
f 3048/2524/2747 3054/2532/2754 3055/2526/2749
f 3055/2526/2749 3054/2532/2754 3061/2533/2755
f 3055/2526/2749 3061/2533/2755 3062/2528/2751
f 3062/2528/2751 3061/2533/2755 3068/2534/2756
f 3062/2528/2751 3068/2534/2756 3069/2387/2648
f 3069/2387/2648 3068/2534/2756 3075/2389/2650
f 2753/2529/16 2754/2535/16 3040/2530/2752
f 3040/2530/2752 2754/2535/16 3046/2536/2757
f 3040/2530/2752 3046/2536/2757 3047/2531/2753
f 3047/2531/2753 3046/2536/2757 3053/2537/2758
f 3047/2531/2753 3053/2537/2758 3054/2532/2754
f 3054/2532/2754 3053/2537/2758 3060/2538/2759
f 3054/2532/2754 3060/2538/2759 3061/2533/2755
f 3061/2533/2755 3060/2538/2759 3067/2539/2760
f 3061/2533/2755 3067/2539/2760 3068/2534/2756
f 3068/2534/2756 3067/2539/2760 3074/2540/2761
f 3068/2534/2756 3074/2540/2761 3075/2389/2650
f 3075/2389/2650 3074/2540/2761 3081/2391/2652
f 2754/2535/16 2755/2541/16 3046/2536/2757
f 3046/2536/2757 2755/2541/16 3052/2542/2762
f 3046/2536/2757 3052/2542/2762 3053/2537/2758
f 3053/2537/2758 3052/2542/2762 3059/2543/2763
f 3053/2537/2758 3059/2543/2763 3060/2538/2759
f 3060/2538/2759 3059/2543/2763 3066/2544/2764
f 3060/2538/2759 3066/2544/2764 3067/2539/2760
f 3067/2539/2760 3066/2544/2764 3073/2545/2765
f 3067/2539/2760 3073/2545/2765 3074/2540/2761
f 3074/2540/2761 3073/2545/2765 3080/2546/2766
f 3074/2540/2761 3080/2546/2766 3081/2391/2652
f 3081/2391/2652 3080/2546/2766 2811/2393/2654
f 2755/2541/16 2756/2547/16 3052/2542/2762
f 3052/2542/2762 2756/2547/16 3058/2548/2767
f 3052/2542/2762 3058/2548/2767 3059/2543/2763
f 3059/2543/2763 3058/2548/2767 3065/2549/2768
f 3059/2543/2763 3065/2549/2768 3066/2544/2764
f 3066/2544/2764 3065/2549/2768 3072/2550/2769
f 3066/2544/2764 3072/2550/2769 3073/2545/2765
f 3073/2545/2765 3072/2550/2769 3079/2551/2770
f 3073/2545/2765 3079/2551/2770 3080/2546/2766
f 3080/2546/2766 3079/2551/2770 2810/2552/2771
f 3080/2546/2766 2810/2552/2771 2811/2393/2654
f 2811/2396/2654 2810/2553/2771 3087/2397/2656
f 2756/2547/16 2757/2554/16 3058/2548/2767
f 3058/2548/2767 2757/2554/16 3064/2555/2772
f 3058/2548/2767 3064/2555/2772 3065/2549/2768
f 3065/2549/2768 3064/2555/2772 3071/2556/2773
f 3065/2549/2768 3071/2556/2773 3072/2550/2769
f 3072/2550/2769 3071/2556/2773 3078/2557/2774
f 3072/2550/2769 3078/2557/2774 3079/2551/2770
f 3079/2551/2770 3078/2557/2774 2809/2558/2775
f 3079/2551/2770 2809/2558/2775 2810/2552/2771
f 2810/2553/2771 2809/2559/2775 3086/2560/2776
f 2810/2553/2771 3086/2560/2776 3087/2397/2656
f 3087/2397/2656 3086/2560/2776 3093/2399/2658
f 2757/2554/16 2758/2561/16 3064/2555/2772
f 3064/2555/2772 2758/2561/16 3070/2562/2777
f 3064/2555/2772 3070/2562/2777 3071/2556/2773
f 3071/2556/2773 3070/2562/2777 3077/2563/2778
f 3071/2556/2773 3077/2563/2778 3078/2557/2774
f 3078/2557/2774 3077/2563/2778 2808/2564/141
f 3078/2557/2774 2808/2564/141 2809/2558/2775
f 2809/2559/2775 2808/2565/141 3085/2566/2779
f 2809/2559/2775 3085/2566/2779 3086/2560/2776
f 3086/2560/2776 3085/2566/2779 3092/2567/2780
f 3086/2560/2776 3092/2567/2780 3093/2399/2658
f 3093/2399/2658 3092/2567/2780 3100/2401/2660
f 2758/2561/16 2759/2568/16 3070/2562/2777
f 3070/2562/2777 2759/2568/16 3076/2569/2781
f 3070/2562/2777 3076/2569/2781 3077/2563/2778
f 3077/2563/2778 3076/2569/2781 2807/2570/2782
f 3077/2563/2778 2807/2570/2782 2808/2564/141
f 2808/2565/141 2807/2571/2782 3084/2572/2783
f 2808/2565/141 3084/2572/2783 3085/2566/2779
f 3085/2566/2779 3084/2572/2783 3091/2573/2784
f 3085/2566/2779 3091/2573/2784 3092/2567/2780
f 3092/2567/2780 3091/2573/2784 3101/2574/2785
f 3092/2567/2780 3101/2574/2785 3100/2401/2660
f 3100/2401/2660 3101/2574/2785 3099/2403/2662
f 2759/2568/16 2760/2575/16 3076/2569/2781
f 3076/2569/2781 2760/2575/16 2806/2576/2786
f 3076/2569/2781 2806/2576/2786 2807/2570/2782
f 2807/2571/2782 2806/2577/2786 3083/2578/2787
f 2807/2571/2782 3083/2578/2787 3084/2572/2783
f 3084/2572/2783 3083/2578/2787 3090/2579/2788
f 3084/2572/2783 3090/2579/2788 3091/2573/2784
f 3091/2573/2784 3090/2579/2788 3102/2580/2789
f 3091/2573/2784 3102/2580/2789 3101/2574/2785
f 3101/2574/2785 3102/2580/2789 3098/2581/2790
f 3101/2574/2785 3098/2581/2790 3099/2403/2662
f 3099/2403/2662 3098/2581/2790 3111/2405/2664
f 2760/2582/16 2761/2583/16 2806/2577/2786
f 2806/2577/2786 2761/2583/16 3082/2584/2791
f 2806/2577/2786 3082/2584/2791 3083/2578/2787
f 3083/2578/2787 3082/2584/2791 3089/2585/2792
f 3083/2578/2787 3089/2585/2792 3090/2579/2788
f 3090/2579/2788 3089/2585/2792 3103/2586/2793
f 3090/2579/2788 3103/2586/2793 3102/2580/2789
f 3102/2580/2789 3103/2586/2793 3097/2587/2794
f 3102/2580/2789 3097/2587/2794 3098/2581/2790
f 3098/2581/2790 3097/2587/2794 3110/2588/2795
f 3098/2581/2790 3110/2588/2795 3111/2405/2664
f 3111/2405/2664 3110/2588/2795 3117/2407/2666
f 2761/2583/16 2762/2589/16 3082/2584/2791
f 3082/2584/2791 2762/2589/16 3088/2590/2796
f 3082/2584/2791 3088/2590/2796 3089/2585/2792
f 3089/2585/2792 3088/2590/2796 3104/2591/2797
f 3089/2585/2792 3104/2591/2797 3103/2586/2793
f 3103/2586/2793 3104/2591/2797 3096/2592/2798
f 3103/2586/2793 3096/2592/2798 3097/2587/2794
f 3097/2587/2794 3096/2592/2798 3109/2593/2799
f 3097/2587/2794 3109/2593/2799 3110/2588/2795
f 3110/2588/2795 3109/2593/2799 3116/2594/2800
f 3110/2588/2795 3116/2594/2800 3117/2407/2666
f 3117/2407/2666 3116/2594/2800 3123/2409/2668
f 2762/2589/16 2763/2595/16 3088/2590/2796
f 3088/2590/2796 2763/2595/16 3105/2596/2801
f 3088/2590/2796 3105/2596/2801 3104/2591/2797
f 3104/2591/2797 3105/2596/2801 3095/2597/2802
f 3104/2591/2797 3095/2597/2802 3096/2592/2798
f 3096/2592/2798 3095/2597/2802 3108/2598/2803
f 3096/2592/2798 3108/2598/2803 3109/2593/2799
f 3109/2593/2799 3108/2598/2803 3115/2599/2804
f 3109/2593/2799 3115/2599/2804 3116/2594/2800
f 3116/2594/2800 3115/2599/2804 3122/2600/2805
f 3116/2594/2800 3122/2600/2805 3123/2409/2668
f 3123/2409/2668 3122/2600/2805 3129/2411/2670
f 3105/2596/2801 2763/2595/16 3094/2601/2806
f 3094/2601/2806 2763/2595/16 2764/2602/16
f 3094/2601/2806 2764/2602/16 3106/2603/2807
f 3106/2603/2807 2764/2602/16 2765/2604/16
f 3106/2603/2807 2765/2604/16 3112/2605/2808
f 3112/2605/2808 2765/2604/16 2766/2606/16
f 3112/2605/2808 2766/2606/16 3118/2607/2809
f 3118/2607/2809 2766/2606/16 2767/2608/16
f 3118/2607/2809 2767/2608/16 3124/2609/2810
f 3124/2609/2810 2767/2608/16 2768/2610/16
f 3124/2609/2810 2768/2610/16 3130/2425/2811
f 3130/2425/2811 2768/2610/16 2769/2427/16
f 3130/2425/2811 2769/2427/16 3136/2426/2812
f 3136/2426/2812 2769/2427/16 2770/2428/16
f 3136/2426/2812 2770/2428/16 3142/2611/2813
f 3142/2611/2813 2770/2428/16 2771/2612/16
f 3142/2611/2813 2771/2612/16 3148/2613/2814
f 3148/2613/2814 2771/2612/16 2772/2614/16
f 3148/2613/2814 2772/2614/16 3154/2615/2815
f 3154/2615/2815 2772/2614/16 2773/2616/16
f 3154/2615/2815 2773/2616/16 3160/2295/2575
f 3160/2295/2575 2773/2616/16 2719/2293/16
f 2498/2618/2370 2530/3082/2399 2499/3083/2371
f 2499/3083/2371 2530/3082/2399 2853/2619/2816
f 2499/3083/2371 2853/2619/2816 2859/2625/2817
f 2859/2625/2817 2853/2619/2816 2852/2624/2818
f 2859/2625/2817 2852/2624/2818 2858/2679/2819
f 2858/2679/2819 2852/2624/2818 2851/2678/2820
f 2858/2679/2819 2851/2678/2820 2857/2682/2821
f 2857/2682/2821 2851/2678/2820 2850/2681/2822
f 2857/2682/2821 2850/2681/2822 2856/2685/2823
f 2856/2685/2823 2850/2681/2822 2849/2684/2824
f 2856/2685/2823 2849/2684/2824 2855/2688/2825
f 2855/2688/2825 2849/2684/2824 2848/2314/2590
f 2855/2688/2825 2848/2314/2590 2854/2316/2591
f 2853/2619/2816 2530/3082/2399 2847/3084/2826
f 2847/3084/2826 2530/3082/2399 2561/3085/2401
f 2847/3084/2826 2561/3085/2401 2841/3086/2827
f 2841/3086/2827 2561/3085/2401 2560/3087/2403
f 2841/3086/2827 2560/3087/2403 2559/3088/2405
f 2841/3086/2827 2559/3088/2405 2835/3089/2828
f 2835/3089/2828 2559/3088/2405 2558/3090/2407
f 2835/3089/2828 2558/3090/2407 2829/3091/2829
f 2829/3091/2829 2558/3090/2407 2557/3092/2409
f 2829/3091/2829 2557/3092/2409 2556/3093/2411
f 2829/3091/2829 2556/3093/2411 2817/3094/2830
f 2817/3094/2830 2556/3093/2411 2555/3095/2412
f 2817/3094/2830 2555/3095/2412 2818/3026/2584
f 2818/3026/2584 2555/3095/2412 2554/3096/2414
f 2818/3026/2584 2554/3096/2414 2632/3028/2529
f 2625/3070/2514 2774/2414/2831 2775/3069/2671
f 2510/3030/2382 2509/3097/2381 2919/2336/2605
f 2919/2336/2605 2509/3097/2381 2913/2643/2832
f 2919/2336/2605 2913/2643/2832 2912/2334/2603
f 2912/2334/2603 2913/2643/2832 2906/2711/2833
f 2912/2334/2603 2906/2711/2833 2905/2332/2601
f 2905/2332/2601 2906/2711/2833 2899/2710/2834
f 2905/2332/2601 2899/2710/2834 2898/2330/2600
f 2898/2330/2600 2899/2710/2834 2886/2709/2835
f 2898/2330/2600 2886/2709/2835 2885/2328/2598
f 2885/2328/2598 2886/2709/2835 2894/2708/2836
f 2885/2328/2598 2894/2708/2836 2895/2326/2596
f 2895/2326/2596 2894/2708/2836 2878/2324/2595
f 2509/3097/2381 2508/3098/2380 2913/2643/2832
f 2913/2643/2832 2508/3098/2380 2907/2641/2837
f 2913/2643/2832 2907/2641/2837 2906/2711/2833
f 2906/2711/2833 2907/2641/2837 2900/2707/2838
f 2906/2711/2833 2900/2707/2838 2899/2710/2834
f 2899/2710/2834 2900/2707/2838 2887/2706/2839
f 2899/2710/2834 2887/2706/2839 2886/2709/2835
f 2886/2709/2835 2887/2706/2839 2893/2705/2840
f 2886/2709/2835 2893/2705/2840 2894/2708/2836
f 2894/2708/2836 2893/2705/2840 2879/2704/2841
f 2894/2708/2836 2879/2704/2841 2878/2324/2595
f 2878/2324/2595 2879/2704/2841 2872/2322/2594
f 2508/3098/2380 2507/3099/2379 2907/2641/2837
f 2907/2641/2837 2507/3099/2379 2901/2639/2842
f 2907/2641/2837 2901/2639/2842 2900/2707/2838
f 2900/2707/2838 2901/2639/2842 2888/2703/2843
f 2900/2707/2838 2888/2703/2843 2887/2706/2839
f 2887/2706/2839 2888/2703/2843 2892/2702/2844
f 2887/2706/2839 2892/2702/2844 2893/2705/2840
f 2893/2705/2840 2892/2702/2844 2880/2701/2845
f 2893/2705/2840 2880/2701/2845 2879/2704/2841
f 2879/2704/2841 2880/2701/2845 2873/2700/2846
f 2879/2704/2841 2873/2700/2846 2872/2322/2594
f 2872/2322/2594 2873/2700/2846 2866/2320/2593
f 2507/3099/2379 2506/3100/2378 2901/2639/2842
f 2901/2639/2842 2506/3100/2378 2889/2637/2847
f 2901/2639/2842 2889/2637/2847 2888/2703/2843
f 2888/2703/2843 2889/2637/2847 2891/2699/2848
f 2888/2703/2843 2891/2699/2848 2892/2702/2844
f 2892/2702/2844 2891/2699/2848 2881/2698/2849
f 2892/2702/2844 2881/2698/2849 2880/2701/2845
f 2880/2701/2845 2881/2698/2849 2874/2697/2850
f 2880/2701/2845 2874/2697/2850 2873/2700/2846
f 2873/2700/2846 2874/2697/2850 2867/2696/2851
f 2873/2700/2846 2867/2696/2851 2866/2320/2593
f 2866/2320/2593 2867/2696/2851 2860/2318/2592
f 2506/3100/2378 2505/3101/2377 2889/2637/2847
f 2889/2637/2847 2505/3101/2377 2890/2635/2852
f 2889/2637/2847 2890/2635/2852 2891/2699/2848
f 2891/2699/2848 2890/2635/2852 2882/2695/2853
f 2891/2699/2848 2882/2695/2853 2881/2698/2849
f 2881/2698/2849 2882/2695/2853 2875/2694/2854
f 2881/2698/2849 2875/2694/2854 2874/2697/2850
f 2874/2697/2850 2875/2694/2854 2868/2693/2855
f 2874/2697/2850 2868/2693/2855 2867/2696/2851
f 2867/2696/2851 2868/2693/2855 2861/2692/2856
f 2867/2696/2851 2861/2692/2856 2860/2318/2592
f 2860/2318/2592 2861/2692/2856 2854/2316/2591
f 2505/3101/2377 2504/3102/2376 2890/2635/2852
f 2890/2635/2852 2504/3102/2376 2883/2633/2857
f 2890/2635/2852 2883/2633/2857 2882/2695/2853
f 2882/2695/2853 2883/2633/2857 2876/2691/2858
f 2882/2695/2853 2876/2691/2858 2875/2694/2854
f 2875/2694/2854 2876/2691/2858 2869/2690/2859
f 2875/2694/2854 2869/2690/2859 2868/2693/2855
f 2868/2693/2855 2869/2690/2859 2862/2689/2860
f 2868/2693/2855 2862/2689/2860 2861/2692/2856
f 2861/2692/2856 2862/2689/2860 2855/2688/2825
f 2861/2692/2856 2855/2688/2825 2854/2316/2591
f 2504/3102/2376 2503/3103/2375 2883/2633/2857
f 2883/2633/2857 2503/3103/2375 2877/2631/2861
f 2883/2633/2857 2877/2631/2861 2876/2691/2858
f 2876/2691/2858 2877/2631/2861 2870/2687/2862
f 2876/2691/2858 2870/2687/2862 2869/2690/2859
f 2869/2690/2859 2870/2687/2862 2863/2686/2863
f 2869/2690/2859 2863/2686/2863 2862/2689/2860
f 2862/2689/2860 2863/2686/2863 2856/2685/2823
f 2862/2689/2860 2856/2685/2823 2855/2688/2825
f 2503/3103/2375 2502/3104/2374 2877/2631/2861
f 2877/2631/2861 2502/3104/2374 2871/2629/2864
f 2877/2631/2861 2871/2629/2864 2870/2687/2862
f 2870/2687/2862 2871/2629/2864 2864/2683/2865
f 2870/2687/2862 2864/2683/2865 2863/2686/2863
f 2863/2686/2863 2864/2683/2865 2857/2682/2821
f 2863/2686/2863 2857/2682/2821 2856/2685/2823
f 2502/3104/2374 2501/3105/2373 2871/2629/2864
f 2871/2629/2864 2501/3105/2373 2865/2627/2866
f 2871/2629/2864 2865/2627/2866 2864/2683/2865
f 2864/2683/2865 2865/2627/2866 2858/2679/2819
f 2864/2683/2865 2858/2679/2819 2857/2682/2821
f 2501/3105/2373 2500/3106/2372 2865/2627/2866
f 2865/2627/2866 2500/3106/2372 2859/2625/2817
f 2865/2627/2866 2859/2625/2817 2858/2679/2819
f 2500/3106/2372 2499/3083/2371 2859/2625/2817
f 2822/3022/2576 2823/3021/2574 2813/2652/2867
f 2813/2652/2867 2823/3021/2574 2812/2292/2573
f 2813/2652/2867 2812/2292/2573 2825/2651/2868
f 2825/2651/2868 2812/2292/2573 2824/2306/2586
f 2825/2651/2868 2824/2306/2586 2831/2673/2869
f 2831/2673/2869 2824/2306/2586 2830/2308/2587
f 2831/2673/2869 2830/2308/2587 2837/2676/2870
f 2837/2676/2870 2830/2308/2587 2836/2310/2588
f 2837/2676/2870 2836/2310/2588 2843/2680/2871
f 2843/2680/2871 2836/2310/2588 2842/2312/2589
f 2843/2680/2871 2842/2312/2589 2849/2684/2824
f 2849/2684/2824 2842/2312/2589 2848/2314/2590
f 2821/3023/2578 2822/3022/2576 2814/2656/2872
f 2814/2656/2872 2822/3022/2576 2813/2652/2867
f 2814/2656/2872 2813/2652/2867 2826/2650/2873
f 2826/2650/2873 2813/2652/2867 2825/2651/2868
f 2826/2650/2873 2825/2651/2868 2832/2649/2874
f 2832/2649/2874 2825/2651/2868 2831/2673/2869
f 2832/2649/2874 2831/2673/2869 2838/2674/2875
f 2838/2674/2875 2831/2673/2869 2837/2676/2870
f 2838/2674/2875 2837/2676/2870 2844/2677/2876
f 2844/2677/2876 2837/2676/2870 2843/2680/2871
f 2844/2677/2876 2843/2680/2871 2850/2681/2822
f 2850/2681/2822 2843/2680/2871 2849/2684/2824
f 2820/3024/2580 2821/3023/2578 2815/2659/2877
f 2815/2659/2877 2821/3023/2578 2814/2656/2872
f 2815/2659/2877 2814/2656/2872 2827/2655/2878
f 2827/2655/2878 2814/2656/2872 2826/2650/2873
f 2827/2655/2878 2826/2650/2873 2833/2648/2879
f 2833/2648/2879 2826/2650/2873 2832/2649/2874
f 2833/2648/2879 2832/2649/2874 2839/2647/2880
f 2839/2647/2880 2832/2649/2874 2838/2674/2875
f 2839/2647/2880 2838/2674/2875 2845/2675/2881
f 2845/2675/2881 2838/2674/2875 2844/2677/2876
f 2845/2675/2881 2844/2677/2876 2851/2678/2820
f 2851/2678/2820 2844/2677/2876 2850/2681/2822
f 2819/3025/2582 2820/3024/2580 2816/2662/2882
f 2816/2662/2882 2820/3024/2580 2815/2659/2877
f 2816/2662/2882 2815/2659/2877 2828/2658/2883
f 2828/2658/2883 2815/2659/2877 2827/2655/2878
f 2828/2658/2883 2827/2655/2878 2834/2654/2884
f 2834/2654/2884 2827/2655/2878 2833/2648/2879
f 2834/2654/2884 2833/2648/2879 2840/2646/2885
f 2840/2646/2885 2833/2648/2879 2839/2647/2880
f 2840/2646/2885 2839/2647/2880 2846/2623/2886
f 2846/2623/2886 2839/2647/2880 2845/2675/2881
f 2846/2623/2886 2845/2675/2881 2852/2624/2818
f 2852/2624/2818 2845/2675/2881 2851/2678/2820
f 2818/3026/2584 2819/3025/2582 2817/3094/2830
f 2817/3094/2830 2819/3025/2582 2816/2662/2882
f 2817/3094/2830 2816/2662/2882 2829/3091/2829
f 2829/3091/2829 2816/2662/2882 2828/2658/2883
f 2829/3091/2829 2828/2658/2883 2835/3089/2828
f 2835/3089/2828 2828/2658/2883 2834/2654/2884
f 2835/3089/2828 2834/2654/2884 2841/3086/2827
f 2841/3086/2827 2834/2654/2884 2840/2646/2885
f 2841/3086/2827 2840/2646/2885 2847/3084/2826
f 2847/3084/2826 2840/2646/2885 2846/2623/2886
f 2847/3084/2826 2846/2623/2886 2853/2619/2816
f 2853/2619/2816 2846/2623/2886 2852/2624/2818
f 2967/2490/2726 2956/2497/2731 2957/2491/2727
f 2957/2491/2727 2956/2497/2731 2969/2712/2887
f 2957/2491/2727 2969/2712/2887 2970/2492/2728
f 2970/2492/2728 2969/2712/2887 2976/2713/2888
f 2970/2492/2728 2976/2713/2888 2977/2493/2729
f 2977/2493/2729 2976/2713/2888 2983/2714/2889
f 2977/2493/2729 2983/2714/2889 2984/2494/2730
f 2984/2494/2730 2983/2714/2889 2990/3107/2890
f 2984/2494/2730 2990/3107/2890 2991/3042/2622
f 2991/3042/2622 2990/3107/2890 2997/2362/2624
f 2956/2497/2731 2968/2499/2732 2969/2712/2887
f 2969/2712/2887 2968/2499/2732 2975/2718/2891
f 2969/2712/2887 2975/2718/2891 2976/2713/2888
f 2976/2713/2888 2975/2718/2891 2982/2719/2892
f 2976/2713/2888 2982/2719/2892 2983/2714/2889
f 2983/2714/2889 2982/2719/2892 2989/3108/2893
f 2983/2714/2889 2989/3108/2893 2990/3107/2890
f 2990/3107/2890 2989/3108/2893 2996/2496/21
f 2990/3107/2890 2996/2496/21 2997/2362/2624
f 2997/2362/2624 2996/2496/21 3003/3045/2626
f 2968/2499/2732 2974/2501/2733 2975/2718/2891
f 2975/2718/2891 2974/2501/2733 2981/2724/2894
f 2975/2718/2891 2981/2724/2894 2982/2719/2892
f 2982/2719/2892 2981/2724/2894 2988/3109/2895
f 2982/2719/2892 2988/3109/2895 2989/3108/2893
f 2989/3108/2893 2988/3109/2895 2995/2716/20
f 2989/3108/2893 2995/2716/20 2996/2496/21
f 2996/2496/21 2995/2716/20 3002/3110/2896
f 2996/2496/21 3002/3110/2896 3003/3045/2626
f 3003/3045/2626 3002/3110/2896 3009/2367/2628
f 2974/2501/2733 2980/2503/2734 2981/2724/2894
f 2981/2724/2894 2980/2503/2734 2987/3111/2897
f 2981/2724/2894 2987/3111/2897 2988/3109/2895
f 2988/3109/2895 2987/3111/2897 2994/2721/19
f 2988/3109/2895 2994/2721/19 2995/2716/20
f 2995/2716/20 2994/2721/19 3001/3112/2898
f 2995/2716/20 3001/3112/2898 3002/3110/2896
f 3002/3110/2896 3001/3112/2898 3008/2723/2899
f 3002/3110/2896 3008/2723/2899 3009/2367/2628
f 3009/2367/2628 3008/2723/2899 3015/2369/2630
f 2980/2503/2734 2986/3080/2735 2987/3111/2897
f 2987/3111/2897 2986/3080/2735 2993/2726/18
f 2987/3111/2897 2993/2726/18 2994/2721/19
f 2994/2721/19 2993/2726/18 3000/3113/2900
f 2994/2721/19 3000/3113/2900 3001/3112/2898
f 3001/3112/2898 3000/3113/2900 3007/2728/2901
f 3001/3112/2898 3007/2728/2901 3008/2723/2899
f 3008/2723/2899 3007/2728/2901 3014/2729/2902
f 3008/2723/2899 3014/2729/2902 3015/2369/2630
f 3015/2369/2630 3014/2729/2902 3021/2371/2632
f 2986/3080/2735 2992/2507/2736 2993/2726/18
f 2993/2726/18 2992/2507/2736 2999/3114/2903
f 2993/2726/18 2999/3114/2903 3000/3113/2900
f 3000/3113/2900 2999/3114/2903 3006/2731/2904
f 3000/3113/2900 3006/2731/2904 3007/2728/2901
f 3007/2728/2901 3006/2731/2904 3013/2732/2905
f 3007/2728/2901 3013/2732/2905 3014/2729/2902
f 3014/2729/2902 3013/2732/2905 3020/2733/2906
f 3014/2729/2902 3020/2733/2906 3021/2371/2632
f 3021/2371/2632 3020/2733/2906 3027/2373/2634
f 2992/2507/2736 2998/3081/2737 2999/3114/2903
f 2999/3114/2903 2998/3081/2737 3005/2734/2907
f 2999/3114/2903 3005/2734/2907 3006/2731/2904
f 3006/2731/2904 3005/2734/2907 3012/2735/2908
f 3006/2731/2904 3012/2735/2908 3013/2732/2905
f 3013/2732/2905 3012/2735/2908 3019/2736/2909
f 3013/2732/2905 3019/2736/2909 3020/2733/2906
f 3020/2733/2906 3019/2736/2909 3026/2737/2910
f 3020/2733/2906 3026/2737/2910 3027/2373/2634
f 3027/2373/2634 3026/2737/2910 3034/2375/2636
f 2998/3081/2737 3004/2511/2738 3005/2734/2907
f 3005/2734/2907 3004/2511/2738 3011/2738/2911
f 3005/2734/2907 3011/2738/2911 3012/2735/2908
f 3012/2735/2908 3011/2738/2911 3018/2739/2912
f 3012/2735/2908 3018/2739/2912 3019/2736/2909
f 3019/2736/2909 3018/2739/2912 3025/2740/2913
f 3019/2736/2909 3025/2740/2913 3026/2737/2910
f 3026/2737/2910 3025/2740/2913 3035/2741/2914
f 3026/2737/2910 3035/2741/2914 3034/2375/2636
f 3034/2375/2636 3035/2741/2914 3033/2377/2638
f 3004/2511/2738 3010/2513/2739 3011/2738/2911
f 3011/2738/2911 3010/2513/2739 3017/2742/2915
f 3011/2738/2911 3017/2742/2915 3018/2739/2912
f 3018/2739/2912 3017/2742/2915 3024/2743/2916
f 3018/2739/2912 3024/2743/2916 3025/2740/2913
f 3025/2740/2913 3024/2743/2916 3036/2744/2917
f 3025/2740/2913 3036/2744/2917 3035/2741/2914
f 3035/2741/2914 3036/2744/2917 3032/2745/2918
f 3035/2741/2914 3032/2745/2918 3033/2377/2638
f 3033/2377/2638 3032/2745/2918 3045/2379/2640
f 3010/2513/2739 3016/2515/2740 3017/2742/2915
f 3017/2742/2915 3016/2515/2740 3023/2746/2919
f 3017/2742/2915 3023/2746/2919 3024/2743/2916
f 3024/2743/2916 3023/2746/2919 3037/2747/2920
f 3024/2743/2916 3037/2747/2920 3036/2744/2917
f 3036/2744/2917 3037/2747/2920 3031/2748/2921
f 3036/2744/2917 3031/2748/2921 3032/2745/2918
f 3032/2745/2918 3031/2748/2921 3044/2749/2922
f 3032/2745/2918 3044/2749/2922 3045/2379/2640
f 3045/2379/2640 3044/2749/2922 3051/2381/2642
f 3016/2515/2740 3022/2517/2741 3023/2746/2919
f 3023/2746/2919 3022/2517/2741 3038/2750/2923
f 3023/2746/2919 3038/2750/2923 3037/2747/2920
f 3037/2747/2920 3038/2750/2923 3030/2751/2924
f 3037/2747/2920 3030/2751/2924 3031/2748/2921
f 3031/2748/2921 3030/2751/2924 3043/2752/2925
f 3031/2748/2921 3043/2752/2925 3044/2749/2922
f 3044/2749/2922 3043/2752/2925 3050/2753/2926
f 3044/2749/2922 3050/2753/2926 3051/2381/2642
f 3051/2381/2642 3050/2753/2926 3057/2383/2644
f 3039/2519/2742 3029/2521/2744 3038/2750/2923
f 3038/2750/2923 3029/2521/2744 3030/2751/2924
f 3043/2752/2925 3030/2751/2924 3042/2523/2746
f 3042/2523/2746 3030/2751/2924 3029/2521/2744
f 3022/2517/2741 3039/2519/2742 3038/2750/2923
f 3050/2753/2926 3043/2752/2925 3049/2525/2748
f 3049/2525/2748 3043/2752/2925 3042/2523/2746
f 3057/2383/2644 3050/2753/2926 3056/2527/2750
f 3056/2527/2750 3050/2753/2926 3049/2525/2748
f 3063/2385/2646 3057/2383/2644 3056/2527/2750
f 3105/2596/2801 3094/2601/2806 3095/2597/2802
f 3095/2597/2802 3094/2601/2806 3107/2754/2927
f 3095/2597/2802 3107/2754/2927 3108/2598/2803
f 3108/2598/2803 3107/2754/2927 3114/2755/2928
f 3108/2598/2803 3114/2755/2928 3115/2599/2804
f 3115/2599/2804 3114/2755/2928 3121/2756/2929
f 3115/2599/2804 3121/2756/2929 3122/2600/2805
f 3122/2600/2805 3121/2756/2929 3128/2757/2930
f 3122/2600/2805 3128/2757/2930 3129/2411/2670
f 3129/2411/2670 3128/2757/2930 3135/2413/2672
f 3094/2601/2806 3106/2603/2807 3107/2754/2927
f 3107/2754/2927 3106/2603/2807 3113/2758/2931
f 3107/2754/2927 3113/2758/2931 3114/2755/2928
f 3114/2755/2928 3113/2758/2931 3120/2759/2932
f 3114/2755/2928 3120/2759/2932 3121/2756/2929
f 3121/2756/2929 3120/2759/2932 3127/2760/2933
f 3121/2756/2929 3127/2760/2933 3128/2757/2930
f 3128/2757/2930 3127/2760/2933 3134/2417/2934
f 3128/2757/2930 3134/2417/2934 3135/2413/2672
f 3135/2413/2672 3134/2417/2934 3141/3071/2673
f 3106/2603/2807 3112/2605/2808 3113/2758/2931
f 3113/2758/2931 3112/2605/2808 3119/2761/2935
f 3113/2758/2931 3119/2761/2935 3120/2759/2932
f 3120/2759/2932 3119/2761/2935 3126/2762/2936
f 3120/2759/2932 3126/2762/2936 3127/2760/2933
f 3127/2760/2933 3126/2762/2936 3133/2419/2937
f 3127/2760/2933 3133/2419/2937 3134/2417/2934
f 3134/2417/2934 3133/2419/2937 3140/2418/2938
f 3134/2417/2934 3140/2418/2938 3141/3071/2673
f 3141/3071/2673 3140/2418/2938 3147/3073/2674
f 3112/2605/2808 3118/2607/2809 3119/2761/2935
f 3119/2761/2935 3118/2607/2809 3125/2763/2939
f 3119/2761/2935 3125/2763/2939 3126/2762/2936
f 3126/2762/2936 3125/2763/2939 3132/2421/2940
f 3126/2762/2936 3132/2421/2940 3133/2419/2937
f 3133/2419/2937 3132/2421/2940 3139/2420/2941
f 3133/2419/2937 3139/2420/2941 3140/2418/2938
f 3140/2418/2938 3139/2420/2941 3146/2670/2942
f 3140/2418/2938 3146/2670/2942 3147/3073/2674
f 3147/3073/2674 3146/2670/2942 3153/3076/2675
f 3118/2607/2809 3124/2609/2810 3125/2763/2939
f 3125/2763/2939 3124/2609/2810 3131/2423/2943
f 3125/2763/2939 3131/2423/2943 3132/2421/2940
f 3132/2421/2940 3131/2423/2943 3138/2422/2944
f 3132/2421/2940 3138/2422/2944 3139/2420/2941
f 3139/2420/2941 3138/2422/2944 3145/2770/2945
f 3139/2420/2941 3145/2770/2945 3146/2670/2942
f 3146/2670/2942 3145/2770/2945 3152/2668/2946
f 3146/2670/2942 3152/2668/2946 3153/3076/2675
f 3153/3076/2675 3152/2668/2946 3159/3078/2676
f 3124/2609/2810 3130/2425/2811 3131/2423/2943
f 3131/2423/2943 3130/2425/2811 3137/2424/2947
f 3131/2423/2943 3137/2424/2947 3138/2422/2944
f 3138/2422/2944 3137/2424/2947 3144/2767/2948
f 3138/2422/2944 3144/2767/2948 3145/2770/2945
f 3145/2770/2945 3144/2767/2948 3151/2771/2949
f 3145/2770/2945 3151/2771/2949 3152/2668/2946
f 3152/2668/2946 3151/2771/2949 3158/2665/2950
f 3152/2668/2946 3158/2665/2950 3159/3078/2676
f 3159/3078/2676 3158/2665/2950 3165/3027/2585
f 3130/2425/2811 3136/2426/2812 3137/2424/2947
f 3137/2424/2947 3136/2426/2812 3143/2764/2951
f 3137/2424/2947 3143/2764/2951 3144/2767/2948
f 3144/2767/2948 3143/2764/2951 3150/2768/2952
f 3144/2767/2948 3150/2768/2952 3151/2771/2949
f 3151/2771/2949 3150/2768/2952 3157/2772/2953
f 3151/2771/2949 3157/2772/2953 3158/2665/2950
f 3158/2665/2950 3157/2772/2953 3164/2303/2583
f 3158/2665/2950 3164/2303/2583 3165/3027/2585
f 3136/2426/2812 3142/2611/2813 3143/2764/2951
f 3143/2764/2951 3142/2611/2813 3149/2765/2954
f 3143/2764/2951 3149/2765/2954 3150/2768/2952
f 3150/2768/2952 3149/2765/2954 3156/2769/2955
f 3150/2768/2952 3156/2769/2955 3157/2772/2953
f 3157/2772/2953 3156/2769/2955 3163/2301/2581
f 3157/2772/2953 3163/2301/2581 3164/2303/2583
f 3142/2611/2813 3148/2613/2814 3149/2765/2954
f 3149/2765/2954 3148/2613/2814 3155/2766/2956
f 3149/2765/2954 3155/2766/2956 3156/2769/2955
f 3156/2769/2955 3155/2766/2956 3162/2299/2579
f 3156/2769/2955 3162/2299/2579 3163/2301/2581
f 3148/2613/2814 3154/2615/2815 3155/2766/2956
f 3155/2766/2956 3154/2615/2815 3161/2297/2577
f 3155/2766/2956 3161/2297/2577 3162/2299/2579
f 3160/2295/2575 3161/2297/2577 3154/2615/2815
f 2099/3115/30 2532/3116/30 2498/3117/30
f 2498/3117/30 2532/3116/30 2531/3118/30
f 2498/3117/30 2531/3118/30 2530/3119/30
f 2098/3120/30 1963/3121/30 2099/3115/30
f 2099/3115/30 1963/3121/30 1962/3122/30
f 2099/3115/30 1962/3122/30 1961/3123/30
f 2098/3120/30 1964/3124/30 1963/3121/30
f 1960/3125/30 2535/3126/30 1961/3123/30
f 1961/3123/30 2535/3126/30 2534/3127/30
f 1961/3123/30 2534/3127/30 2099/3115/30
f 2099/3115/30 2534/3127/30 2533/3128/30
f 2099/3115/30 2533/3128/30 2532/3116/30
f 2535/3126/30 1960/3125/30 2536/3129/30
f 2536/3129/30 1960/3125/30 1959/3130/30
f 2536/3129/30 1959/3130/30 2537/3131/30
f 2537/3131/30 1959/3130/30 1958/3132/30
f 2537/3131/30 1958/3132/30 1957/3133/30
f 2537/3131/30 1957/3133/30 2538/3134/30
f 2538/3134/30 1957/3133/30 1956/3135/30
f 2538/3134/30 1956/3135/30 2539/3136/30
f 2539/3136/30 1956/3135/30 3166/3137/30
f 2539/3136/30 3166/3137/30 3167/3138/30
f 1899/3139/1 3168/3140/1 1900/3141/1
f 1900/3141/1 3168/3140/1 3166/3138/1
f 1900/3141/1 3166/3138/1 1972/3142/1
f 1972/3142/1 3166/3138/1 1973/3143/1
f 1973/3143/1 3166/3138/1 1974/3144/1
f 1974/3144/1 3166/3138/1 1975/3145/1
f 1975/3145/1 3166/3138/1 1976/3146/1
f 1976/3146/1 3166/3138/1 1977/3147/1
f 1977/3147/1 3166/3138/1 1978/3148/1
f 1978/3148/1 3166/3138/1 1956/3149/1
f 1899/3139/1 1898/3150/1 3168/3140/1
f 3168/3140/1 1898/3150/1 1897/3151/1
f 3168/3140/1 1897/3151/1 1896/3152/1
f 1896/3152/1 1895/3153/1 3168/3140/1
f 3168/3140/1 1895/3153/1 1894/3154/1
f 3168/3140/1 1894/3154/1 1893/3155/1
f 1893/3155/1 1892/3156/1 3168/3140/1
f 2546/3157/16 3167/3140/16 2547/3158/2469
f 2547/3158/2469 3167/3140/16 3169/3138/16
f 2547/3158/2469 3169/3138/16 2633/3159/16
f 2633/3159/16 3169/3138/16 2634/3160/16
f 2634/3160/16 3169/3138/16 2635/3161/16
f 2635/3161/16 3169/3138/16 2636/3162/16
f 2636/3162/16 3169/3138/16 2637/3163/16
f 2637/3163/16 3169/3138/16 2638/3164/16
f 2638/3164/16 3169/3138/16 2639/3165/16
f 2639/3165/16 3169/3138/16 2616/3136/16
f 2546/3157/16 2545/3166/16 3167/3140/16
f 3167/3140/16 2545/3166/16 2544/3167/16
f 3167/3140/16 2544/3167/16 2543/3168/16
f 2543/3168/16 2542/3169/16 3167/3140/16
f 3167/3140/16 2542/3169/16 2541/3170/2452
f 3167/3140/16 2541/3170/2452 2540/3171/16
f 2540/3171/16 2539/3172/16 3167/3140/16
f 2774/3173/2957 2623/3174/29 2096/3175/29
f 2096/3175/29 2623/3174/29 2622/3176/29
f 2096/3175/29 2622/3176/29 2621/3177/29
f 2625/3178/29 2624/3179/2957 2774/3173/2957
f 2774/3173/2957 2624/3179/2957 2623/3174/29
f 2096/3175/29 2621/3177/29 1887/3180/29
f 1887/3180/29 2621/3177/29 2620/3181/29
f 1887/3180/29 2620/3181/29 1888/3182/29
f 1888/3182/29 2620/3181/29 2619/3183/29
f 1888/3182/29 2619/3183/29 1889/3184/29
f 1889/3184/29 2619/3183/29 2618/3185/29
f 1889/3184/29 2618/3185/29 1890/3186/29
f 1890/3186/29 2618/3185/29 1891/3187/29
f 1891/3187/29 2618/3185/29 2617/3188/29
f 1891/3187/29 2617/3188/29 1892/3149/29
f 1892/3149/29 2617/3188/29 2616/3189/29
f 1892/3149/29 2616/3189/29 3168/3138/29
f 3168/3138/29 2616/3189/29 3169/3137/29
f 1887/3180/29 1886/3190/29 2096/3175/29
f 2096/3175/29 1886/3190/29 1885/3191/29
f 2096/3175/29 1885/3191/29 2097/3192/29
f 2097/3192/29 1885/3191/29 1884/3193/29
f 3169/3194/15 3167/3195/15 3168/3196/15
f 3168/3196/15 3167/3195/15 3166/3197/15
f 3170/3198/1 3171/3199/2958 3201/3200/1
f 3201/3200/1 3171/3199/2958 3208/3201/2959
f 3201/3200/1 3208/3201/2959 3217/3202/2960
f 3217/3202/2960 3208/3201/2959 3207/3203/2961
f 3217/3202/2960 3207/3203/2961 3216/3204/2962
f 3216/3204/2962 3207/3203/2961 3206/3205/2963
f 3216/3204/2962 3206/3205/2963 3215/3206/2964
f 3215/3206/2964 3206/3205/2963 3205/3207/2965
f 3215/3206/2964 3205/3207/2965 3214/3208/2966
f 3214/3208/2966 3205/3207/2965 3204/3209/2967
f 3214/3208/2966 3204/3209/2967 3213/3210/2968
f 3213/3210/2968 3204/3209/2967 2127/3211/2969
f 3213/3210/2968 2127/3211/2969 2126/3212/2970
f 3171/3199/2958 3172/3213/2971 3208/3201/2959
f 3208/3201/2959 3172/3213/2971 3207/3203/2961
f 3172/3213/2971 3173/3214/2972 3207/3203/2961
f 3207/3203/2961 3173/3214/2972 3174/3215/2973
f 3207/3203/2961 3174/3215/2973 3206/3205/2963
f 3206/3205/2963 3174/3215/2973 3209/3216/2974
f 3206/3205/2963 3209/3216/2974 3210/3217/2975
f 3210/3217/2975 3209/3216/2974 3175/3218/2976
f 3210/3217/2975 3175/3218/2976 3211/3219/2977
f 3211/3219/2977 3175/3218/2976 3176/3220/2978
f 3211/3219/2977 3176/3220/2978 3212/3221/2979
f 3212/3221/2979 3176/3220/2978 3177/3222/2980
f 3212/3221/2979 3177/3222/2980 3178/3223/2981
f 3174/3215/2973 3175/3218/2976 3209/3216/2974
f 3179/3224/2982 2130/3225/2983 3178/3223/2981
f 3178/3223/2981 2130/3225/2983 2129/3226/2984
f 3178/3223/2981 2129/3226/2984 3212/3221/2979
f 3212/3221/2979 2129/3226/2984 2128/3227/2985
f 3212/3221/2979 2128/3227/2985 3203/3228/2986
f 3203/3228/2986 2128/3227/2985 2127/3211/2969
f 3203/3228/2986 2127/3211/2969 3204/3209/2967
f 3179/3224/2982 3180/3229/2987 2130/3225/2983
f 2130/3225/2983 3180/3229/2987 3181/3230/2988
f 2130/3225/2983 3181/3230/2988 2131/3231/2989
f 3213/3210/2968 2126/3212/2970 3218/3232/2990
f 3218/3232/2990 2126/3212/2970 2125/3233/2991
f 3218/3232/2990 2125/3233/2991 3223/3234/2992
f 3223/3234/2992 2125/3233/2991 2124/3235/2993
f 3223/3234/2992 2124/3235/2993 3237/3236/2994
f 3237/3236/2994 2124/3235/2993 3228/3237/2995
f 3237/3236/2994 3228/3237/2995 3229/3238/2996
f 3229/3238/2996 3228/3237/2995 3239/3239/2997
f 3229/3238/2996 3239/3239/2997 3240/3240/2998
f 3240/3240/2998 3239/3239/2997 3245/3241/2999
f 3240/3240/2998 3245/3241/2999 3246/3242/3000
f 3246/3242/3000 3245/3241/2999 3250/3243/3001
f 3246/3242/3000 3250/3243/3001 3251/3244/3002
f 3251/3244/3002 3250/3243/3001 3192/3245/3003
f 3251/3244/3002 3192/3245/3003 3193/3246/3004
f 2124/3235/2993 2123/3247/3005 3228/3237/2995
f 3228/3237/2995 2123/3247/3005 3238/3248/3006
f 3228/3237/2995 3238/3248/3006 3239/3239/2997
f 3239/3239/2997 3238/3248/3006 3244/3249/3007
f 3239/3239/2997 3244/3249/3007 3245/3241/2999
f 3245/3241/2999 3244/3249/3007 3249/3250/3008
f 3245/3241/2999 3249/3250/3008 3250/3243/3001
f 3250/3243/3001 3249/3250/3008 3190/3251/3009
f 3250/3243/3001 3190/3251/3009 3191/3252/3010
f 2123/3247/3005 2122/3253/3011 3238/3248/3006
f 3238/3248/3006 2122/3253/3011 3243/3254/3012
f 3238/3248/3006 3243/3254/3012 3244/3249/3007
f 3244/3249/3007 3243/3254/3012 3248/3255/3013
f 3244/3249/3007 3248/3255/3013 3249/3250/3008
f 3249/3250/3008 3248/3255/3013 3254/3256/3014
f 3249/3250/3008 3254/3256/3014 3190/3251/3009
f 3190/3251/3009 3254/3256/3014 3189/3257/3015
f 3189/3257/3015 3254/3256/3014 3188/3258/3016
f 3188/3258/3016 3254/3256/3014 3255/3259/3017
f 3188/3258/3016 3255/3259/3017 3253/3260/3018
f 3253/3260/3018 3255/3259/3017 3256/3261/3019
f 3253/3260/3018 3256/3261/3019 3252/3262/3020
f 3252/3262/3020 3256/3261/3019 2120/3263/3021
f 3252/3262/3020 2120/3263/3021 2119/3264/3022
f 2122/3253/3011 2121/3265/3023 3243/3254/3012
f 3243/3254/3012 2121/3265/3023 3202/3266/3024
f 3243/3254/3012 3202/3266/3024 3248/3255/3013
f 3248/3255/3013 3202/3266/3024 3255/3259/3017
f 3248/3255/3013 3255/3259/3017 3254/3256/3014
f 2121/3265/3023 2120/3263/3021 3202/3266/3024
f 3202/3266/3024 2120/3263/3021 3256/3261/3019
f 3202/3266/3024 3256/3261/3019 3255/3259/3017
f 2118/3267/3025 3185/3268/3026 2119/3264/3022
f 2119/3264/3022 3185/3268/3026 3186/3269/3027
f 2119/3264/3022 3186/3269/3027 3252/3262/3020
f 3252/3262/3020 3186/3269/3027 3187/3270/3028
f 3252/3262/3020 3187/3270/3028 3253/3260/3018
f 3253/3260/3018 3187/3270/3028 3188/3258/3016
f 2117/3271/3029 3182/3272/3030 2118/3267/3025
f 2118/3267/3025 3182/3272/3030 3183/3273/3031
f 2118/3267/3025 3183/3273/3031 3184/3274/3032
f 3184/3274/3032 3185/3268/3026 2118/3267/3025
f 3191/3252/3010 3192/3245/3003 3250/3243/3001
f 3194/3275/1 3195/3276/1 3193/3246/3004
f 3193/3246/3004 3195/3276/1 3251/3244/3002
f 3251/3244/3002 3195/3276/1 3247/3277/3033
f 3247/3277/3033 3195/3276/1 3196/3278/1
f 3247/3277/3033 3196/3278/1 3242/3279/3034
f 3242/3279/3034 3196/3278/1 3197/3280/1
f 3242/3279/3034 3197/3280/1 3232/3281/3035
f 3232/3281/3035 3197/3280/1 3198/3282/1
f 3232/3281/3035 3198/3282/1 3233/3283/3036
f 3233/3283/3036 3198/3282/1 3227/3284/3037
f 3233/3283/3036 3227/3284/3037 3226/3285/3038
f 3226/3285/3038 3227/3284/3037 3221/3286/3039
f 3226/3285/3038 3221/3286/3039 3220/3287/3040
f 3220/3287/3040 3221/3286/3039 3215/3206/2964
f 3220/3287/3040 3215/3206/2964 3214/3208/2966
f 3198/3282/1 3199/3288/1 3227/3284/3037
f 3227/3284/3037 3199/3288/1 3222/3289/3041
f 3227/3284/3037 3222/3289/3041 3221/3286/3039
f 3221/3286/3039 3222/3289/3041 3216/3204/2962
f 3221/3286/3039 3216/3204/2962 3215/3206/2964
f 3199/3288/1 3200/3290/1 3222/3289/3041
f 3222/3289/3041 3200/3290/1 3217/3202/2960
f 3222/3289/3041 3217/3202/2960 3216/3204/2962
f 3200/3290/1 3201/3200/1 3217/3202/2960
f 3204/3209/2967 3205/3207/2965 3203/3228/2986
f 3203/3228/2986 3205/3207/2965 3210/3217/2975
f 3203/3228/2986 3210/3217/2975 3212/3221/2979
f 3212/3221/2979 3210/3217/2975 3211/3219/2977
f 3205/3207/2965 3206/3205/2963 3210/3217/2975
f 3214/3208/2966 3213/3210/2968 3219/3291/3042
f 3219/3291/3042 3213/3210/2968 3218/3232/2990
f 3219/3291/3042 3218/3232/2990 3224/3292/3043
f 3224/3292/3043 3218/3232/2990 3223/3234/2992
f 3224/3292/3043 3223/3234/2992 3236/3293/3044
f 3236/3293/3044 3223/3234/2992 3237/3236/2994
f 3236/3293/3044 3237/3236/2994 3229/3238/2996
f 3214/3208/2966 3219/3291/3042 3220/3287/3040
f 3220/3287/3040 3219/3291/3042 3225/3294/3045
f 3220/3287/3040 3225/3294/3045 3226/3285/3038
f 3226/3285/3038 3225/3294/3045 3234/3295/3046
f 3226/3285/3038 3234/3295/3046 3233/3283/3036
f 3233/3283/3036 3234/3295/3046 3232/3281/3035
f 3225/3294/3045 3219/3291/3042 3224/3292/3043
f 3225/3294/3045 3224/3292/3043 3235/3296/3047
f 3235/3296/3047 3224/3292/3043 3236/3293/3044
f 3235/3296/3047 3236/3293/3044 3230/3297/3048
f 3230/3297/3048 3236/3293/3044 3229/3238/2996
f 3230/3297/3048 3229/3238/2996 3240/3240/2998
f 3230/3297/3048 3231/3298/3049 3235/3296/3047
f 3235/3296/3047 3231/3298/3049 3234/3295/3046
f 3235/3296/3047 3234/3295/3046 3225/3294/3045
f 3242/3279/3034 3232/3281/3035 3231/3298/3049
f 3231/3298/3049 3232/3281/3035 3234/3295/3046
f 3231/3298/3049 3230/3297/3048 3241/3299/3050
f 3241/3299/3050 3230/3297/3048 3240/3240/2998
f 3241/3299/3050 3240/3240/2998 3246/3242/3000
f 3247/3277/3033 3242/3279/3034 3241/3299/3050
f 3241/3299/3050 3242/3279/3034 3231/3298/3049
f 3247/3277/3033 3241/3299/3050 3246/3242/3000
f 3251/3244/3002 3247/3277/3033 3246/3242/3000
f 3170/3300/1 3201/3301/1 3260/3302/1
f 3260/3302/1 3201/3301/1 3200/3303/1
f 3260/3302/1 3200/3303/1 3259/3304/1
f 3259/3304/1 3200/3303/1 1806/3305/1
f 1806/3305/1 3200/3303/1 3199/3306/1
f 1806/3305/1 3199/3306/1 3198/3307/1
f 3197/3308/1 1732/3309/1 3198/3307/1
f 3198/3307/1 1732/3309/1 1807/3310/1
f 3198/3307/1 1807/3310/1 1806/3305/1
f 3197/3308/1 3196/3311/1 1732/3309/1
f 1732/3309/1 3196/3311/1 3258/3312/1
f 3258/3312/1 3196/3311/1 3257/3313/1
f 3257/3313/1 3196/3311/1 3195/3314/1
f 3257/3313/1 3195/3314/1 3194/3315/1
f 1732/3309/1 1839/3316/1 1807/3310/1
f 3298/3317/16 3261/3318/16 3308/3319/3051
f 3308/3319/3051 3261/3318/16 3262/3320/3052
f 3308/3319/3051 3262/3320/3052 3263/3321/3053
f 3308/3319/3051 3263/3321/3053 3307/3322/3054
f 3307/3322/3054 3263/3321/3053 3264/3323/3055
f 3307/3322/3054 3264/3323/3055 3306/3324/3056
f 3306/3324/3056 3264/3323/3055 3265/3325/3057
f 3306/3324/3056 3265/3325/3057 3309/3326/3058
f 3309/3326/3058 3265/3325/3057 3266/3327/3059
f 3309/3326/3058 3266/3327/3059 3310/3328/3060
f 3310/3328/3060 3266/3327/3059 3267/3329/3061
f 3310/3328/3060 3267/3329/3061 3311/3330/3062
f 3311/3330/3062 3267/3329/3061 3268/3331/3063
f 3311/3330/3062 3268/3331/3063 3315/3332/3064
f 3315/3332/3064 3268/3331/3063 3269/3333/3065
f 3315/3332/3064 3269/3333/3065 3311/3330/3062
f 3311/3330/3062 3269/3333/3065 3313/3334/3066
f 3311/3330/3062 3313/3334/3066 3312/3335/3067
f 3312/3335/3067 3313/3334/3066 3314/3336/3068
f 3312/3335/3067 3314/3336/3068 3300/3337/3069
f 3300/3337/3069 3314/3336/3068 2803/3338/3070
f 3300/3337/3069 2803/3338/3070 2802/3339/3071
f 3269/3333/3065 3270/3340/3072 3313/3334/3066
f 3313/3334/3066 3270/3340/3072 3314/3336/3068
f 3314/3336/3068 3270/3340/3072 3301/3341/3073
f 3301/3341/3073 3270/3340/3072 3271/3342/3074
f 3301/3341/3073 3271/3342/3074 3272/3343/3075
f 3273/3344/3076 2805/3345/3077 3272/3343/3075
f 3272/3343/3075 2805/3345/3077 2804/3346/3078
f 3272/3343/3075 2804/3346/3078 3301/3341/3073
f 3301/3341/3073 2804/3346/3078 3314/3336/3068
f 3273/3344/3076 3274/3347/3079 2805/3345/3077
f 2805/3345/3077 3274/3347/3079 3275/3348/3080
f 2805/3345/3077 3275/3348/3080 2516/3349/3081
f 2804/3346/3078 2803/3338/3070 3314/3336/3068
f 2801/3350/3082 3316/3351/3083 2802/3339/3071
f 2802/3339/3071 3316/3351/3083 3302/3352/3084
f 2802/3339/3071 3302/3352/3084 3300/3337/3069
f 3300/3337/3069 3302/3352/3084 3312/3335/3067
f 3316/3351/3083 2801/3350/3082 3323/3353/3085
f 3323/3353/3085 2801/3350/3082 2800/3354/3086
f 3323/3353/3085 2800/3354/3086 3330/3355/3087
f 3330/3355/3087 2800/3354/3086 2799/3356/3088
f 3330/3355/3087 2799/3356/3088 3350/3357/3089
f 3350/3357/3089 2799/3356/3088 3337/3358/3090
f 3350/3357/3089 3337/3358/3090 3338/3359/3091
f 3338/3359/3091 3337/3358/3090 3352/3360/3092
f 3338/3359/3091 3352/3360/3092 3353/3361/3093
f 3353/3361/3093 3352/3360/3092 3360/3362/3094
f 3353/3361/3093 3360/3362/3094 3361/3363/3095
f 3361/3363/3095 3360/3362/3094 3367/3364/3096
f 3361/3363/3095 3367/3364/3096 3368/3365/3097
f 3368/3365/3097 3367/3364/3096 3374/3366/3098
f 3368/3365/3097 3374/3366/3098 3287/3367/3099
f 3287/3367/3099 3374/3366/3098 3286/3368/3100
f 3286/3368/3100 3374/3366/3098 3375/3369/3101
f 3286/3368/3100 3375/3369/3101 3285/3370/3102
f 3285/3370/3102 3375/3369/3101 3284/3371/3103
f 3284/3371/3103 3375/3369/3101 3376/3372/3104
f 3284/3371/3103 3376/3372/3104 3378/3373/3105
f 3378/3373/3105 3376/3372/3104 3372/3374/3106
f 3378/3373/3105 3372/3374/3106 3283/3375/3107
f 3283/3375/3107 3372/3374/3106 3373/3376/3108
f 3283/3375/3107 3373/3376/3108 3282/3377/3109
f 3282/3377/3109 3373/3376/3108 3281/3378/3110
f 3281/3378/3110 3373/3376/3108 3371/3379/3111
f 3281/3378/3110 3371/3379/3111 3379/3380/3112
f 3379/3380/3112 3371/3379/3111 2794/3381/3113
f 3379/3380/3112 2794/3381/3113 3279/3382/3114
f 3279/3382/3114 2794/3381/3113 2793/3383/3115
f 3279/3382/3114 2793/3383/3115 3278/3384/3116
f 3278/3384/3116 2793/3383/3115 3277/3385/3117
f 3277/3385/3117 2793/3383/3115 3276/3386/3118
f 3276/3386/3118 2793/3383/3115 2792/3387/3119
f 2799/3356/3088 2798/3388/3120 3337/3358/3090
f 3337/3358/3090 2798/3388/3120 3351/3389/3121
f 3337/3358/3090 3351/3389/3121 3352/3360/3092
f 3352/3360/3092 3351/3389/3121 3359/3390/3122
f 3352/3360/3092 3359/3390/3122 3360/3362/3094
f 3360/3362/3094 3359/3390/3122 3366/3391/3123
f 3360/3362/3094 3366/3391/3123 3367/3364/3096
f 3367/3364/3096 3366/3391/3123 3375/3369/3101
f 3367/3364/3096 3375/3369/3101 3374/3366/3098
f 2798/3388/3120 2797/3392/3124 3351/3389/3121
f 3351/3389/3121 2797/3392/3124 3358/3393/3125
f 3351/3389/3121 3358/3393/3125 3359/3390/3122
f 3359/3390/3122 3358/3393/3125 3365/3394/3126
f 3359/3390/3122 3365/3394/3126 3366/3391/3123
f 3366/3391/3123 3365/3394/3126 3376/3372/3104
f 3366/3391/3123 3376/3372/3104 3375/3369/3101
f 2797/3392/3124 2796/3395/3127 3358/3393/3125
f 3358/3393/3125 2796/3395/3127 3299/3396/3128
f 3358/3393/3125 3299/3396/3128 3365/3394/3126
f 3365/3394/3126 3299/3396/3128 3372/3374/3106
f 3365/3394/3126 3372/3374/3106 3376/3372/3104
f 2796/3395/3127 2795/3397/3129 3299/3396/3128
f 3299/3396/3128 2795/3397/3129 3377/3398/3130
f 3299/3396/3128 3377/3398/3130 3372/3374/3106
f 3372/3374/3106 3377/3398/3130 3373/3376/3108
f 3377/3398/3130 2795/3397/3129 3371/3379/3111
f 3371/3379/3111 2795/3397/3129 2794/3381/3113
f 3279/3382/3114 3280/3399/3131 3379/3380/3112
f 3379/3380/3112 3280/3399/3131 3281/3378/3110
f 3283/3375/3107 3284/3371/3103 3378/3373/3105
f 3368/3365/3097 3287/3367/3099 3369/3400/3132
f 3369/3400/3132 3287/3367/3099 3288/3401/3133
f 3369/3400/3132 3288/3401/3133 3289/3402/3134
f 3369/3400/3132 3289/3402/3134 3370/3403/3135
f 3370/3403/3135 3289/3402/3134 3290/3404/3136
f 3370/3403/3135 3290/3404/3136 3292/3405/16
f 3292/3405/16 3290/3404/3136 3291/3406/16
f 3370/3403/3135 3292/3405/16 3364/3407/3137
f 3364/3407/3137 3292/3405/16 3293/3408/16
f 3364/3407/3137 3293/3408/16 3357/3409/3138
f 3357/3409/3138 3293/3408/16 3294/3410/16
f 3357/3409/3138 3294/3410/16 3343/3411/3139
f 3343/3411/3139 3294/3410/16 3295/3412/16
f 3343/3411/3139 3295/3412/16 3344/3413/3140
f 3344/3413/3140 3295/3412/16 3336/3414/3141
f 3344/3413/3140 3336/3414/3141 3335/3415/3142
f 3335/3415/3142 3336/3414/3141 3328/3416/3143
f 3335/3415/3142 3328/3416/3143 3327/3417/3144
f 3327/3417/3144 3328/3416/3143 3320/3418/3145
f 3327/3417/3144 3320/3418/3145 3319/3419/3146
f 3319/3419/3146 3320/3418/3145 3305/3420/3147
f 3319/3419/3146 3305/3420/3147 3304/3421/3148
f 3304/3421/3148 3305/3420/3147 3310/3328/3060
f 3304/3421/3148 3310/3328/3060 3311/3330/3062
f 3295/3412/16 3296/3422/16 3336/3414/3141
f 3336/3414/3141 3296/3422/16 3329/3423/3149
f 3336/3414/3141 3329/3423/3149 3328/3416/3143
f 3328/3416/3143 3329/3423/3149 3321/3424/3150
f 3328/3416/3143 3321/3424/3150 3320/3418/3145
f 3320/3418/3145 3321/3424/3150 3306/3324/3056
f 3320/3418/3145 3306/3324/3056 3305/3420/3147
f 3305/3420/3147 3306/3324/3056 3309/3326/3058
f 3305/3420/3147 3309/3326/3058 3310/3328/3060
f 3296/3422/16 3297/3425/16 3329/3423/3149
f 3329/3423/3149 3297/3425/16 3322/3426/3151
f 3329/3423/3149 3322/3426/3151 3321/3424/3150
f 3321/3424/3150 3322/3426/3151 3307/3322/3054
f 3321/3424/3150 3307/3322/3054 3306/3324/3056
f 3297/3425/16 3298/3317/16 3322/3426/3151
f 3322/3426/3151 3298/3317/16 3308/3319/3051
f 3322/3426/3151 3308/3319/3051 3307/3322/3054
f 3311/3330/3062 3312/3335/3067 3303/3427/3152
f 3303/3427/3152 3312/3335/3067 3302/3352/3084
f 3303/3427/3152 3302/3352/3084 3317/3428/3153
f 3317/3428/3153 3302/3352/3084 3316/3351/3083
f 3317/3428/3153 3316/3351/3083 3324/3429/3154
f 3324/3429/3154 3316/3351/3083 3323/3353/3085
f 3324/3429/3154 3323/3353/3085 3331/3430/3155
f 3331/3430/3155 3323/3353/3085 3330/3355/3087
f 3331/3430/3155 3330/3355/3087 3349/3431/3156
f 3349/3431/3156 3330/3355/3087 3350/3357/3089
f 3349/3431/3156 3350/3357/3089 3338/3359/3091
f 3311/3330/3062 3303/3427/3152 3304/3421/3148
f 3304/3421/3148 3303/3427/3152 3318/3432/3157
f 3304/3421/3148 3318/3432/3157 3319/3419/3146
f 3319/3419/3146 3318/3432/3157 3326/3433/3158
f 3319/3419/3146 3326/3433/3158 3327/3417/3144
f 3327/3417/3144 3326/3433/3158 3334/3434/3159
f 3327/3417/3144 3334/3434/3159 3335/3415/3142
f 3335/3415/3142 3334/3434/3159 3345/3435/3160
f 3335/3415/3142 3345/3435/3160 3344/3413/3140
f 3344/3413/3140 3345/3435/3160 3343/3411/3139
f 3318/3432/3157 3303/3427/3152 3317/3428/3153
f 3318/3432/3157 3317/3428/3153 3325/3436/3161
f 3325/3436/3161 3317/3428/3153 3324/3429/3154
f 3325/3436/3161 3324/3429/3154 3332/3437/3162
f 3332/3437/3162 3324/3429/3154 3331/3430/3155
f 3332/3437/3162 3331/3430/3155 3348/3438/3163
f 3348/3438/3163 3331/3430/3155 3349/3431/3156
f 3348/3438/3163 3349/3431/3156 3339/3439/3164
f 3339/3439/3164 3349/3431/3156 3338/3359/3091
f 3339/3439/3164 3338/3359/3091 3353/3361/3093
f 3318/3432/3157 3325/3436/3161 3326/3433/3158
f 3326/3433/3158 3325/3436/3161 3333/3440/3165
f 3326/3433/3158 3333/3440/3165 3334/3434/3159
f 3334/3434/3159 3333/3440/3165 3346/3441/3166
f 3334/3434/3159 3346/3441/3166 3345/3435/3160
f 3345/3435/3160 3346/3441/3166 3342/3442/3167
f 3345/3435/3160 3342/3442/3167 3343/3411/3139
f 3343/3411/3139 3342/3442/3167 3357/3409/3138
f 3333/3440/3165 3325/3436/3161 3332/3437/3162
f 3333/3440/3165 3332/3437/3162 3347/3443/3168
f 3347/3443/3168 3332/3437/3162 3348/3438/3163
f 3347/3443/3168 3348/3438/3163 3340/3444/3169
f 3340/3444/3169 3348/3438/3163 3339/3439/3164
f 3340/3444/3169 3339/3439/3164 3354/3445/3170
f 3354/3445/3170 3339/3439/3164 3353/3361/3093
f 3354/3445/3170 3353/3361/3093 3361/3363/3095
f 3340/3444/3169 3341/3446/3171 3347/3443/3168
f 3347/3443/3168 3341/3446/3171 3346/3441/3166
f 3347/3443/3168 3346/3441/3166 3333/3440/3165
f 3346/3441/3166 3341/3446/3171 3342/3442/3167
f 3342/3442/3167 3341/3446/3171 3356/3447/3172
f 3342/3442/3167 3356/3447/3172 3357/3409/3138
f 3357/3409/3138 3356/3447/3172 3364/3407/3137
f 3341/3446/3171 3340/3444/3169 3355/3448/3173
f 3355/3448/3173 3340/3444/3169 3354/3445/3170
f 3355/3448/3173 3354/3445/3170 3362/3449/3174
f 3362/3449/3174 3354/3445/3170 3361/3363/3095
f 3362/3449/3174 3361/3363/3095 3368/3365/3097
f 3341/3446/3171 3355/3448/3173 3356/3447/3172
f 3356/3447/3172 3355/3448/3173 3363/3450/3175
f 3356/3447/3172 3363/3450/3175 3364/3407/3137
f 3364/3407/3137 3363/3450/3175 3370/3403/3135
f 3363/3450/3175 3355/3448/3173 3362/3449/3174
f 3368/3365/3097 3369/3400/3132 3362/3449/3174
f 3362/3449/3174 3369/3400/3132 3363/3450/3175
f 3369/3400/3132 3370/3403/3135 3363/3450/3175
f 3371/3379/3111 3373/3376/3108 3377/3398/3130
f 3261/3451/16 3298/3452/16 3381/3453/16
f 3381/3453/16 3298/3452/16 1752/3454/16
f 1752/3454/16 3298/3452/16 3297/3455/16
f 1752/3454/16 3297/3455/16 3296/3456/16
f 1752/3454/16 3296/3456/16 1753/3457/16
f 1753/3457/16 3296/3456/16 3295/3458/16
f 1753/3457/16 3295/3458/16 1785/3459/16
f 1785/3459/16 3295/3458/16 3294/3460/16
f 1785/3459/16 3294/3460/16 1786/3461/16
f 1786/3461/16 3294/3460/16 3293/3462/16
f 1786/3461/16 3293/3462/16 3292/3463/16
f 3291/3464/16 3380/3465/16 3292/3463/16
f 3292/3463/16 3380/3465/16 1786/3461/16
f 1732/3466/1688 3258/3467/3176 1733/3468/1690
f 1733/3468/1690 3258/3467/3176 3257/3469/3177
f 1733/3468/1690 3257/3469/3177 3388/3470/3178
f 3388/3470/3178 3257/3469/3177 3194/3471/3179
f 3388/3470/3178 3194/3471/3179 3390/3472/3180
f 3390/3472/3180 3194/3471/3179 3389/3473/3181
f 3390/3472/3180 3389/3473/3181 3382/3474/3182
f 3382/3474/3182 3389/3473/3181 3392/3475/3183
f 3382/3474/3182 3392/3475/3183 3400/3476/3184
f 3400/3476/3184 3392/3475/3183 3399/3477/3185
f 3400/3476/3184 3399/3477/3185 3409/3478/3186
f 3409/3478/3186 3399/3477/3185 3408/3479/3187
f 3409/3478/3186 3408/3479/3187 3417/3480/3188
f 3417/3480/3188 3408/3479/3187 3416/3481/3189
f 3417/3480/3188 3416/3481/3189 3383/3482/3190
f 3383/3482/3190 3416/3481/3189 3427/3483/3191
f 3383/3482/3190 3427/3483/3191 3426/3484/3192
f 3426/3484/3192 3427/3483/3191 3425/3485/3193
f 3426/3484/3192 3425/3485/3193 3443/3486/3194
f 3443/3486/3194 3425/3485/3193 3442/3487/3195
f 3443/3486/3194 3442/3487/3195 3452/3488/3196
f 3452/3488/3196 3442/3487/3195 3451/3489/3197
f 3452/3488/3196 3451/3489/3197 3460/3490/3198
f 3460/3490/3198 3451/3489/3197 3459/3491/3199
f 3460/3490/3198 3459/3491/3199 3470/3492/3200
f 3470/3492/3200 3459/3491/3199 3471/3493/3201
f 3470/3492/3200 3471/3493/3201 3469/3494/3202
f 3469/3494/3202 3471/3493/3201 3468/3495/3203
f 3469/3494/3202 3468/3495/3203 3487/3496/3204
f 3487/3496/3204 3468/3495/3203 3486/3497/3205
f 3487/3496/3204 3486/3497/3205 3497/3498/3206
f 3497/3498/3206 3486/3497/3205 3498/3499/3207
f 3497/3498/3206 3498/3499/3207 3496/3500/3208
f 3496/3500/3208 3498/3499/3207 3495/3501/3209
f 3496/3500/3208 3495/3501/3209 3513/3502/3210
f 3513/3502/3210 3495/3501/3209 3512/3503/3211
f 3513/3502/3210 3512/3503/3211 3522/3504/3212
f 3522/3504/3212 3512/3503/3211 3521/3505/3213
f 3522/3504/3212 3521/3505/3213 3531/3506/3214
f 3531/3506/3214 3521/3505/3213 3530/3507/3215
f 3531/3506/3214 3530/3507/3215 3533/3508/3216
f 3533/3508/3216 3530/3507/3215 3532/3509/3217
f 3533/3508/3216 3532/3509/3217 3262/3510/3218
f 3262/3510/3218 3532/3509/3217 3263/3511/3219
f 3263/3511/3219 3532/3509/3217 3530/3507/3215
f 3263/3511/3219 3530/3507/3215 3529/3512/3220
f 3529/3512/3220 3530/3507/3215 3520/3513/3221
f 3529/3512/3220 3520/3513/3221 3519/3514/3222
f 3519/3514/3222 3520/3513/3221 3510/3515/3223
f 3519/3514/3222 3510/3515/3223 3509/3516/3224
f 3509/3516/3224 3510/3515/3223 3492/3517/3225
f 3509/3516/3224 3492/3517/3225 3491/3518/3226
f 3491/3518/3226 3492/3517/3225 3502/3519/3227
f 3491/3518/3226 3502/3519/3227 3503/3520/3228
f 3503/3520/3228 3502/3519/3227 3481/3521/3229
f 3503/3520/3228 3481/3521/3229 3480/3522/3230
f 3480/3522/3230 3481/3521/3229 3462/3523/3231
f 3480/3522/3230 3462/3523/3231 3461/3524/3232
f 3461/3524/3232 3462/3523/3231 3478/3525/3233
f 3461/3524/3232 3478/3525/3233 2524/3526/2387
f 2524/3526/2387 3478/3525/3233 3385/3527/3234
f 2524/3526/2387 3385/3527/3234 2525/3528/2388
f 2525/3528/2388 3385/3527/3234 3444/3529/3235
f 2525/3528/2388 3444/3529/3235 2526/3530/2397
f 2526/3530/2397 3444/3529/3235 3435/3531/3236
f 2526/3530/2397 3435/3531/3236 2527/3532/2391
f 2527/3532/2391 3435/3531/3236 3418/3533/3237
f 2527/3532/2391 3418/3533/3237 2528/3534/2392
f 2528/3534/2392 3418/3533/3237 3434/3535/3238
f 2528/3534/2392 3434/3535/3238 3384/3536/3239
f 3384/3536/3239 3434/3535/3238 3433/3537/3240
f 3384/3536/3239 3433/3537/3240 3410/3538/3241
f 3410/3538/3241 3433/3537/3240 3432/3539/3242
f 3410/3538/3241 3432/3539/3242 3411/3540/3243
f 3411/3540/3243 3432/3539/3242 3431/3541/3244
f 3411/3540/3243 3431/3541/3244 3412/3542/3245
f 3412/3542/3245 3431/3541/3244 3430/3543/3246
f 3412/3542/3245 3430/3543/3246 3413/3544/3247
f 3413/3544/3247 3430/3543/3246 3429/3545/3248
f 3413/3544/3247 3429/3545/3248 3414/3546/3249
f 3414/3546/3249 3429/3545/3248 3428/3547/3250
f 3414/3546/3249 3428/3547/3250 3415/3548/3251
f 3415/3548/3251 3428/3547/3250 3427/3483/3191
f 3415/3548/3251 3427/3483/3191 3416/3481/3189
f 3194/3471/3179 3193/3549/3252 3389/3473/3181
f 3389/3473/3181 3193/3549/3252 3392/3475/3183
f 3193/3549/3252 3192/3550/3253 3392/3475/3183
f 3392/3475/3183 3192/3550/3253 3391/3551/3254
f 3392/3475/3183 3391/3551/3254 3399/3477/3185
f 3399/3477/3185 3391/3551/3254 3398/3552/3255
f 3399/3477/3185 3398/3552/3255 3408/3479/3187
f 3408/3479/3187 3398/3552/3255 3407/3553/3256
f 3408/3479/3187 3407/3553/3256 3416/3481/3189
f 3416/3481/3189 3407/3553/3256 3415/3548/3251
f 3192/3550/3253 3191/3554/3257 3391/3551/3254
f 3391/3551/3254 3191/3554/3257 3190/3555/3258
f 3391/3551/3254 3190/3555/3258 3398/3552/3255
f 3398/3552/3255 3190/3555/3258 3397/3556/3259
f 3398/3552/3255 3397/3556/3259 3407/3553/3256
f 3407/3553/3256 3397/3556/3259 3406/3557/3260
f 3407/3553/3256 3406/3557/3260 3415/3548/3251
f 3415/3548/3251 3406/3557/3260 3414/3546/3249
f 3190/3555/3258 3189/3558/3261 3397/3556/3259
f 3397/3556/3259 3189/3558/3261 3188/3559/3262
f 3397/3556/3259 3188/3559/3262 3396/3560/3263
f 3396/3560/3263 3188/3559/3262 3187/3561/3264
f 3396/3560/3263 3187/3561/3264 3395/3562/3265
f 3395/3562/3265 3187/3561/3264 3394/3563/3266
f 3395/3562/3265 3394/3563/3266 3404/3564/3267
f 3404/3564/3267 3394/3563/3266 3403/3565/3268
f 3404/3564/3267 3403/3565/3268 3412/3542/3245
f 3412/3542/3245 3403/3565/3268 3411/3540/3243
f 3187/3561/3264 3186/3566/3269 3394/3563/3266
f 3394/3563/3266 3186/3566/3269 3393/3567/3270
f 3394/3563/3266 3393/3567/3270 3403/3565/3268
f 3403/3565/3268 3393/3567/3270 3402/3568/3271
f 3403/3565/3268 3402/3568/3271 3411/3540/3243
f 3411/3540/3243 3402/3568/3271 3410/3538/3241
f 3186/3566/3269 3185/3569/3272 3393/3567/3270
f 3393/3567/3270 3185/3569/3272 3184/3570/3273
f 3393/3567/3270 3184/3570/3273 3402/3568/3271
f 3402/3568/3271 3184/3570/3273 3401/3571/3274
f 3402/3568/3271 3401/3571/3274 3410/3538/3241
f 3410/3538/3241 3401/3571/3274 3384/3536/3239
f 3184/3570/3273 3183/3572/3275 3401/3571/3274
f 3401/3571/3274 3183/3572/3275 3182/3573/3276
f 3401/3571/3274 3182/3573/3276 2117/3574/2043
f 2117/3574/2043 2529/3575/2398 3401/3571/3274
f 3401/3571/3274 2529/3575/2398 3384/3536/3239
f 2529/3575/2398 2528/3534/2392 3384/3536/3239
f 2524/3526/2387 2523/3576/2388 3461/3524/3232
f 3461/3524/3232 2523/3576/2388 3479/3577/3277
f 3461/3524/3232 3479/3577/3277 3480/3522/3230
f 3480/3522/3230 3479/3577/3277 3504/3578/3278
f 3480/3522/3230 3504/3578/3278 3503/3520/3228
f 3503/3520/3228 3504/3578/3278 3490/3579/3279
f 3503/3520/3228 3490/3579/3279 3491/3518/3226
f 3491/3518/3226 3490/3579/3279 3508/3580/3280
f 3491/3518/3226 3508/3580/3280 3509/3516/3224
f 3509/3516/3224 3508/3580/3280 3518/3581/3281
f 3509/3516/3224 3518/3581/3281 3519/3514/3222
f 3519/3514/3222 3518/3581/3281 3528/3582/3282
f 3519/3514/3222 3528/3582/3282 3529/3512/3220
f 3529/3512/3220 3528/3582/3282 3265/3583/3283
f 3529/3512/3220 3265/3583/3283 3264/3584/3284
f 3479/3577/3277 2523/3576/2388 3386/3585/3285
f 3386/3585/3285 2523/3576/2388 2522/3586/2390
f 3386/3585/3285 2522/3586/2390 3488/3587/3286
f 3488/3587/3286 2522/3586/2390 2521/3588/2391
f 3488/3587/3286 2521/3588/2391 2520/3589/2392
f 3488/3587/3286 2520/3589/2392 3505/3590/3287
f 3505/3590/3287 2520/3589/2392 2519/3591/2393
f 3505/3590/3287 2519/3591/2393 3514/3592/3288
f 3514/3592/3288 2519/3591/2393 2518/3593/2394
f 3514/3592/3288 2518/3593/2394 2517/3594/2395
f 3514/3592/3288 2517/3594/2395 3523/3595/3289
f 3523/3595/3289 2517/3594/2395 2516/3596/2396
f 3523/3595/3289 2516/3596/2396 3275/3597/3290
f 3275/3597/3290 3274/3598/3291 3523/3595/3289
f 3523/3595/3289 3274/3598/3291 3273/3599/3292
f 3523/3595/3289 3273/3599/3292 3524/3600/3293
f 3524/3600/3293 3273/3599/3292 3272/3601/3294
f 3524/3600/3293 3272/3601/3294 3271/3602/3295
f 3524/3600/3293 3271/3602/3295 3525/3603/3296
f 3525/3603/3296 3271/3602/3295 3270/3604/3297
f 3525/3603/3296 3270/3604/3297 3269/3605/3298
f 3525/3603/3296 3269/3605/3298 3526/3606/3299
f 3526/3606/3299 3269/3605/3298 3268/3607/3300
f 3526/3606/3299 3268/3607/3300 3527/3608/3301
f 3527/3608/3301 3268/3607/3300 3267/3609/3302
f 3527/3608/3301 3267/3609/3302 3528/3582/3282
f 3528/3582/3282 3267/3609/3302 3266/3610/3303
f 3528/3582/3282 3266/3610/3303 3265/3583/3283
f 3264/3584/3284 3263/3511/3219 3529/3512/3220
f 3262/3510/3218 3261/3611/3304 3533/3508/3216
f 3533/3508/3216 3261/3611/3304 3387/3612/3305
f 3533/3508/3216 3387/3612/3305 1751/3613/1725
f 1751/3613/1725 3387/3612/3305 3381/3614/3306
f 1751/3613/1725 3381/3614/3306 1752/3615/1726
f 3261/3611/3304 3381/3614/3306 3387/3612/3305
f 1751/3613/1725 1750/3616/1724 3533/3508/3216
f 3533/3508/3216 1750/3616/1724 3531/3506/3214
f 1750/3616/1724 1749/3617/1723 3531/3506/3214
f 3531/3506/3214 1749/3617/1723 3522/3504/3212
f 1749/3617/1723 1748/3618/1722 3522/3504/3212
f 3522/3504/3212 1748/3618/1722 3513/3502/3210
f 1748/3618/1722 1747/3619/1721 3513/3502/3210
f 3513/3502/3210 1747/3619/1721 3496/3500/3208
f 1747/3619/1721 1746/3620/1720 3496/3500/3208
f 3496/3500/3208 1746/3620/1720 3497/3498/3206
f 1746/3620/1720 1745/3621/1719 3497/3498/3206
f 3497/3498/3206 1745/3621/1719 1744/3622/1718
f 3497/3498/3206 1744/3622/1718 3487/3496/3204
f 3487/3496/3204 1744/3622/1718 1743/3623/1704
f 3487/3496/3204 1743/3623/1704 3469/3494/3202
f 3469/3494/3202 1743/3623/1704 1742/3624/30
f 3469/3494/3202 1742/3624/30 3470/3492/3200
f 3470/3492/3200 1742/3624/30 1741/3625/1703
f 3470/3492/3200 1741/3625/1703 3460/3490/3198
f 3460/3490/3198 1741/3625/1703 1740/3626/1701
f 3460/3490/3198 1740/3626/1701 3452/3488/3196
f 3452/3488/3196 1740/3626/1701 1739/3627/1700
f 3452/3488/3196 1739/3627/1700 3443/3486/3194
f 3443/3486/3194 1739/3627/1700 1738/3628/1698
f 3443/3486/3194 1738/3628/1698 3426/3484/3192
f 3426/3484/3192 1738/3628/1698 1737/3629/1697
f 3426/3484/3192 1737/3629/1697 3383/3482/3190
f 3383/3482/3190 1737/3629/1697 1736/3630/1695
f 3383/3482/3190 1736/3630/1695 3417/3480/3188
f 3417/3480/3188 1736/3630/1695 3409/3478/3186
f 1736/3630/1695 1735/3631/1693 3409/3478/3186
f 3409/3478/3186 1735/3631/1693 3400/3476/3184
f 3400/3476/3184 1735/3631/1693 3382/3474/3182
f 3382/3474/3182 1735/3631/1693 1734/3632/1692
f 3382/3474/3182 1734/3632/1692 3390/3472/3180
f 3390/3472/3180 1734/3632/1692 1733/3468/1690
f 3390/3472/3180 1733/3468/1690 3388/3470/3178
f 3406/3557/3260 3397/3556/3259 3396/3560/3263
f 3396/3560/3263 3395/3562/3265 3405/3633/3307
f 3405/3633/3307 3395/3562/3265 3404/3564/3267
f 3405/3633/3307 3404/3564/3267 3413/3544/3247
f 3413/3544/3247 3404/3564/3267 3412/3542/3245
f 3414/3546/3249 3406/3557/3260 3405/3633/3307
f 3405/3633/3307 3406/3557/3260 3396/3560/3263
f 3414/3546/3249 3405/3633/3307 3413/3544/3247
f 3433/3537/3240 3434/3535/3238 3419/3634/3308
f 3419/3634/3308 3434/3535/3238 3418/3533/3237
f 3419/3634/3308 3418/3533/3237 3436/3635/3309
f 3436/3635/3309 3418/3533/3237 3435/3531/3236
f 3436/3635/3309 3435/3531/3236 3445/3636/3310
f 3445/3636/3310 3435/3531/3236 3444/3529/3235
f 3445/3636/3310 3444/3529/3235 3453/3637/3311
f 3453/3637/3311 3444/3529/3235 3385/3527/3234
f 3453/3637/3311 3385/3527/3234 3477/3638/3312
f 3477/3638/3312 3385/3527/3234 3478/3525/3233
f 3477/3638/3312 3478/3525/3233 3462/3523/3231
f 3432/3539/3242 3433/3537/3240 3420/3639/3313
f 3420/3639/3313 3433/3537/3240 3419/3634/3308
f 3420/3639/3313 3419/3634/3308 3437/3640/3314
f 3437/3640/3314 3419/3634/3308 3436/3635/3309
f 3437/3640/3314 3436/3635/3309 3446/3641/3315
f 3446/3641/3315 3436/3635/3309 3445/3636/3310
f 3446/3641/3315 3445/3636/3310 3454/3642/3316
f 3454/3642/3316 3445/3636/3310 3453/3637/3311
f 3454/3642/3316 3453/3637/3311 3476/3643/3317
f 3476/3643/3317 3453/3637/3311 3477/3638/3312
f 3476/3643/3317 3477/3638/3312 3463/3644/3318
f 3463/3644/3318 3477/3638/3312 3462/3523/3231
f 3463/3644/3318 3462/3523/3231 3481/3521/3229
f 3431/3541/3244 3432/3539/3242 3421/3645/3319
f 3421/3645/3319 3432/3539/3242 3420/3639/3313
f 3421/3645/3319 3420/3639/3313 3438/3646/3320
f 3438/3646/3320 3420/3639/3313 3437/3640/3314
f 3438/3646/3320 3437/3640/3314 3447/3647/3321
f 3447/3647/3321 3437/3640/3314 3446/3641/3315
f 3447/3647/3321 3446/3641/3315 3455/3648/3322
f 3455/3648/3322 3446/3641/3315 3454/3642/3316
f 3455/3648/3322 3454/3642/3316 3475/3649/3323
f 3475/3649/3323 3454/3642/3316 3476/3643/3317
f 3475/3649/3323 3476/3643/3317 3464/3650/3324
f 3464/3650/3324 3476/3643/3317 3463/3644/3318
f 3464/3650/3324 3463/3644/3318 3482/3651/3325
f 3482/3651/3325 3463/3644/3318 3481/3521/3229
f 3482/3651/3325 3481/3521/3229 3502/3519/3227
f 3430/3543/3246 3431/3541/3244 3422/3652/3326
f 3422/3652/3326 3431/3541/3244 3421/3645/3319
f 3422/3652/3326 3421/3645/3319 3439/3653/3327
f 3439/3653/3327 3421/3645/3319 3438/3646/3320
f 3439/3653/3327 3438/3646/3320 3448/3654/3328
f 3448/3654/3328 3438/3646/3320 3447/3647/3321
f 3448/3654/3328 3447/3647/3321 3456/3655/3329
f 3456/3655/3329 3447/3647/3321 3455/3648/3322
f 3456/3655/3329 3455/3648/3322 3474/3656/3330
f 3474/3656/3330 3455/3648/3322 3475/3649/3323
f 3474/3656/3330 3475/3649/3323 3465/3657/3331
f 3465/3657/3331 3475/3649/3323 3464/3650/3324
f 3465/3657/3331 3464/3650/3324 3483/3658/3332
f 3483/3658/3332 3464/3650/3324 3482/3651/3325
f 3483/3658/3332 3482/3651/3325 3501/3659/3333
f 3501/3659/3333 3482/3651/3325 3502/3519/3227
f 3501/3659/3333 3502/3519/3227 3492/3517/3225
f 3429/3545/3248 3430/3543/3246 3423/3660/3334
f 3423/3660/3334 3430/3543/3246 3422/3652/3326
f 3423/3660/3334 3422/3652/3326 3440/3661/3335
f 3440/3661/3335 3422/3652/3326 3439/3653/3327
f 3440/3661/3335 3439/3653/3327 3449/3662/3336
f 3449/3662/3336 3439/3653/3327 3448/3654/3328
f 3449/3662/3336 3448/3654/3328 3457/3663/3337
f 3457/3663/3337 3448/3654/3328 3456/3655/3329
f 3457/3663/3337 3456/3655/3329 3473/3664/3338
f 3473/3664/3338 3456/3655/3329 3474/3656/3330
f 3473/3664/3338 3474/3656/3330 3466/3665/3339
f 3466/3665/3339 3474/3656/3330 3465/3657/3331
f 3466/3665/3339 3465/3657/3331 3484/3666/3340
f 3484/3666/3340 3465/3657/3331 3483/3658/3332
f 3484/3666/3340 3483/3658/3332 3500/3667/3341
f 3500/3667/3341 3483/3658/3332 3501/3659/3333
f 3500/3667/3341 3501/3659/3333 3493/3668/3342
f 3493/3668/3342 3501/3659/3333 3492/3517/3225
f 3493/3668/3342 3492/3517/3225 3510/3515/3223
f 3428/3547/3250 3429/3545/3248 3424/3669/3343
f 3424/3669/3343 3429/3545/3248 3423/3660/3334
f 3424/3669/3343 3423/3660/3334 3441/3670/3344
f 3441/3670/3344 3423/3660/3334 3440/3661/3335
f 3441/3670/3344 3440/3661/3335 3450/3671/3345
f 3450/3671/3345 3440/3661/3335 3449/3662/3336
f 3450/3671/3345 3449/3662/3336 3458/3672/3346
f 3458/3672/3346 3449/3662/3336 3457/3663/3337
f 3458/3672/3346 3457/3663/3337 3472/3673/3347
f 3472/3673/3347 3457/3663/3337 3473/3664/3338
f 3472/3673/3347 3473/3664/3338 3467/3674/3348
f 3467/3674/3348 3473/3664/3338 3466/3665/3339
f 3467/3674/3348 3466/3665/3339 3485/3675/3349
f 3485/3675/3349 3466/3665/3339 3484/3666/3340
f 3485/3675/3349 3484/3666/3340 3499/3676/3350
f 3499/3676/3350 3484/3666/3340 3500/3667/3341
f 3499/3676/3350 3500/3667/3341 3494/3677/3351
f 3494/3677/3351 3500/3667/3341 3493/3668/3342
f 3494/3677/3351 3493/3668/3342 3511/3678/3352
f 3511/3678/3352 3493/3668/3342 3510/3515/3223
f 3511/3678/3352 3510/3515/3223 3520/3513/3221
f 3427/3483/3191 3428/3547/3250 3425/3485/3193
f 3425/3485/3193 3428/3547/3250 3424/3669/3343
f 3425/3485/3193 3424/3669/3343 3442/3487/3195
f 3442/3487/3195 3424/3669/3343 3441/3670/3344
f 3442/3487/3195 3441/3670/3344 3451/3489/3197
f 3451/3489/3197 3441/3670/3344 3450/3671/3345
f 3451/3489/3197 3450/3671/3345 3459/3491/3199
f 3459/3491/3199 3450/3671/3345 3458/3672/3346
f 3459/3491/3199 3458/3672/3346 3471/3493/3201
f 3471/3493/3201 3458/3672/3346 3472/3673/3347
f 3471/3493/3201 3472/3673/3347 3468/3495/3203
f 3468/3495/3203 3472/3673/3347 3467/3674/3348
f 3468/3495/3203 3467/3674/3348 3486/3497/3205
f 3486/3497/3205 3467/3674/3348 3485/3675/3349
f 3486/3497/3205 3485/3675/3349 3498/3499/3207
f 3498/3499/3207 3485/3675/3349 3499/3676/3350
f 3498/3499/3207 3499/3676/3350 3495/3501/3209
f 3495/3501/3209 3499/3676/3350 3494/3677/3351
f 3495/3501/3209 3494/3677/3351 3512/3503/3211
f 3512/3503/3211 3494/3677/3351 3511/3678/3352
f 3512/3503/3211 3511/3678/3352 3521/3505/3213
f 3521/3505/3213 3511/3678/3352 3520/3513/3221
f 3521/3505/3213 3520/3513/3221 3530/3507/3215
f 3488/3587/3286 3489/3679/3353 3386/3585/3285
f 3386/3585/3285 3489/3679/3353 3504/3578/3278
f 3386/3585/3285 3504/3578/3278 3479/3577/3277
f 3504/3578/3278 3489/3679/3353 3490/3579/3279
f 3490/3579/3279 3489/3679/3353 3507/3680/3354
f 3490/3579/3279 3507/3680/3354 3508/3580/3280
f 3508/3580/3280 3507/3680/3354 3517/3681/3355
f 3508/3580/3280 3517/3681/3355 3518/3581/3281
f 3518/3581/3281 3517/3681/3355 3527/3608/3301
f 3518/3581/3281 3527/3608/3301 3528/3582/3282
f 3489/3679/3353 3488/3587/3286 3506/3682/3356
f 3506/3682/3356 3488/3587/3286 3505/3590/3287
f 3506/3682/3356 3505/3590/3287 3515/3683/3357
f 3515/3683/3357 3505/3590/3287 3514/3592/3288
f 3515/3683/3357 3514/3592/3288 3524/3600/3293
f 3524/3600/3293 3514/3592/3288 3523/3595/3289
f 3489/3679/3353 3506/3682/3356 3507/3680/3354
f 3507/3680/3354 3506/3682/3356 3516/3684/3358
f 3507/3680/3354 3516/3684/3358 3517/3681/3355
f 3517/3681/3355 3516/3684/3358 3526/3606/3299
f 3517/3681/3355 3526/3606/3299 3527/3608/3301
f 3516/3684/3358 3506/3682/3356 3515/3683/3357
f 3524/3600/3293 3525/3603/3296 3515/3683/3357
f 3515/3683/3357 3525/3603/3296 3516/3684/3358
f 3525/3603/3296 3526/3606/3299 3516/3684/3358
f 2096/3685/2231 2148/3686/2230 2774/3687/2831
f 2774/3687/2831 2148/3686/2230 2775/3688/2671
f 2775/3688/2671 2148/3686/2230 2147/3689/2237
f 2775/3688/2671 2147/3689/2237 2776/3690/2669
f 2776/3690/2669 2147/3689/2237 2146/3691/2239
f 2776/3690/2669 2146/3691/2239 2777/3692/2667
f 2777/3692/2667 2146/3691/2239 2145/3693/2241
f 2777/3692/2667 2145/3693/2241 2778/3694/2665
f 2778/3694/2665 2145/3693/2241 2144/3695/2243
f 2778/3694/2665 2144/3695/2243 2779/3696/2663
f 2779/3696/2663 2144/3695/2243 2143/3697/2245
f 2779/3696/2663 2143/3697/2245 2780/3698/2661
f 2780/3698/2661 2143/3697/2245 2142/3699/2247
f 2780/3698/2661 2142/3699/2247 2781/3700/2659
f 2781/3700/2659 2142/3699/2247 2141/3701/2249
f 2781/3700/2659 2141/3701/2249 2782/3702/2657
f 2782/3702/2657 2141/3701/2249 2140/3703/2251
f 2782/3702/2657 2140/3703/2251 2783/3704/2655
f 2783/3704/2655 2140/3703/2251 2139/3705/2253
f 2783/3704/2655 2139/3705/2253 2784/3706/2653
f 2784/3706/2653 2139/3705/2253 2138/3707/2255
f 2784/3706/2653 2138/3707/2255 2785/3708/2651
f 2785/3708/2651 2138/3707/2255 2137/3709/2006
f 2785/3708/2651 2137/3709/2006 2786/3710/2649
f 2786/3710/2649 2137/3709/2006 2136/3711/2007
f 2786/3710/2649 2136/3711/2007 2787/3712/2647
f 2787/3712/2647 2136/3711/2007 2135/3713/2009
f 2787/3712/2647 2135/3713/2009 2788/3714/2645
f 2788/3714/2645 2135/3713/2009 2134/3715/2011
f 2788/3714/2645 2134/3715/2011 2789/3716/2643
f 2789/3716/2643 2134/3715/2011 2133/3717/2013
f 2789/3716/2643 2133/3717/2013 2790/3718/2641
f 2790/3718/2641 2133/3717/2013 2132/3719/2015
f 2790/3718/2641 2132/3719/2015 3539/3720/3359
f 3539/3720/3359 2132/3719/2015 3538/3721/3360
f 3538/3721/3360 2132/3719/2015 3537/3722/3361
f 3537/3722/3361 2132/3719/2015 3536/3723/3362
f 3536/3723/3362 2132/3719/2015 3535/3724/3363
f 3535/3724/3363 2132/3719/2015 3534/3725/3364
f 3534/3725/3364 2132/3719/2015 2131/3726/2017
f 3539/3720/3359 3540/3727/3360 2790/3718/2641
f 2790/3718/2641 3540/3727/3360 3541/3728/3365
f 2790/3718/2641 3541/3728/3365 2791/3729/2639
f 2791/3729/2639 3541/3728/3365 3542/3730/3362
f 2791/3729/2639 3542/3730/3362 3543/3731/3363
f 3543/3731/3363 3544/3732/3366 2791/3729/2639
f 2791/3729/2639 3544/3732/3366 3545/3733/3367
f 2791/3729/2639 3545/3733/3367 3546/3734/3368
f 3546/3734/3368 2792/3735/2637 2791/3729/2639
f 1786/3466/1780 3380/3736/3369 1787/3468/1781
f 1787/3468/1781 3380/3736/3369 3552/3470/3370
f 1787/3468/1781 3552/3470/3370 3554/3472/3371
f 3554/3472/3371 3552/3470/3370 3291/3737/3372
f 3554/3472/3371 3291/3737/3372 3290/3738/3373
f 3380/3736/3369 3291/3737/3372 3552/3470/3370
f 3554/3472/3371 3290/3738/3373 3553/3473/3374
f 3553/3473/3374 3290/3738/3373 3289/3739/3375
f 3553/3473/3374 3289/3739/3375 3561/3475/3376
f 3561/3475/3376 3289/3739/3375 3288/3740/3377
f 3561/3475/3376 3288/3740/3377 3560/3551/3378
f 3560/3551/3378 3288/3740/3377 3287/3741/3379
f 3560/3551/3378 3287/3741/3379 3558/3742/3380
f 3558/3742/3380 3287/3741/3379 3286/3743/3381
f 3558/3742/3380 3286/3743/3381 3285/3744/3382
f 3284/3745/3383 3562/3746/3384 3285/3744/3382
f 3285/3744/3382 3562/3746/3384 3557/3560/3385
f 3285/3744/3382 3557/3560/3385 3559/3556/3386
f 3559/3556/3386 3557/3560/3385 3576/3557/3387
f 3559/3556/3386 3576/3557/3387 3577/3553/3388
f 3577/3553/3388 3576/3557/3387 3586/3548/3389
f 3577/3553/3388 3586/3548/3389 3587/3481/3390
f 3587/3481/3390 3586/3548/3389 3596/3483/3391
f 3587/3481/3390 3596/3483/3391 3548/3482/3392
f 3548/3482/3392 3596/3483/3391 3605/3484/3393
f 3548/3482/3392 3605/3484/3393 1791/3629/1785
f 1791/3629/1785 3605/3484/3393 1792/3628/1786
f 1792/3628/1786 3605/3484/3393 3614/3486/3394
f 1792/3628/1786 3614/3486/3394 1793/3627/1787
f 1793/3627/1787 3614/3486/3394 3623/3488/3395
f 1793/3627/1787 3623/3488/3395 1794/3626/1788
f 1794/3626/1788 3623/3488/3395 3631/3490/3396
f 1794/3626/1788 3631/3490/3396 1795/3625/1789
f 1795/3625/1789 3631/3490/3396 3641/3492/3397
f 1795/3625/1789 3641/3492/3397 1796/3624/29
f 1796/3624/29 3641/3492/3397 3640/3494/3398
f 1796/3624/29 3640/3494/3398 1797/3623/1790
f 1797/3623/1790 3640/3494/3398 3658/3496/3399
f 1797/3623/1790 3658/3496/3399 1798/3622/1791
f 1798/3622/1791 3658/3496/3399 3668/3498/3400
f 1798/3622/1791 3668/3498/3400 1799/3621/1792
f 1799/3621/1792 3668/3498/3400 1800/3620/1793
f 1800/3620/1793 3668/3498/3400 3667/3500/3401
f 1800/3620/1793 3667/3500/3401 1801/3619/1794
f 1801/3619/1794 3667/3500/3401 3684/3502/3402
f 1801/3619/1794 3684/3502/3402 1802/3618/1795
f 1802/3618/1795 3684/3502/3402 3693/3504/3403
f 1802/3618/1795 3693/3504/3403 1803/3617/1796
f 1803/3617/1796 3693/3504/3403 3699/3506/3404
f 1803/3617/1796 3699/3506/3404 1804/3616/1797
f 1804/3616/1797 3699/3506/3404 3701/3508/3405
f 1804/3616/1797 3701/3508/3405 1805/3613/1798
f 1805/3613/1798 3701/3508/3405 3551/3612/3406
f 1805/3613/1798 3551/3612/3406 3260/3747/3407
f 3260/3747/3407 3551/3612/3406 3170/3748/3408
f 3170/3748/3408 3551/3612/3406 3701/3508/3405
f 3170/3748/3408 3701/3508/3405 3700/3509/3409
f 3700/3509/3409 3701/3508/3405 3698/3507/3410
f 3700/3509/3409 3698/3507/3410 3171/3749/3411
f 3171/3749/3411 3698/3507/3410 3172/3750/3412
f 3172/3750/3412 3698/3507/3410 3697/3512/3413
f 3172/3750/3412 3697/3512/3413 3173/3751/3414
f 3173/3751/3414 3697/3512/3413 3174/3752/3415
f 3174/3752/3415 3697/3512/3413 3696/3582/3416
f 3174/3752/3415 3696/3582/3416 3175/3753/3417
f 3175/3753/3417 3696/3582/3416 3695/3608/3418
f 3175/3753/3417 3695/3608/3418 3176/3754/3419
f 3176/3754/3419 3695/3608/3418 3694/3606/3420
f 3176/3754/3419 3694/3606/3420 3177/3755/3421
f 3177/3755/3421 3694/3606/3420 3688/3681/3422
f 3177/3755/3421 3688/3681/3422 3687/3684/3423
f 3687/3684/3423 3688/3681/3422 3678/3680/3424
f 3687/3684/3423 3678/3680/3424 3677/3682/3425
f 3677/3682/3425 3678/3680/3424 3660/3679/3426
f 3677/3682/3425 3660/3679/3426 3659/3587/3427
f 3659/3587/3427 3660/3679/3426 3550/3585/3428
f 3659/3587/3427 3550/3585/3428 3537/3586/3361
f 3537/3586/3361 3550/3585/3428 3538/3576/3360
f 3538/3576/3360 3550/3585/3428 3650/3577/3429
f 3538/3576/3360 3650/3577/3429 3632/3524/3430
f 3632/3524/3430 3650/3577/3429 3651/3522/3431
f 3632/3524/3430 3651/3522/3431 3633/3523/3432
f 3633/3523/3432 3651/3522/3431 3652/3521/3433
f 3633/3523/3432 3652/3521/3433 3634/3644/3434
f 3634/3644/3434 3652/3521/3433 3653/3651/3435
f 3634/3644/3434 3653/3651/3435 3635/3650/3436
f 3635/3650/3436 3653/3651/3435 3654/3658/3437
f 3635/3650/3436 3654/3658/3437 3636/3657/3438
f 3636/3657/3438 3654/3658/3437 3655/3666/3439
f 3636/3657/3438 3655/3666/3439 3637/3665/3440
f 3637/3665/3440 3655/3666/3439 3656/3675/3441
f 3637/3665/3440 3656/3675/3441 3638/3674/3442
f 3638/3674/3442 3656/3675/3441 3657/3497/3443
f 3638/3674/3442 3657/3497/3443 3639/3495/3444
f 3639/3495/3444 3657/3497/3443 3658/3496/3399
f 3639/3495/3444 3658/3496/3399 3640/3494/3398
f 3283/3756/3445 3556/3562/3446 3284/3745/3383
f 3284/3745/3383 3556/3562/3446 3557/3560/3385
f 3284/3745/3383 3557/3560/3385 3562/3746/3384
f 3556/3562/3446 3283/3756/3445 3570/3757/3447
f 3570/3757/3447 3283/3756/3445 3282/3758/3448
f 3570/3757/3447 3282/3758/3448 3556/3562/3446
f 3556/3562/3446 3282/3758/3448 3555/3563/3449
f 3556/3562/3446 3555/3563/3449 3574/3564/3450
f 3574/3564/3450 3555/3563/3449 3573/3565/3451
f 3574/3564/3450 3573/3565/3451 3583/3542/3452
f 3583/3542/3452 3573/3565/3451 3582/3540/3453
f 3583/3542/3452 3582/3540/3453 3592/3541/3454
f 3592/3541/3454 3582/3540/3453 3591/3539/3455
f 3592/3541/3454 3591/3539/3455 3600/3645/3456
f 3600/3645/3456 3591/3539/3455 3599/3639/3457
f 3600/3645/3456 3599/3639/3457 3609/3646/3458
f 3609/3646/3458 3599/3639/3457 3608/3640/3459
f 3609/3646/3458 3608/3640/3459 3618/3647/3460
f 3618/3647/3460 3608/3640/3459 3617/3641/3461
f 3618/3647/3460 3617/3641/3461 3626/3648/3462
f 3626/3648/3462 3617/3641/3461 3625/3642/3463
f 3626/3648/3462 3625/3642/3463 3646/3649/3464
f 3646/3649/3464 3625/3642/3463 3647/3643/3465
f 3646/3649/3464 3647/3643/3465 3635/3650/3436
f 3635/3650/3436 3647/3643/3465 3634/3644/3434
f 3555/3563/3449 3282/3758/3448 3563/3759/3466
f 3563/3759/3466 3282/3758/3448 3281/3760/3467
f 3563/3759/3466 3281/3760/3467 3280/3761/3468
f 3279/3762/3469 3564/3763/3470 3280/3761/3468
f 3280/3761/3468 3564/3763/3470 3566/3567/3471
f 3280/3761/3468 3566/3567/3471 3555/3563/3449
f 3555/3563/3449 3566/3567/3471 3573/3565/3451
f 3564/3763/3470 3279/3762/3469 3566/3567/3471
f 3566/3567/3471 3279/3762/3469 3278/3764/3472
f 3566/3567/3471 3278/3764/3472 3565/3765/3473
f 3565/3765/3473 3278/3764/3472 3277/3766/3474
f 3565/3765/3473 3277/3766/3474 3276/3767/3475
f 3276/3767/3475 2792/3768/2637 3565/3765/3473
f 3565/3765/3473 2792/3768/2637 3546/3769/3368
f 3565/3765/3473 3546/3769/3368 3571/3571/3476
f 3571/3571/3476 3546/3769/3368 3545/3770/3367
f 3571/3571/3476 3545/3770/3367 3580/3536/3477
f 3580/3536/3477 3545/3770/3367 3544/3771/3366
f 3580/3536/3477 3544/3771/3366 3589/3535/3478
f 3589/3535/3478 3544/3771/3366 3543/3534/3363
f 3589/3535/3478 3543/3534/3363 3597/3533/3479
f 3597/3533/3479 3543/3534/3363 3542/3532/3362
f 3597/3533/3479 3542/3532/3362 3606/3531/3480
f 3606/3531/3480 3542/3532/3362 3541/3530/3365
f 3606/3531/3480 3541/3530/3365 3615/3529/3481
f 3615/3529/3481 3541/3530/3365 3540/3528/3360
f 3615/3529/3481 3540/3528/3360 3549/3527/3482
f 3549/3527/3482 3540/3528/3360 3539/3526/3359
f 3549/3527/3482 3539/3526/3359 3649/3525/3483
f 3649/3525/3483 3539/3526/3359 3632/3524/3430
f 3649/3525/3483 3632/3524/3430 3633/3523/3432
f 3539/3526/3359 3538/3576/3360 3632/3524/3430
f 3537/3586/3361 3536/3588/3362 3659/3587/3427
f 3659/3587/3427 3536/3588/3362 3535/3589/3363
f 3659/3587/3427 3535/3589/3363 3676/3590/3484
f 3676/3590/3484 3535/3589/3363 3534/3772/3364
f 3676/3590/3484 3534/3772/3364 3685/3592/3485
f 3685/3592/3485 3534/3772/3364 2131/3773/2017
f 3685/3592/3485 2131/3773/2017 3181/3774/3486
f 3181/3774/3486 3180/3775/3487 3685/3592/3485
f 3685/3592/3485 3180/3775/3487 3179/3776/3488
f 3685/3592/3485 3179/3776/3488 3686/3683/3489
f 3686/3683/3489 3179/3776/3488 3178/3777/3490
f 3686/3683/3489 3178/3777/3490 3687/3684/3423
f 3687/3684/3423 3178/3777/3490 3177/3755/3421
f 3171/3749/3411 3170/3748/3408 3700/3509/3409
f 3260/3747/3407 3259/3778/3491 1805/3613/1798
f 1805/3613/1798 3259/3778/3491 1806/3615/1799
f 1791/3629/1785 1790/3630/1784 3548/3482/3392
f 3548/3482/3392 1790/3630/1784 3588/3480/3492
f 3548/3482/3392 3588/3480/3492 3587/3481/3390
f 3587/3481/3390 3588/3480/3492 3578/3479/3493
f 3587/3481/3390 3578/3479/3493 3577/3553/3388
f 3577/3553/3388 3578/3479/3493 3567/3552/3494
f 3577/3553/3388 3567/3552/3494 3559/3556/3386
f 3559/3556/3386 3567/3552/3494 3558/3742/3380
f 3559/3556/3386 3558/3742/3380 3285/3744/3382
f 3588/3480/3492 1790/3630/1784 3579/3478/3495
f 3579/3478/3495 1790/3630/1784 1789/3631/1783
f 3579/3478/3495 1789/3631/1783 3569/3476/3496
f 3569/3476/3496 1789/3631/1783 3547/3474/3497
f 3569/3476/3496 3547/3474/3497 3561/3475/3376
f 3561/3475/3376 3547/3474/3497 3553/3473/3374
f 1789/3631/1783 1788/3632/1782 3547/3474/3497
f 3547/3474/3497 1788/3632/1782 3554/3472/3371
f 3547/3474/3497 3554/3472/3371 3553/3473/3374
f 1788/3632/1782 1787/3468/1781 3554/3472/3371
f 3280/3761/3468 3555/3563/3449 3563/3759/3466
f 3558/3742/3380 3567/3552/3494 3560/3551/3378
f 3560/3551/3378 3567/3552/3494 3568/3477/3498
f 3560/3551/3378 3568/3477/3498 3561/3475/3376
f 3561/3475/3376 3568/3477/3498 3569/3476/3496
f 3566/3567/3471 3565/3765/3473 3572/3568/3499
f 3572/3568/3499 3565/3765/3473 3571/3571/3476
f 3572/3568/3499 3571/3571/3476 3581/3538/3500
f 3581/3538/3500 3571/3571/3476 3580/3536/3477
f 3581/3538/3500 3580/3536/3477 3590/3537/3501
f 3590/3537/3501 3580/3536/3477 3589/3535/3478
f 3590/3537/3501 3589/3535/3478 3598/3634/3502
f 3598/3634/3502 3589/3535/3478 3597/3533/3479
f 3598/3634/3502 3597/3533/3479 3607/3635/3503
f 3607/3635/3503 3597/3533/3479 3606/3531/3480
f 3607/3635/3503 3606/3531/3480 3616/3636/3504
f 3616/3636/3504 3606/3531/3480 3615/3529/3481
f 3616/3636/3504 3615/3529/3481 3624/3637/3505
f 3624/3637/3505 3615/3529/3481 3549/3527/3482
f 3624/3637/3505 3549/3527/3482 3648/3638/3506
f 3648/3638/3506 3549/3527/3482 3649/3525/3483
f 3648/3638/3506 3649/3525/3483 3633/3523/3432
f 3557/3560/3385 3556/3562/3446 3575/3633/3507
f 3575/3633/3507 3556/3562/3446 3574/3564/3450
f 3575/3633/3507 3574/3564/3450 3584/3544/3508
f 3584/3544/3508 3574/3564/3450 3583/3542/3452
f 3584/3544/3508 3583/3542/3452 3593/3543/3509
f 3593/3543/3509 3583/3542/3452 3592/3541/3454
f 3593/3543/3509 3592/3541/3454 3601/3652/3510
f 3601/3652/3510 3592/3541/3454 3600/3645/3456
f 3601/3652/3510 3600/3645/3456 3610/3653/3511
f 3610/3653/3511 3600/3645/3456 3609/3646/3458
f 3610/3653/3511 3609/3646/3458 3619/3654/3512
f 3619/3654/3512 3609/3646/3458 3618/3647/3460
f 3619/3654/3512 3618/3647/3460 3627/3655/3513
f 3627/3655/3513 3618/3647/3460 3626/3648/3462
f 3627/3655/3513 3626/3648/3462 3645/3656/3514
f 3645/3656/3514 3626/3648/3462 3646/3649/3464
f 3645/3656/3514 3646/3649/3464 3636/3657/3438
f 3636/3657/3438 3646/3649/3464 3635/3650/3436
f 3579/3478/3495 3569/3476/3496 3568/3477/3498
f 3579/3478/3495 3568/3477/3498 3578/3479/3493
f 3578/3479/3493 3568/3477/3498 3567/3552/3494
f 3582/3540/3453 3573/3565/3451 3572/3568/3499
f 3572/3568/3499 3573/3565/3451 3566/3567/3471
f 3582/3540/3453 3572/3568/3499 3581/3538/3500
f 3557/3560/3385 3575/3633/3507 3576/3557/3387
f 3576/3557/3387 3575/3633/3507 3585/3546/3515
f 3576/3557/3387 3585/3546/3515 3586/3548/3389
f 3586/3548/3389 3585/3546/3515 3595/3547/3516
f 3586/3548/3389 3595/3547/3516 3596/3483/3391
f 3596/3483/3391 3595/3547/3516 3604/3485/3517
f 3596/3483/3391 3604/3485/3517 3605/3484/3393
f 3605/3484/3393 3604/3485/3517 3614/3486/3394
f 3585/3546/3515 3575/3633/3507 3584/3544/3508
f 3588/3480/3492 3579/3478/3495 3578/3479/3493
f 3591/3539/3455 3582/3540/3453 3581/3538/3500
f 3591/3539/3455 3581/3538/3500 3590/3537/3501
f 3585/3546/3515 3584/3544/3508 3594/3545/3518
f 3594/3545/3518 3584/3544/3508 3593/3543/3509
f 3594/3545/3518 3593/3543/3509 3602/3660/3519
f 3602/3660/3519 3593/3543/3509 3601/3652/3510
f 3602/3660/3519 3601/3652/3510 3611/3661/3520
f 3611/3661/3520 3601/3652/3510 3610/3653/3511
f 3611/3661/3520 3610/3653/3511 3620/3662/3521
f 3620/3662/3521 3610/3653/3511 3619/3654/3512
f 3620/3662/3521 3619/3654/3512 3628/3663/3522
f 3628/3663/3522 3619/3654/3512 3627/3655/3513
f 3628/3663/3522 3627/3655/3513 3644/3664/3523
f 3644/3664/3523 3627/3655/3513 3645/3656/3514
f 3644/3664/3523 3645/3656/3514 3637/3665/3440
f 3637/3665/3440 3645/3656/3514 3636/3657/3438
f 3599/3639/3457 3591/3539/3455 3590/3537/3501
f 3599/3639/3457 3590/3537/3501 3598/3634/3502
f 3585/3546/3515 3594/3545/3518 3595/3547/3516
f 3595/3547/3516 3594/3545/3518 3603/3669/3524
f 3595/3547/3516 3603/3669/3524 3604/3485/3517
f 3604/3485/3517 3603/3669/3524 3613/3487/3525
f 3604/3485/3517 3613/3487/3525 3614/3486/3394
f 3614/3486/3394 3613/3487/3525 3623/3488/3395
f 3603/3669/3524 3594/3545/3518 3602/3660/3519
f 3608/3640/3459 3599/3639/3457 3598/3634/3502
f 3608/3640/3459 3598/3634/3502 3607/3635/3503
f 3603/3669/3524 3602/3660/3519 3612/3670/3526
f 3612/3670/3526 3602/3660/3519 3611/3661/3520
f 3612/3670/3526 3611/3661/3520 3621/3671/3527
f 3621/3671/3527 3611/3661/3520 3620/3662/3521
f 3621/3671/3527 3620/3662/3521 3629/3672/3528
f 3629/3672/3528 3620/3662/3521 3628/3663/3522
f 3629/3672/3528 3628/3663/3522 3643/3673/3529
f 3643/3673/3529 3628/3663/3522 3644/3664/3523
f 3643/3673/3529 3644/3664/3523 3638/3674/3442
f 3638/3674/3442 3644/3664/3523 3637/3665/3440
f 3617/3641/3461 3608/3640/3459 3607/3635/3503
f 3617/3641/3461 3607/3635/3503 3616/3636/3504
f 3603/3669/3524 3612/3670/3526 3613/3487/3525
f 3613/3487/3525 3612/3670/3526 3622/3489/3530
f 3613/3487/3525 3622/3489/3530 3623/3488/3395
f 3623/3488/3395 3622/3489/3530 3631/3490/3396
f 3622/3489/3530 3612/3670/3526 3621/3671/3527
f 3625/3642/3463 3617/3641/3461 3616/3636/3504
f 3625/3642/3463 3616/3636/3504 3624/3637/3505
f 3622/3489/3530 3621/3671/3527 3630/3491/3531
f 3630/3491/3531 3621/3671/3527 3629/3672/3528
f 3630/3491/3531 3629/3672/3528 3642/3493/3532
f 3642/3493/3532 3629/3672/3528 3643/3673/3529
f 3642/3493/3532 3643/3673/3529 3639/3495/3444
f 3639/3495/3444 3643/3673/3529 3638/3674/3442
f 3647/3643/3465 3625/3642/3463 3624/3637/3505
f 3647/3643/3465 3624/3637/3505 3648/3638/3506
f 3641/3492/3397 3631/3490/3396 3630/3491/3531
f 3630/3491/3531 3631/3490/3396 3622/3489/3530
f 3641/3492/3397 3630/3491/3531 3642/3493/3532
f 3647/3643/3465 3648/3638/3506 3634/3644/3434
f 3634/3644/3434 3648/3638/3506 3633/3523/3432
f 3641/3492/3397 3642/3493/3532 3640/3494/3398
f 3640/3494/3398 3642/3493/3532 3639/3495/3444
f 3651/3522/3431 3650/3577/3429 3675/3578/3533
f 3675/3578/3533 3650/3577/3429 3550/3585/3428
f 3675/3578/3533 3550/3585/3428 3660/3679/3426
f 3652/3521/3433 3651/3522/3431 3674/3520/3534
f 3674/3520/3534 3651/3522/3431 3675/3578/3533
f 3674/3520/3534 3675/3578/3533 3661/3579/3535
f 3661/3579/3535 3675/3578/3533 3660/3679/3426
f 3661/3579/3535 3660/3679/3426 3678/3680/3424
f 3653/3651/3435 3652/3521/3433 3673/3519/3536
f 3673/3519/3536 3652/3521/3433 3674/3520/3534
f 3673/3519/3536 3674/3520/3534 3662/3518/3537
f 3662/3518/3537 3674/3520/3534 3661/3579/3535
f 3662/3518/3537 3661/3579/3535 3679/3580/3538
f 3679/3580/3538 3661/3579/3535 3678/3680/3424
f 3679/3580/3538 3678/3680/3424 3688/3681/3422
f 3654/3658/3437 3653/3651/3435 3672/3659/3539
f 3672/3659/3539 3653/3651/3435 3673/3519/3536
f 3672/3659/3539 3673/3519/3536 3663/3517/3540
f 3663/3517/3540 3673/3519/3536 3662/3518/3537
f 3663/3517/3540 3662/3518/3537 3680/3516/3541
f 3680/3516/3541 3662/3518/3537 3679/3580/3538
f 3680/3516/3541 3679/3580/3538 3689/3581/3542
f 3689/3581/3542 3679/3580/3538 3688/3681/3422
f 3689/3581/3542 3688/3681/3422 3695/3608/3418
f 3695/3608/3418 3688/3681/3422 3694/3606/3420
f 3655/3666/3439 3654/3658/3437 3671/3667/3543
f 3671/3667/3543 3654/3658/3437 3672/3659/3539
f 3671/3667/3543 3672/3659/3539 3664/3668/3544
f 3664/3668/3544 3672/3659/3539 3663/3517/3540
f 3664/3668/3544 3663/3517/3540 3681/3515/3545
f 3681/3515/3545 3663/3517/3540 3680/3516/3541
f 3681/3515/3545 3680/3516/3541 3690/3514/3546
f 3690/3514/3546 3680/3516/3541 3689/3581/3542
f 3690/3514/3546 3689/3581/3542 3696/3582/3416
f 3696/3582/3416 3689/3581/3542 3695/3608/3418
f 3656/3675/3441 3655/3666/3439 3670/3676/3547
f 3670/3676/3547 3655/3666/3439 3671/3667/3543
f 3670/3676/3547 3671/3667/3543 3665/3677/3548
f 3665/3677/3548 3671/3667/3543 3664/3668/3544
f 3665/3677/3548 3664/3668/3544 3682/3678/3549
f 3682/3678/3549 3664/3668/3544 3681/3515/3545
f 3682/3678/3549 3681/3515/3545 3691/3513/3550
f 3691/3513/3550 3681/3515/3545 3690/3514/3546
f 3691/3513/3550 3690/3514/3546 3697/3512/3413
f 3697/3512/3413 3690/3514/3546 3696/3582/3416
f 3668/3498/3400 3658/3496/3399 3657/3497/3443
f 3657/3497/3443 3656/3675/3441 3669/3499/3551
f 3669/3499/3551 3656/3675/3441 3670/3676/3547
f 3669/3499/3551 3670/3676/3547 3666/3501/3552
f 3666/3501/3552 3670/3676/3547 3665/3677/3548
f 3666/3501/3552 3665/3677/3548 3683/3503/3553
f 3683/3503/3553 3665/3677/3548 3682/3678/3549
f 3683/3503/3553 3682/3678/3549 3692/3505/3554
f 3692/3505/3554 3682/3678/3549 3691/3513/3550
f 3692/3505/3554 3691/3513/3550 3698/3507/3410
f 3698/3507/3410 3691/3513/3550 3697/3512/3413
f 3666/3501/3552 3667/3500/3401 3669/3499/3551
f 3669/3499/3551 3667/3500/3401 3668/3498/3400
f 3669/3499/3551 3668/3498/3400 3657/3497/3443
f 3667/3500/3401 3666/3501/3552 3684/3502/3402
f 3684/3502/3402 3666/3501/3552 3683/3503/3553
f 3684/3502/3402 3683/3503/3553 3693/3504/3403
f 3693/3504/3403 3683/3503/3553 3692/3505/3554
f 3693/3504/3403 3692/3505/3554 3699/3506/3404
f 3699/3506/3404 3692/3505/3554 3698/3507/3410
f 3699/3506/3404 3698/3507/3410 3701/3508/3405
f 3659/3587/3427 3676/3590/3484 3677/3682/3425
f 3677/3682/3425 3676/3590/3484 3686/3683/3489
f 3677/3682/3425 3686/3683/3489 3687/3684/3423
f 3685/3592/3485 3686/3683/3489 3676/3590/3484
f 55/3779/16 2733/3780/16 52/3781/16
f 52/3781/16 2733/3780/16 2732/3782/16
f 52/3781/16 2732/3782/16 2731/3783/16
f 70/3784/16 2746/3785/16 55/3779/16
f 55/3779/16 2746/3785/16 2745/3786/16
f 55/3779/16 2745/3786/16 2744/3787/16
f 37/3788/16 2760/3789/16 70/3784/16
f 70/3784/16 2760/3789/16 2759/3790/16
f 70/3784/16 2759/3790/16 2758/3791/16
f 52/3781/16 2719/3792/16 37/3788/16
f 37/3788/16 2719/3792/16 2773/3793/16
f 37/3788/16 2773/3793/16 2772/3794/16
f 2772/3794/16 2771/3795/16 37/3788/16
f 37/3788/16 2771/3795/16 2770/3796/16
f 37/3788/16 2770/3796/16 2769/3797/16
f 2769/3797/16 2768/3798/16 37/3788/16
f 37/3788/16 2768/3798/16 2767/3799/16
f 37/3788/16 2767/3799/16 2766/3800/16
f 2766/3800/16 2765/3801/16 37/3788/16
f 37/3788/16 2765/3801/16 2764/3802/16
f 37/3788/16 2764/3802/16 2763/3803/16
f 2763/3803/16 2762/3804/16 37/3788/16
f 37/3788/16 2762/3804/16 2761/3805/16
f 37/3788/16 2761/3805/16 2760/3789/16
f 2758/3791/16 2757/3806/16 70/3784/16
f 70/3784/16 2757/3806/16 2756/3807/16
f 70/3784/16 2756/3807/16 2755/3808/16
f 2755/3808/16 2754/3809/16 70/3784/16
f 70/3784/16 2754/3809/16 2753/3810/16
f 70/3784/16 2753/3810/16 2752/3811/16
f 2752/3811/16 2751/3812/16 70/3784/16
f 70/3784/16 2751/3812/16 2750/3813/16
f 70/3784/16 2750/3813/16 2749/3814/16
f 2749/3814/16 2748/3815/16 70/3784/16
f 70/3784/16 2748/3815/16 2747/3816/16
f 70/3784/16 2747/3816/16 2746/3785/16
f 2744/3787/16 2743/3817/16 55/3779/16
f 55/3779/16 2743/3817/16 2742/3818/16
f 55/3779/16 2742/3818/16 2741/3819/16
f 2741/3819/16 2740/3820/16 55/3779/16
f 55/3779/16 2740/3820/16 2739/3821/16
f 55/3779/16 2739/3821/16 2738/3822/16
f 2738/3822/16 2737/3823/16 55/3779/16
f 55/3779/16 2737/3823/16 2736/3824/16
f 55/3779/16 2736/3824/16 2735/3825/16
f 2735/3825/16 2734/3826/16 55/3779/16
f 55/3779/16 2734/3826/16 2733/3780/16
f 2731/3783/16 2730/3827/16 52/3781/16
f 52/3781/16 2730/3827/16 2729/3828/16
f 52/3781/16 2729/3828/16 2728/3829/16
f 2728/3829/16 2727/3830/16 52/3781/16
f 52/3781/16 2727/3830/16 2726/3831/16
f 52/3781/16 2726/3831/16 2725/3832/16
f 2725/3832/16 2724/3833/16 52/3781/16
f 52/3781/16 2724/3833/16 2723/3834/16
f 52/3781/16 2723/3834/16 2722/3835/16
f 2722/3835/16 2721/3836/16 52/3781/16
f 52/3781/16 2721/3836/16 2720/3837/16
f 52/3781/16 2720/3837/16 2719/3792/16
f 19/3779/1 2055/3780/1 16/3781/1
f 16/3781/1 2055/3780/1 2054/3782/1
f 16/3781/1 2054/3782/1 2053/3783/1
f 34/3784/1 2068/3785/1 19/3779/1
f 19/3779/1 2068/3785/1 2067/3786/1
f 19/3779/1 2067/3786/1 2066/3787/1
f 1/3788/1 2082/3789/1 34/3784/1
f 34/3784/1 2082/3789/1 2081/3790/1
f 34/3784/1 2081/3790/1 2080/3791/1
f 16/3781/1 2041/3792/1 1/3788/1
f 1/3788/1 2041/3792/1 2095/3793/1
f 1/3788/1 2095/3793/1 2094/3794/1
f 2094/3794/1 2093/3795/1 1/3788/1
f 1/3788/1 2093/3795/1 2092/3796/1
f 1/3788/1 2092/3796/1 2091/3797/1
f 2091/3797/1 2090/3798/1 1/3788/1
f 1/3788/1 2090/3798/1 2089/3799/1
f 1/3788/1 2089/3799/1 2088/3800/1
f 2088/3800/1 2087/3801/1 1/3788/1
f 1/3788/1 2087/3801/1 2086/3802/1
f 1/3788/1 2086/3802/1 2085/3803/1
f 2085/3803/1 2084/3804/1 1/3788/1
f 1/3788/1 2084/3804/1 2083/3805/1
f 1/3788/1 2083/3805/1 2082/3789/1
f 2080/3791/1 2079/3806/1 34/3784/1
f 34/3784/1 2079/3806/1 2078/3807/1
f 34/3784/1 2078/3807/1 2077/3808/1
f 2077/3808/1 2076/3809/1 34/3784/1
f 34/3784/1 2076/3809/1 2075/3810/1
f 34/3784/1 2075/3810/1 2074/3811/1
f 2074/3811/1 2073/3812/1 34/3784/1
f 34/3784/1 2073/3812/1 2072/3813/1
f 34/3784/1 2072/3813/1 2071/3814/1
f 2071/3814/1 2070/3815/1 34/3784/1
f 34/3784/1 2070/3815/1 2069/3816/1
f 34/3784/1 2069/3816/1 2068/3785/1
f 2066/3787/1 2065/3817/1 19/3779/1
f 19/3779/1 2065/3817/1 2064/3818/1
f 19/3779/1 2064/3818/1 2063/3819/1
f 2063/3819/1 2062/3820/1 19/3779/1
f 19/3779/1 2062/3820/1 2061/3821/1
f 19/3779/1 2061/3821/1 2060/3822/1
f 2060/3822/1 2059/3823/1 19/3779/1
f 19/3779/1 2059/3823/1 2058/3824/1
f 19/3779/1 2058/3824/1 2057/3825/1
f 2057/3825/1 2056/3826/1 19/3779/1
f 19/3779/1 2056/3826/1 2055/3780/1
f 2053/3783/1 2052/3827/1 16/3781/1
f 16/3781/1 2052/3827/1 2051/3828/1
f 16/3781/1 2051/3828/1 2050/3829/1
f 2050/3829/1 2049/3830/1 16/3781/1
f 16/3781/1 2049/3830/1 2048/3831/1
f 16/3781/1 2048/3831/1 2047/3832/1
f 2047/3832/1 2046/3833/1 16/3781/1
f 16/3781/1 2046/3833/1 2045/3834/1
f 16/3781/1 2045/3834/1 2044/3835/1
f 2044/3835/1 2043/3836/1 16/3781/1
f 16/3781/1 2043/3836/1 2042/3837/1
f 16/3781/1 2042/3837/1 2041/3792/1
f 1753/3838/3555 1785/3839/3555 1754/3840/3555
f 1754/3840/3555 1785/3839/3555 1784/3841/3555
f 1754/3840/3555 1784/3841/3555 1783/3842/3555
f 1754/3840/3555 1783/3842/3555 1755/3843/3555
f 1755/3843/3555 1783/3842/3555 1782/3844/3555
f 1755/3843/3555 1782/3844/3555 1756/3845/3555
f 1756/3845/3555 1782/3844/3555 1781/3846/3555
f 1756/3845/3555 1781/3846/3555 1757/3847/3555
f 1757/3847/3555 1781/3846/3555 1780/3848/3555
f 1757/3847/3555 1780/3848/3555 1758/3849/3555
f 1758/3849/3555 1780/3848/3555 1779/3850/3555
f 1758/3849/3555 1779/3850/3555 1759/3851/3555
f 1759/3851/3555 1779/3850/3555 1778/3852/3555
f 1759/3851/3555 1778/3852/3555 1760/3853/3555
f 1760/3853/3555 1778/3852/3555 1777/3854/3555
f 1760/3853/3555 1777/3854/3555 1761/3855/3555
f 1761/3855/3555 1777/3854/3555 1776/3856/3555
f 1761/3855/3555 1776/3856/3555 1762/3857/3555
f 1762/3857/3555 1776/3856/3555 1775/3858/3555
f 1762/3857/3555 1775/3858/3555 1763/3859/3555
f 1763/3859/3555 1775/3858/3555 1774/3860/3555
f 1763/3859/3555 1774/3860/3555 1764/3861/3555
f 1764/3861/3555 1774/3860/3555 1773/3862/3555
f 1764/3861/3555 1773/3862/3555 1765/3863/3555
f 1765/3863/3555 1773/3862/3555 1772/3864/3555
f 1765/3863/3555 1772/3864/3555 1766/3865/3555
f 1766/3865/3555 1772/3864/3555 1771/3866/3555
f 1766/3865/3555 1771/3866/3555 1767/3867/3555
f 1767/3867/3555 1771/3866/3555 1770/3868/3555
f 1767/3867/3555 1770/3868/3555 1768/3869/3555
f 1768/3869/3555 1770/3868/3555 1769/999/3555
f 1839/3457/3556 1838/3870/3556 1807/3459/3556
f 1807/3459/3556 1838/3870/3556 1808/3871/3556
f 1808/3871/3556 1838/3870/3556 1809/3872/3556
f 1809/3872/3556 1838/3870/3556 1837/3873/3556
f 1809/3872/3556 1837/3873/3556 1810/3874/3556
f 1810/3874/3556 1837/3873/3556 1836/3875/3556
f 1810/3874/3556 1836/3875/3556 1811/3876/3556
f 1811/3876/3556 1836/3875/3556 1835/3877/3556
f 1811/3876/3556 1835/3877/3556 1812/3878/3556
f 1812/3878/3556 1835/3877/3556 1834/3879/3556
f 1812/3878/3556 1834/3879/3556 1813/3880/3556
f 1813/3880/3556 1834/3879/3556 1833/3881/3556
f 1813/3880/3556 1833/3881/3556 1814/3882/3556
f 1814/3882/3556 1833/3881/3556 1832/3883/3556
f 1814/3882/3556 1832/3883/3556 1815/3884/3556
f 1815/3884/3556 1832/3883/3556 1831/3885/3556
f 1815/3884/3556 1831/3885/3556 1816/3886/3556
f 1816/3886/3556 1831/3885/3556 1830/3887/3556
f 1816/3886/3556 1830/3887/3556 1817/3888/3556
f 1817/3888/3556 1830/3887/3556 1829/3889/3556
f 1817/3888/3556 1829/3889/3556 1818/3890/3556
f 1818/3890/3556 1829/3889/3556 1828/3891/3556
f 1818/3890/3556 1828/3891/3556 1819/3892/3556
f 1819/3892/3556 1828/3891/3556 1827/3893/3556
f 1819/3892/3556 1827/3893/3556 1820/3894/3556
f 1820/3894/3556 1827/3893/3556 1826/3895/3556
f 1820/3894/3556 1826/3895/3556 1821/3896/3556
f 1821/3896/3556 1826/3895/3556 1825/3897/3556
f 1821/3896/3556 1825/3897/3556 1822/3898/3556
f 1822/3898/3556 1825/3897/3556 1824/3899/3556
f 1822/3898/3556 1824/3899/3556 1823/3900/3556
f 993/3901/8 992/3902/8 931/3903/8
f 931/3903/8 992/3902/8 991/3904/8
f 931/3903/8 991/3904/8 990/3905/8
f 990/3905/8 989/3906/8 931/3903/8
f 931/3903/8 989/3906/8 988/3907/8
f 931/3903/8 988/3907/8 987/3908/8
f 987/3908/8 986/3909/8 931/3903/8
f 931/3903/8 986/3909/8 985/3910/8
f 931/3903/8 985/3910/8 984/3911/8
f 984/3911/8 983/3912/8 931/3903/8
f 931/3903/8 983/3912/8 982/3913/8
f 931/3903/8 982/3913/8 981/3914/8
f 981/3914/8 980/3915/8 931/3903/8
f 931/3903/8 980/3915/8 979/3916/8
f 931/3903/8 979/3916/8 978/3917/8
f 978/3917/8 977/3918/8 931/3903/8
f 931/3903/8 977/3918/8 976/3919/8
f 931/3903/8 976/3919/8 975/3920/8
f 975/3920/8 974/3921/8 931/3903/8
f 931/3903/8 974/3921/8 973/3922/8
f 931/3903/8 973/3922/8 972/3923/8
f 931/3903/8 972/3923/8 932/3924/8
f 932/3924/8 972/3923/8 971/3925/8
f 932/3924/8 971/3925/8 970/3926/8
f 970/3926/8 969/3927/8 932/3924/8
f 932/3924/8 969/3927/8 968/3928/8
f 932/3924/8 968/3928/8 967/3929/8
f 967/3929/8 966/3930/8 932/3924/8
f 932/3924/8 966/3930/8 965/3931/8
f 932/3924/8 965/3931/8 964/3932/8
f 964/3932/8 963/3933/8 932/3924/8
f 932/3924/8 963/3933/8 962/3934/8
f 932/3924/8 962/3934/8 961/3935/8
f 932/3924/8 961/3935/8 933/3936/8
f 933/3936/8 961/3935/8 960/3937/8
f 933/3936/8 960/3937/8 934/3938/8
f 934/3938/8 960/3937/8 959/3939/8
f 934/3938/8 959/3939/8 935/3940/8
f 935/3940/8 959/3939/8 958/3941/8
f 935/3940/8 958/3941/8 936/3942/8
f 936/3942/8 958/3941/8 957/3943/8
f 936/3942/8 957/3943/8 937/3944/8
f 937/3944/8 957/3943/8 956/3945/8
f 937/3944/8 956/3945/8 938/3946/8
f 938/3946/8 956/3945/8 955/3947/8
f 938/3946/8 955/3947/8 939/3948/8
f 939/3948/8 955/3947/8 954/3949/8
f 939/3948/8 954/3949/8 940/3950/8
f 940/3950/8 954/3949/8 953/3951/8
f 940/3950/8 953/3951/8 941/3952/8
f 941/3952/8 953/3951/8 952/3953/8
f 941/3952/8 952/3953/8 942/3954/8
f 942/3954/8 952/3953/8 951/3955/8
f 942/3954/8 951/3955/8 943/3956/8
f 943/3956/8 951/3955/8 950/3957/8
f 943/3956/8 950/3957/8 944/3958/8
f 944/3958/8 950/3957/8 949/3959/8
f 944/3958/8 949/3959/8 945/3960/8
f 945/3960/8 949/3959/8 948/3961/8
f 945/3960/8 948/3961/8 946/3962/8
f 946/3962/8 948/3961/8 947/3963/8
